project_id,size_tier,node_id
0,0,0
0,1,1
0,2,2
0,3,3
0,4,4
0,5,5
1,0,6
1,1,7
1,2,8
1,3,9
1,4,10
1,5,11
2,0,12
2,1,13
2,2,14
2,3,15
2,4,16
2,5,17
3,0,18
3,1,19
3,2,20
3,3,21
3,4,22
3,5,23
4,0,24
4,1,25
4,2,26
4,3,27
4,4,28
4,5,29
5,0,30
5,1,31
5,2,32
5,3,33
5,4,34
5,5,35
6,0,36
6,1,37
6,2,38
6,3,39
6,4,40
6,5,41
7,0,42
7,1,43
7,2,44
7,3,45
7,4,46
7,5,47
8,0,48
8,1,49
8,2,50
8,3,51
8,4,52
8,5,53
9,0,54
9,1,55
9,2,56
9,3,57
9,4,58
9,5,59
10,0,60
10,1,61
10,2,62
10,3,63
10,4,64
10,5,65
11,0,66
11,1,67
11,2,68
11,3,69
11,4,70
11,5,71
12,0,72
12,1,73
12,2,74
12,3,75
12,4,76
12,5,77
13,0,78
13,1,79
13,2,80
13,3,81
13,4,82
13,5,83
14,0,84
14,1,85
14,2,86
14,3,87
14,4,88
14,5,89
15,0,90
15,1,91
15,2,92
15,3,93
15,4,94
15,5,95
16,0,96
16,1,97
16,2,98
16,3,99
16,4,100
16,5,101
17,0,102
17,1,103
17,2,104
17,3,105
17,4,106
17,5,107
18,0,108
18,1,109
18,2,110
18,3,111
18,4,112
18,5,113
19,0,114
19,1,115
19,2,116
19,3,117
19,4,118
19,5,119
20,0,120
20,1,121
20,2,122
20,3,123
20,4,124
20,5,125
21,0,126
21,1,127
21,2,128
21,3,129
21,4,130
21,5,131
22,0,132
22,1,133
22,2,134
22,3,135
22,4,136
22,5,137
23,0,138
23,1,139
23,2,140
23,3,141
23,4,142
23,5,143
24,0,144
24,1,145
24,2,146
24,3,147
24,4,148
24,5,149
25,0,150
25,1,151
25,2,152
25,3,153
25,4,154
25,5,155
26,0,156
26,1,157
26,2,158
26,3,159
26,4,160
26,5,161
27,0,162
27,1,163
27,2,164
27,3,165
27,4,166
27,5,167
28,0,168
28,1,169
28,2,170
28,3,171
28,4,172
28,5,173
29,0,174
29,1,175
29,2,176
29,3,177
29,4,178
29,5,179
30,0,180
30,1,181
30,2,182
30,3,183
30,4,184
30,5,185
31,0,186
31,1,187
31,2,188
31,3,189
31,4,190
31,5,191
32,0,192
32,1,193
32,2,194
32,3,195
32,4,196
32,5,197
33,0,198
33,1,199
33,2,200
33,3,201
33,4,202
33,5,203
34,0,204
34,1,205
34,2,206
34,3,207
34,4,208
34,5,209
35,0,210
35,1,211
35,2,212
35,3,213
35,4,214
35,5,215
36,0,216
36,1,217
36,2,218
36,3,219
36,4,220
36,5,221
37,0,222
37,1,223
37,2,224
37,3,225
37,4,226
37,5,227
38,0,228
38,1,229
38,2,230
38,3,231
38,4,232
38,5,233
39,0,234
39,1,235
39,2,236
39,3,237
39,4,238
39,5,239
40,0,240
40,1,241
40,2,242
40,3,243
40,4,244
40,5,245
41,0,246
41,1,247
41,2,248
41,3,249
41,4,250
41,5,251
42,0,252
42,1,253
42,2,254
42,3,255
42,4,256
42,5,257
43,0,258
43,1,259
43,2,260
43,3,261
43,4,262
43,5,263
44,0,264
44,1,265
44,2,266
44,3,267
44,4,268
44,5,269
45,0,270
45,1,271
45,2,272
45,3,273
45,4,274
45,5,275
46,0,276
46,1,277
46,2,278
46,3,279
46,4,280
46,5,281
47,0,282
47,1,283
47,2,284
47,3,285
47,4,286
47,5,287
48,0,288
48,1,289
48,2,290
48,3,291
48,4,292
48,5,293
49,0,294
49,1,295
49,2,296
49,3,297
49,4,298
49,5,299
50,0,300
50,1,301
50,2,302
50,3,303
50,4,304
50,5,305
51,0,306
51,1,307
51,2,308
51,3,309
51,4,310
51,5,311
52,0,312
52,1,313
52,2,314
52,3,315
52,4,316
52,5,317
53,0,318
53,1,319
53,2,320
53,3,321
53,4,322
53,5,323
54,0,324
54,1,325
54,2,326
54,3,327
54,4,328
54,5,329
55,0,330
55,1,331
55,2,332
55,3,333
55,4,334
55,5,335
56,0,336
56,1,337
56,2,338
56,3,339
56,4,340
56,5,341
57,0,342
57,1,343
57,2,344
57,3,345
57,4,346
57,5,347
58,0,348
58,1,349
58,2,350
58,3,351
58,4,352
58,5,353
59,0,354
59,1,355
59,2,356
59,3,357
59,4,358
59,5,359
60,0,360
60,1,361
60,2,362
60,3,363
60,4,364
60,5,365
61,0,366
61,1,367
61,2,368
61,3,369
61,4,370
61,5,371
62,0,372
62,1,373
62,2,374
62,3,375
62,4,376
62,5,377
63,0,378
63,1,379
63,2,380
63,3,381
63,4,382
63,5,383
64,0,384
64,1,385
64,2,386
64,3,387
64,4,388
64,5,389
65,0,390
65,1,391
65,2,392
65,3,393
65,4,394
65,5,395
66,0,396
66,1,397
66,2,398
66,3,399
66,4,400
66,5,401
67,0,402
67,1,403
67,2,404
67,3,405
67,4,406
67,5,407
68,0,408
68,1,409
68,2,410
68,3,411
68,4,412
68,5,413
69,0,414
69,1,415
69,2,416
69,3,417
69,4,418
69,5,419
70,0,420
70,1,421
70,2,422
70,3,423
70,4,424
70,5,425
71,0,426
71,1,427
71,2,428
71,3,429
71,4,430
71,5,431
72,0,432
72,1,433
72,2,434
72,3,435
72,4,436
72,5,437
73,0,438
73,1,439
73,2,440
73,3,441
73,4,442
73,5,443
74,0,444
74,1,445
74,2,446
74,3,447
74,4,448
74,5,449
75,0,450
75,1,451
75,2,452
75,3,453
75,4,454
75,5,455
76,0,456
76,1,457
76,2,458
76,3,459
76,4,460
76,5,461
77,0,462
77,1,463
77,2,464
77,3,465
77,4,466
77,5,467
78,0,468
78,1,469
78,2,470
78,3,471
78,4,472
78,5,473
79,0,474
79,1,475
79,2,476
79,3,477
79,4,478
79,5,479
80,0,480
80,1,481
80,2,482
80,3,483
80,4,484
80,5,485
81,0,486
81,1,487
81,2,488
81,3,489
81,4,490
81,5,491
82,0,492
82,1,493
82,2,494
82,3,495
82,4,496
82,5,497
83,0,498
83,1,499
83,2,500
83,3,501
83,4,502
83,5,503
84,0,504
84,1,505
84,2,506
84,3,507
84,4,508
84,5,509
85,0,510
85,1,511
85,2,512
85,3,513
85,4,514
85,5,515
86,0,516
86,1,517
86,2,518
86,3,519
86,4,520
86,5,521
87,0,522
87,1,523
87,2,524
87,3,525
87,4,526
87,5,527
88,0,528
88,1,529
88,2,530
88,3,531
88,4,532
88,5,533
89,0,534
89,1,535
89,2,536
89,3,537
89,4,538
89,5,539
90,0,540
90,1,541
90,2,542
90,3,543
90,4,544
90,5,545
91,0,546
91,1,547
91,2,548
91,3,549
91,4,550
91,5,551
92,0,552
92,1,553
92,2,554
92,3,555
92,4,556
92,5,557
93,0,558
93,1,559
93,2,560
93,3,561
93,4,562
93,5,563
94,0,564
94,1,565
94,2,566
94,3,567
94,4,568
94,5,569
95,0,570
95,1,571
95,2,572
95,3,573
95,4,574
95,5,575
96,0,576
96,1,577
96,2,578
96,3,579
96,4,580
96,5,581
97,0,582
97,1,583
97,2,584
97,3,585
97,4,586
97,5,587
98,0,588
98,1,589
98,2,590
98,3,591
98,4,592
98,5,593
99,0,594
99,1,595
99,2,596
99,3,597
99,4,598
99,5,599
100,0,600
100,1,601
100,2,602
100,3,603
100,4,604
100,5,605
101,0,606
101,1,607
101,2,608
101,3,609
101,4,610
101,5,611
102,0,612
102,1,613
102,2,614
102,3,615
102,4,616
102,5,617
103,0,618
103,1,619
103,2,620
103,3,621
103,4,622
103,5,623
104,0,624
104,1,625
104,2,626
104,3,627
104,4,628
104,5,629
105,0,630
105,1,631
105,2,632
105,3,633
105,4,634
105,5,635
106,0,636
106,1,637
106,2,638
106,3,639
106,4,640
106,5,641
107,0,642
107,1,643
107,2,644
107,3,645
107,4,646
107,5,647
108,0,648
108,1,649
108,2,650
108,3,651
108,4,652
108,5,653
109,0,654
109,1,655
109,2,656
109,3,657
109,4,658
109,5,659
110,0,660
110,1,661
110,2,662
110,3,663
110,4,664
110,5,665
111,0,666
111,1,667
111,2,668
111,3,669
111,4,670
111,5,671
112,0,672
112,1,673
112,2,674
112,3,675
112,4,676
112,5,677
113,0,678
113,1,679
113,2,680
113,3,681
113,4,682
113,5,683
114,0,684
114,1,685
114,2,686
114,3,687
114,4,688
114,5,689
115,0,690
115,1,691
115,2,692
115,3,693
115,4,694
115,5,695
116,0,696
116,1,697
116,2,698
116,3,699
116,4,700
116,5,701
117,0,702
117,1,703
117,2,704
117,3,705
117,4,706
117,5,707
118,0,708
118,1,709
118,2,710
118,3,711
118,4,712
118,5,713
119,0,714
119,1,715
119,2,716
119,3,717
119,4,718
119,5,719
120,0,720
120,1,721
120,2,722
120,3,723
120,4,724
120,5,725
121,0,726
121,1,727
121,2,728
121,3,729
121,4,730
121,5,731
122,0,732
122,1,733
122,2,734
122,3,735
122,4,736
122,5,737
123,0,738
123,1,739
123,2,740
123,3,741
123,4,742
123,5,743
124,0,744
124,1,745
124,2,746
124,3,747
124,4,748
124,5,749
125,0,750
125,1,751
125,2,752
125,3,753
125,4,754
125,5,755
126,0,756
126,1,757
126,2,758
126,3,759
126,4,760
126,5,761
127,0,762
127,1,763
127,2,764
127,3,765
127,4,766
127,5,767
128,0,768
128,1,769
128,2,770
128,3,771
128,4,772
128,5,773
129,0,774
129,1,775
129,2,776
129,3,777
129,4,778
129,5,779
130,0,780
130,1,781
130,2,782
130,3,783
130,4,784
130,5,785
131,0,786
131,1,787
131,2,788
131,3,789
131,4,790
131,5,791
132,0,792
132,1,793
132,2,794
132,3,795
132,4,796
132,5,797
133,0,798
133,1,799
133,2,800
133,3,801
133,4,802
133,5,803
134,0,804
134,1,805
134,2,806
134,3,807
134,4,808
134,5,809
135,0,810
135,1,811
135,2,812
135,3,813
135,4,814
135,5,815
136,0,816
136,1,817
136,2,818
136,3,819
136,4,820
136,5,821
137,0,822
137,1,823
137,2,824
137,3,825
137,4,826
137,5,827
138,0,828
138,1,829
138,2,830
138,3,831
138,4,832
138,5,833
139,0,834
139,1,835
139,2,836
139,3,837
139,4,838
139,5,839
140,0,840
140,1,841
140,2,842
140,3,843
140,4,844
140,5,845
141,0,846
141,1,847
141,2,848
141,3,849
141,4,850
141,5,851
142,0,852
142,1,853
142,2,854
142,3,855
142,4,856
142,5,857
143,0,858
143,1,859
143,2,860
143,3,861
143,4,862
143,5,863
144,0,864
144,1,865
144,2,866
144,3,867
144,4,868
144,5,869
145,0,870
145,1,871
145,2,872
145,3,873
145,4,874
145,5,875
146,0,876
146,1,877
146,2,878
146,3,879
146,4,880
146,5,881
147,0,882
147,1,883
147,2,884
147,3,885
147,4,886
147,5,887
148,0,888
148,1,889
148,2,890
148,3,891
148,4,892
148,5,893
149,0,894
149,1,895
149,2,896
149,3,897
149,4,898
149,5,899
150,0,900
150,1,901
150,2,902
150,3,903
150,4,904
150,5,905
151,0,906
151,1,907
151,2,908
151,3,909
151,4,910
151,5,911
152,0,912
152,1,913
152,2,914
152,3,915
152,4,916
152,5,917
153,0,918
153,1,919
153,2,920
153,3,921
153,4,922
153,5,923
154,0,924
154,1,925
154,2,926
154,3,927
154,4,928
154,5,929
155,0,930
155,1,931
155,2,932
155,3,933
155,4,934
155,5,935
156,0,936
156,1,937
156,2,938
156,3,939
156,4,940
156,5,941
157,0,942
157,1,943
157,2,944
157,3,945
157,4,946
157,5,947
158,0,948
158,1,949
158,2,950
158,3,951
158,4,952
158,5,953
159,0,954
159,1,955
159,2,956
159,3,957
159,4,958
159,5,959
160,0,960
160,1,961
160,2,962
160,3,963
160,4,964
160,5,965
161,0,966
161,1,967
161,2,968
161,3,969
161,4,970
161,5,971
162,0,972
162,1,973
162,2,974
162,3,975
162,4,976
162,5,977
163,0,978
163,1,979
163,2,980
163,3,981
163,4,982
163,5,983
164,0,984
164,1,985
164,2,986
164,3,987
164,4,988
164,5,989
165,0,990
165,1,991
165,2,992
165,3,993
165,4,994
165,5,995
166,0,996
166,1,997
166,2,998
166,3,999
166,4,1000
166,5,1001
167,0,1002
167,1,1003
167,2,1004
167,3,1005
167,4,1006
167,5,1007
168,0,1008
168,1,1009
168,2,1010
168,3,1011
168,4,1012
168,5,1013
169,0,1014
169,1,1015
169,2,1016
169,3,1017
169,4,1018
169,5,1019
170,0,1020
170,1,1021
170,2,1022
170,3,1023
170,4,1024
170,5,1025
171,0,1026
171,1,1027
171,2,1028
171,3,1029
171,4,1030
171,5,1031
172,0,1032
172,1,1033
172,2,1034
172,3,1035
172,4,1036
172,5,1037
173,0,1038
173,1,1039
173,2,1040
173,3,1041
173,4,1042
173,5,1043
174,0,1044
174,1,1045
174,2,1046
174,3,1047
174,4,1048
174,5,1049
175,0,1050
175,1,1051
175,2,1052
175,3,1053
175,4,1054
175,5,1055
176,0,1056
176,1,1057
176,2,1058
176,3,1059
176,4,1060
176,5,1061
177,0,1062
177,1,1063
177,2,1064
177,3,1065
177,4,1066
177,5,1067
178,0,1068
178,1,1069
178,2,1070
178,3,1071
178,4,1072
178,5,1073
179,0,1074
179,1,1075
179,2,1076
179,3,1077
179,4,1078
179,5,1079
180,0,1080
180,1,1081
180,2,1082
180,3,1083
180,4,1084
180,5,1085
181,0,1086
181,1,1087
181,2,1088
181,3,1089
181,4,1090
181,5,1091
182,0,1092
182,1,1093
182,2,1094
182,3,1095
182,4,1096
182,5,1097
183,0,1098
183,1,1099
183,2,1100
183,3,1101
183,4,1102
183,5,1103
184,0,1104
184,1,1105
184,2,1106
184,3,1107
184,4,1108
184,5,1109
185,0,1110
185,1,1111
185,2,1112
185,3,1113
185,4,1114
185,5,1115
186,0,1116
186,1,1117
186,2,1118
186,3,1119
186,4,1120
186,5,1121
187,0,1122
187,1,1123
187,2,1124
187,3,1125
187,4,1126
187,5,1127
188,0,1128
188,1,1129
188,2,1130
188,3,1131
188,4,1132
188,5,1133
189,0,1134
189,1,1135
189,2,1136
189,3,1137
189,4,1138
189,5,1139
190,0,1140
190,1,1141
190,2,1142
190,3,1143
190,4,1144
190,5,1145
191,0,1146
191,1,1147
191,2,1148
191,3,1149
191,4,1150
191,5,1151
192,0,1152
192,1,1153
192,2,1154
192,3,1155
192,4,1156
192,5,1157
193,0,1158
193,1,1159
193,2,1160
193,3,1161
193,4,1162
193,5,1163
194,0,1164
194,1,1165
194,2,1166
194,3,1167
194,4,1168
194,5,1169
195,0,1170
195,1,1171
195,2,1172
195,3,1173
195,4,1174
195,5,1175
196,0,1176
196,1,1177
196,2,1178
196,3,1179
196,4,1180
196,5,1181
197,0,1182
197,1,1183
197,2,1184
197,3,1185
197,4,1186
197,5,1187
198,0,1188
198,1,1189
198,2,1190
198,3,1191
198,4,1192
198,5,1193
199,0,1194
199,1,1195
199,2,1196
199,3,1197
199,4,1198
199,5,1199
200,0,1200
200,1,1201
200,2,1202
200,3,1203
200,4,1204
200,5,1205
201,0,1206
201,1,1207
201,2,1208
201,3,1209
201,4,1210
201,5,1211
202,0,1212
202,1,1213
202,2,1214
202,3,1215
202,4,1216
202,5,1217
203,0,1218
203,1,1219
203,2,1220
203,3,1221
203,4,1222
203,5,1223
204,0,1224
204,1,1225
204,2,1226
204,3,1227
204,4,1228
204,5,1229
205,0,1230
205,1,1231
205,2,1232
205,3,1233
205,4,1234
205,5,1235
206,0,1236
206,1,1237
206,2,1238
206,3,1239
206,4,1240
206,5,1241
207,0,1242
207,1,1243
207,2,1244
207,3,1245
207,4,1246
207,5,1247
208,0,1248
208,1,1249
208,2,1250
208,3,1251
208,4,1252
208,5,1253
209,0,1254
209,1,1255
209,2,1256
209,3,1257
209,4,1258
209,5,1259
210,0,1260
210,1,1261
210,2,1262
210,3,1263
210,4,1264
210,5,1265
211,0,1266
211,1,1267
211,2,1268
211,3,1269
211,4,1270
211,5,1271
212,0,1272
212,1,1273
212,2,1274
212,3,1275
212,4,1276
212,5,1277
213,0,1278
213,1,1279
213,2,1280
213,3,1281
213,4,1282
213,5,1283
214,0,1284
214,1,1285
214,2,1286
214,3,1287
214,4,1288
214,5,1289
215,0,1290
215,1,1291
215,2,1292
215,3,1293
215,4,1294
215,5,1295
216,0,1296
216,1,1297
216,2,1298
216,3,1299
216,4,1300
216,5,1301
217,0,1302
217,1,1303
217,2,1304
217,3,1305
217,4,1306
217,5,1307
218,0,1308
218,1,1309
218,2,1310
218,3,1311
218,4,1312
218,5,1313
219,0,1314
219,1,1315
219,2,1316
219,3,1317
219,4,1318
219,5,1319
220,0,1320
220,1,1321
220,2,1322
220,3,1323
220,4,1324
220,5,1325
221,0,1326
221,1,1327
221,2,1328
221,3,1329
221,4,1330
221,5,1331
222,0,1332
222,1,1333
222,2,1334
222,3,1335
222,4,1336
222,5,1337
223,0,1338
223,1,1339
223,2,1340
223,3,1341
223,4,1342
223,5,1343
224,0,1344
224,1,1345
224,2,1346
224,3,1347
224,4,1348
224,5,1349
225,0,1350
225,1,1351
225,2,1352
225,3,1353
225,4,1354
225,5,1355
226,0,1356
226,1,1357
226,2,1358
226,3,1359
226,4,1360
226,5,1361
227,0,1362
227,1,1363
227,2,1364
227,3,1365
227,4,1366
227,5,1367
228,0,1368
228,1,1369
228,2,1370
228,3,1371
228,4,1372
228,5,1373
229,0,1374
229,1,1375
229,2,1376
229,3,1377
229,4,1378
229,5,1379
230,0,1380
230,1,1381
230,2,1382
230,3,1383
230,4,1384
230,5,1385
231,0,1386
231,1,1387
231,2,1388
231,3,1389
231,4,1390
231,5,1391
232,0,1392
232,1,1393
232,2,1394
232,3,1395
232,4,1396
232,5,1397
233,0,1398
233,1,1399
233,2,1400
233,3,1401
233,4,1402
233,5,1403
234,0,1404
234,1,1405
234,2,1406
234,3,1407
234,4,1408
234,5,1409
235,0,1410
235,1,1411
235,2,1412
235,3,1413
235,4,1414
235,5,1415
236,0,1416
236,1,1417
236,2,1418
236,3,1419
236,4,1420
236,5,1421
237,0,1422
237,1,1423
237,2,1424
237,3,1425
237,4,1426
237,5,1427
238,0,1428
238,1,1429
238,2,1430
238,3,1431
238,4,1432
238,5,1433
239,0,1434
239,1,1435
239,2,1436
239,3,1437
239,4,1438
239,5,1439
240,0,1440
240,1,1441
240,2,1442
240,3,1443
240,4,1444
240,5,1445
241,0,1446
241,1,1447
241,2,1448
241,3,1449
241,4,1450
241,5,1451
242,0,1452
242,1,1453
242,2,1454
242,3,1455
242,4,1456
242,5,1457
243,0,1458
243,1,1459
243,2,1460
243,3,1461
243,4,1462
243,5,1463
244,0,1464
244,1,1465
244,2,1466
244,3,1467
244,4,1468
244,5,1469
245,0,1470
245,1,1471
245,2,1472
245,3,1473
245,4,1474
245,5,1475
246,0,1476
246,1,1477
246,2,1478
246,3,1479
246,4,1480
246,5,1481
247,0,1482
247,1,1483
247,2,1484
247,3,1485
247,4,1486
247,5,1487
248,0,1488
248,1,1489
248,2,1490
248,3,1491
248,4,1492
248,5,1493
249,0,1494
249,1,1495
249,2,1496
249,3,1497
249,4,1498
249,5,1499
250,0,1500
250,1,1501
250,2,1502
250,3,1503
250,4,1504
250,5,1505
251,0,1506
251,1,1507
251,2,1508
251,3,1509
251,4,1510
251,5,1511
252,0,1512
252,1,1513
252,2,1514
252,3,1515
252,4,1516
252,5,1517
253,0,1518
253,1,1519
253,2,1520
253,3,1521
253,4,1522
253,5,1523
254,0,1524
254,1,1525
254,2,1526
254,3,1527
254,4,1528
254,5,1529
255,0,1530
255,1,1531
255,2,1532
255,3,1533
255,4,1534
255,5,1535
256,0,1536
256,1,1537
256,2,1538
256,3,1539
256,4,1540
256,5,1541
257,0,1542
257,1,1543
257,2,1544
257,3,1545
257,4,1546
257,5,1547
258,0,1548
258,1,1549
258,2,1550
258,3,1551
258,4,1552
258,5,1553
259,0,1554
259,1,1555
259,2,1556
259,3,1557
259,4,1558
259,5,1559
260,0,1560
260,1,1561
260,2,1562
260,3,1563
260,4,1564
260,5,1565
261,0,1566
261,1,1567
261,2,1568
261,3,1569
261,4,1570
261,5,1571
262,0,1572
262,1,1573
262,2,1574
262,3,1575
262,4,1576
262,5,1577
263,0,1578
263,1,1579
263,2,1580
263,3,1581
263,4,1582
263,5,1583
264,0,1584
264,1,1585
264,2,1586
264,3,1587
264,4,1588
264,5,1589
265,0,1590
265,1,1591
265,2,1592
265,3,1593
265,4,1594
265,5,1595
266,0,1596
266,1,1597
266,2,1598
266,3,1599
266,4,1600
266,5,1601
267,0,1602
267,1,1603
267,2,1604
267,3,1605
267,4,1606
267,5,1607
268,0,1608
268,1,1609
268,2,1610
268,3,1611
268,4,1612
268,5,1613
269,0,1614
269,1,1615
269,2,1616
269,3,1617
269,4,1618
269,5,1619
270,0,1620
270,1,1621
270,2,1622
270,3,1623
270,4,1624
270,5,1625
271,0,1626
271,1,1627
271,2,1628
271,3,1629
271,4,1630
271,5,1631
272,0,1632
272,1,1633
272,2,1634
272,3,1635
272,4,1636
272,5,1637
273,0,1638
273,1,1639
273,2,1640
273,3,1641
273,4,1642
273,5,1643
274,0,1644
274,1,1645
274,2,1646
274,3,1647
274,4,1648
274,5,1649
275,0,1650
275,1,1651
275,2,1652
275,3,1653
275,4,1654
275,5,1655
276,0,1656
276,1,1657
276,2,1658
276,3,1659
276,4,1660
276,5,1661
277,0,1662
277,1,1663
277,2,1664
277,3,1665
277,4,1666
277,5,1667
278,0,1668
278,1,1669
278,2,1670
278,3,1671
278,4,1672
278,5,1673
279,0,1674
279,1,1675
279,2,1676
279,3,1677
279,4,1678
279,5,1679
280,0,1680
280,1,1681
280,2,1682
280,3,1683
280,4,1684
280,5,1685
281,0,1686
281,1,1687
281,2,1688
281,3,1689
281,4,1690
281,5,1691
282,0,1692
282,1,1693
282,2,1694
282,3,1695
282,4,1696
282,5,1697
283,0,1698
283,1,1699
283,2,1700
283,3,1701
283,4,1702
283,5,1703
284,0,1704
284,1,1705
284,2,1706
284,3,1707
284,4,1708
284,5,1709
285,0,1710
285,1,1711
285,2,1712
285,3,1713
285,4,1714
285,5,1715
286,0,1716
286,1,1717
286,2,1718
286,3,1719
286,4,1720
286,5,1721
287,0,1722
287,1,1723
287,2,1724
287,3,1725
287,4,1726
287,5,1727
288,0,1728
288,1,1729
288,2,1730
288,3,1731
288,4,1732
288,5,1733
289,0,1734
289,1,1735
289,2,1736
289,3,1737
289,4,1738
289,5,1739
290,0,1740
290,1,1741
290,2,1742
290,3,1743
290,4,1744
290,5,1745
291,0,1746
291,1,1747
291,2,1748
291,3,1749
291,4,1750
291,5,1751
292,0,1752
292,1,1753
292,2,1754
292,3,1755
292,4,1756
292,5,1757
293,0,1758
293,1,1759
293,2,1760
293,3,1761
293,4,1762
293,5,1763
294,0,1764
294,1,1765
294,2,1766
294,3,1767
294,4,1768
294,5,1769
295,0,1770
295,1,1771
295,2,1772
295,3,1773
295,4,1774
295,5,1775
296,0,1776
296,1,1777
296,2,1778
296,3,1779
296,4,1780
296,5,1781
297,0,1782
297,1,1783
297,2,1784
297,3,1785
297,4,1786
297,5,1787
298,0,1788
298,1,1789
298,2,1790
298,3,1791
298,4,1792
298,5,1793
299,0,1794
299,1,1795
299,2,1796
299,3,1797
299,4,1798
299,5,1799
300,0,1800
300,1,1801
300,2,1802
300,3,1803
300,4,1804
300,5,1805
301,0,1806
301,1,1807
301,2,1808
301,3,1809
301,4,1810
301,5,1811
302,0,1812
302,1,1813
302,2,1814
302,3,1815
302,4,1816
302,5,1817
303,0,1818
303,1,1819
303,2,1820
303,3,1821
303,4,1822
303,5,1823
304,0,1824
304,1,1825
304,2,1826
304,3,1827
304,4,1828
304,5,1829
305,0,1830
305,1,1831
305,2,1832
305,3,1833
305,4,1834
305,5,1835
306,0,1836
306,1,1837
306,2,1838
306,3,1839
306,4,1840
306,5,1841
307,0,1842
307,1,1843
307,2,1844
307,3,1845
307,4,1846
307,5,1847
308,0,1848
308,1,1849
308,2,1850
308,3,1851
308,4,1852
308,5,1853
309,0,1854
309,1,1855
309,2,1856
309,3,1857
309,4,1858
309,5,1859
310,0,1860
310,1,1861
310,2,1862
310,3,1863
310,4,1864
310,5,1865
311,0,1866
311,1,1867
311,2,1868
311,3,1869
311,4,1870
311,5,1871
312,0,1872
312,1,1873
312,2,1874
312,3,1875
312,4,1876
312,5,1877
313,0,1878
313,1,1879
313,2,1880
313,3,1881
313,4,1882
313,5,1883
314,0,1884
314,1,1885
314,2,1886
314,3,1887
314,4,1888
314,5,1889
315,0,1890
315,1,1891
315,2,1892
315,3,1893
315,4,1894
315,5,1895
316,0,1896
316,1,1897
316,2,1898
316,3,1899
316,4,1900
316,5,1901
317,0,1902
317,1,1903
317,2,1904
317,3,1905
317,4,1906
317,5,1907
318,0,1908
318,1,1909
318,2,1910
318,3,1911
318,4,1912
318,5,1913
319,0,1914
319,1,1915
319,2,1916
319,3,1917
319,4,1918
319,5,1919
320,0,1920
320,1,1921
320,2,1922
320,3,1923
320,4,1924
320,5,1925
321,0,1926
321,1,1927
321,2,1928
321,3,1929
321,4,1930
321,5,1931
322,0,1932
322,1,1933
322,2,1934
322,3,1935
322,4,1936
322,5,1937
323,0,1938
323,1,1939
323,2,1940
323,3,1941
323,4,1942
323,5,1943
324,0,1944
324,1,1945
324,2,1946
324,3,1947
324,4,1948
324,5,1949
325,0,1950
325,1,1951
325,2,1952
325,3,1953
325,4,1954
325,5,1955
326,0,1956
326,1,1957
326,2,1958
326,3,1959
326,4,1960
326,5,1961
327,0,1962
327,1,1963
327,2,1964
327,3,1965
327,4,1966
327,5,1967
328,0,1968
328,1,1969
328,2,1970
328,3,1971
328,4,1972
328,5,1973
329,0,1974
329,1,1975
329,2,1976
329,3,1977
329,4,1978
329,5,1979
330,0,1980
330,1,1981
330,2,1982
330,3,1983
330,4,1984
330,5,1985
331,0,1986
331,1,1987
331,2,1988
331,3,1989
331,4,1990
331,5,1991
332,0,1992
332,1,1993
332,2,1994
332,3,1995
332,4,1996
332,5,1997
333,0,1998
333,1,1999
333,2,2000
333,3,2001
333,4,2002
333,5,2003
334,0,2004
334,1,2005
334,2,2006
334,3,2007
334,4,2008
334,5,2009
335,0,2010
335,1,2011
335,2,2012
335,3,2013
335,4,2014
335,5,2015
336,0,2016
336,1,2017
336,2,2018
336,3,2019
336,4,2020
336,5,2021
337,0,2022
337,1,2023
337,2,2024
337,3,2025
337,4,2026
337,5,2027
338,0,2028
338,1,2029
338,2,2030
338,3,2031
338,4,2032
338,5,2033
339,0,2034
339,1,2035
339,2,2036
339,3,2037
339,4,2038
339,5,2039
340,0,2040
340,1,2041
340,2,2042
340,3,2043
340,4,2044
340,5,2045
341,0,2046
341,1,2047
341,2,2048
341,3,2049
341,4,2050
341,5,2051
342,0,2052
342,1,2053
342,2,2054
342,3,2055
342,4,2056
342,5,2057
343,0,2058
343,1,2059
343,2,2060
343,3,2061
343,4,2062
343,5,2063
344,0,2064
344,1,2065
344,2,2066
344,3,2067
344,4,2068
344,5,2069
345,0,2070
345,1,2071
345,2,2072
345,3,2073
345,4,2074
345,5,2075
346,0,2076
346,1,2077
346,2,2078
346,3,2079
346,4,2080
346,5,2081
347,0,2082
347,1,2083
347,2,2084
347,3,2085
347,4,2086
347,5,2087
348,0,2088
348,1,2089
348,2,2090
348,3,2091
348,4,2092
348,5,2093
349,0,2094
349,1,2095
349,2,2096
349,3,2097
349,4,2098
349,5,2099
350,0,2100
350,1,2101
350,2,2102
350,3,2103
350,4,2104
350,5,2105
351,0,2106
351,1,2107
351,2,2108
351,3,2109
351,4,2110
351,5,2111
352,0,2112
352,1,2113
352,2,2114
352,3,2115
352,4,2116
352,5,2117
353,0,2118
353,1,2119
353,2,2120
353,3,2121
353,4,2122
353,5,2123
354,0,2124
354,1,2125
354,2,2126
354,3,2127
354,4,2128
354,5,2129
355,0,2130
355,1,2131
355,2,2132
355,3,2133
355,4,2134
355,5,2135
356,0,2136
356,1,2137
356,2,2138
356,3,2139
356,4,2140
356,5,2141
357,0,2142
357,1,2143
357,2,2144
357,3,2145
357,4,2146
357,5,2147
358,0,2148
358,1,2149
358,2,2150
358,3,2151
358,4,2152
358,5,2153
359,0,2154
359,1,2155
359,2,2156
359,3,2157
359,4,2158
359,5,2159
360,0,2160
360,1,2161
360,2,2162
360,3,2163
360,4,2164
360,5,2165
361,0,2166
361,1,2167
361,2,2168
361,3,2169
361,4,2170
361,5,2171
362,0,2172
362,1,2173
362,2,2174
362,3,2175
362,4,2176
362,5,2177
363,0,2178
363,1,2179
363,2,2180
363,3,2181
363,4,2182
363,5,2183
364,0,2184
364,1,2185
364,2,2186
364,3,2187
364,4,2188
364,5,2189
365,0,2190
365,1,2191
365,2,2192
365,3,2193
365,4,2194
365,5,2195
366,0,2196
366,1,2197
366,2,2198
366,3,2199
366,4,2200
366,5,2201
367,0,2202
367,1,2203
367,2,2204
367,3,2205
367,4,2206
367,5,2207
368,0,2208
368,1,2209
368,2,2210
368,3,2211
368,4,2212
368,5,2213
369,0,2214
369,1,2215
369,2,2216
369,3,2217
369,4,2218
369,5,2219
370,0,2220
370,1,2221
370,2,2222
370,3,2223
370,4,2224
370,5,2225
371,0,2226
371,1,2227
371,2,2228
371,3,2229
371,4,2230
371,5,2231
372,0,2232
372,1,2233
372,2,2234
372,3,2235
372,4,2236
372,5,2237
373,0,2238
373,1,2239
373,2,2240
373,3,2241
373,4,2242
373,5,2243
374,0,2244
374,1,2245
374,2,2246
374,3,2247
374,4,2248
374,5,2249
375,0,2250
375,1,2251
375,2,2252
375,3,2253
375,4,2254
375,5,2255
376,0,2256
376,1,2257
376,2,2258
376,3,2259
376,4,2260
376,5,2261
377,0,2262
377,1,2263
377,2,2264
377,3,2265
377,4,2266
377,5,2267
378,0,2268
378,1,2269
378,2,2270
378,3,2271
378,4,2272
378,5,2273
379,0,2274
379,1,2275
379,2,2276
379,3,2277
379,4,2278
379,5,2279
380,0,2280
380,1,2281
380,2,2282
380,3,2283
380,4,2284
380,5,2285
381,0,2286
381,1,2287
381,2,2288
381,3,2289
381,4,2290
381,5,2291
382,0,2292
382,1,2293
382,2,2294
382,3,2295
382,4,2296
382,5,2297
383,0,2298
383,1,2299
383,2,2300
383,3,2301
383,4,2302
383,5,2303
384,0,2304
384,1,2305
384,2,2306
384,3,2307
384,4,2308
384,5,2309
385,0,2310
385,1,2311
385,2,2312
385,3,2313
385,4,2314
385,5,2315
386,0,2316
386,1,2317
386,2,2318
386,3,2319
386,4,2320
386,5,2321
387,0,2322
387,1,2323
387,2,2324
387,3,2325
387,4,2326
387,5,2327
388,0,2328
388,1,2329
388,2,2330
388,3,2331
388,4,2332
388,5,2333
389,0,2334
389,1,2335
389,2,2336
389,3,2337
389,4,2338
389,5,2339
390,0,2340
390,1,2341
390,2,2342
390,3,2343
390,4,2344
390,5,2345
391,0,2346
391,1,2347
391,2,2348
391,3,2349
391,4,2350
391,5,2351
392,0,2352
392,1,2353
392,2,2354
392,3,2355
392,4,2356
392,5,2357
393,0,2358
393,1,2359
393,2,2360
393,3,2361
393,4,2362
393,5,2363
394,0,2364
394,1,2365
394,2,2366
394,3,2367
394,4,2368
394,5,2369
395,0,2370
395,1,2371
395,2,2372
395,3,2373
395,4,2374
395,5,2375
396,0,2376
396,1,2377
396,2,2378
396,3,2379
396,4,2380
396,5,2381
397,0,2382
397,1,2383
397,2,2384
397,3,2385
397,4,2386
397,5,2387
398,0,2388
398,1,2389
398,2,2390
398,3,2391
398,4,2392
398,5,2393
399,0,2394
399,1,2395
399,2,2396
399,3,2397
399,4,2398
399,5,2399
400,0,2400
400,1,2401
400,2,2402
400,3,2403
400,4,2404
400,5,2405
401,0,2406
401,1,2407
401,2,2408
401,3,2409
401,4,2410
401,5,2411
402,0,2412
402,1,2413
402,2,2414
402,3,2415
402,4,2416
402,5,2417
403,0,2418
403,1,2419
403,2,2420
403,3,2421
403,4,2422
403,5,2423
404,0,2424
404,1,2425
404,2,2426
404,3,2427
404,4,2428
404,5,2429
405,0,2430
405,1,2431
405,2,2432
405,3,2433
405,4,2434
405,5,2435
406,0,2436
406,1,2437
406,2,2438
406,3,2439
406,4,2440
406,5,2441
407,0,2442
407,1,2443
407,2,2444
407,3,2445
407,4,2446
407,5,2447
408,0,2448
408,1,2449
408,2,2450
408,3,2451
408,4,2452
408,5,2453
409,0,2454
409,1,2455
409,2,2456
409,3,2457
409,4,2458
409,5,2459
410,0,2460
410,1,2461
410,2,2462
410,3,2463
410,4,2464
410,5,2465
411,0,2466
411,1,2467
411,2,2468
411,3,2469
411,4,2470
411,5,2471
412,0,2472
412,1,2473
412,2,2474
412,3,2475
412,4,2476
412,5,2477
413,0,2478
413,1,2479
413,2,2480
413,3,2481
413,4,2482
413,5,2483
414,0,2484
414,1,2485
414,2,2486
414,3,2487
414,4,2488
414,5,2489
415,0,2490
415,1,2491
415,2,2492
415,3,2493
415,4,2494
415,5,2495
416,0,2496
416,1,2497
416,2,2498
416,3,2499
416,4,2500
416,5,2501
417,0,2502
417,1,2503
417,2,2504
417,3,2505
417,4,2506
417,5,2507
418,0,2508
418,1,2509
418,2,2510
418,3,2511
418,4,2512
418,5,2513
419,0,2514
419,1,2515
419,2,2516
419,3,2517
419,4,2518
419,5,2519
420,0,2520
420,1,2521
420,2,2522
420,3,2523
420,4,2524
420,5,2525
421,0,2526
421,1,2527
421,2,2528
421,3,2529
421,4,2530
421,5,2531
422,0,2532
422,1,2533
422,2,2534
422,3,2535
422,4,2536
422,5,2537
423,0,2538
423,1,2539
423,2,2540
423,3,2541
423,4,2542
423,5,2543
424,0,2544
424,1,2545
424,2,2546
424,3,2547
424,4,2548
424,5,2549
425,0,2550
425,1,2551
425,2,2552
425,3,2553
425,4,2554
425,5,2555
426,0,2556
426,1,2557
426,2,2558
426,3,2559
426,4,2560
426,5,2561
427,0,2562
427,1,2563
427,2,2564
427,3,2565
427,4,2566
427,5,2567
428,0,2568
428,1,2569
428,2,2570
428,3,2571
428,4,2572
428,5,2573
429,0,2574
429,1,2575
429,2,2576
429,3,2577
429,4,2578
429,5,2579
430,0,2580
430,1,2581
430,2,2582
430,3,2583
430,4,2584
430,5,2585
431,0,2586
431,1,2587
431,2,2588
431,3,2589
431,4,2590
431,5,2591
432,0,2592
432,1,2593
432,2,2594
432,3,2595
432,4,2596
432,5,2597
433,0,2598
433,1,2599
433,2,2600
433,3,2601
433,4,2602
433,5,2603
434,0,2604
434,1,2605
434,2,2606
434,3,2607
434,4,2608
434,5,2609
435,0,2610
435,1,2611
435,2,2612
435,3,2613
435,4,2614
435,5,2615
436,0,2616
436,1,2617
436,2,2618
436,3,2619
436,4,2620
436,5,2621
437,0,2622
437,1,2623
437,2,2624
437,3,2625
437,4,2626
437,5,2627
438,0,2628
438,1,2629
438,2,2630
438,3,2631
438,4,2632
438,5,2633
439,0,2634
439,1,2635
439,2,2636
439,3,2637
439,4,2638
439,5,2639
440,0,2640
440,1,2641
440,2,2642
440,3,2643
440,4,2644
440,5,2645
441,0,2646
441,1,2647
441,2,2648
441,3,2649
441,4,2650
441,5,2651
442,0,2652
442,1,2653
442,2,2654
442,3,2655
442,4,2656
442,5,2657
443,0,2658
443,1,2659
443,2,2660
443,3,2661
443,4,2662
443,5,2663
444,0,2664
444,1,2665
444,2,2666
444,3,2667
444,4,2668
444,5,2669
445,0,2670
445,1,2671
445,2,2672
445,3,2673
445,4,2674
445,5,2675
446,0,2676
446,1,2677
446,2,2678
446,3,2679
446,4,2680
446,5,2681
447,0,2682
447,1,2683
447,2,2684
447,3,2685
447,4,2686
447,5,2687
448,0,2688
448,1,2689
448,2,2690
448,3,2691
448,4,2692
448,5,2693
449,0,2694
449,1,2695
449,2,2696
449,3,2697
449,4,2698
449,5,2699
450,0,2700
450,1,2701
450,2,2702
450,3,2703
450,4,2704
450,5,2705
451,0,2706
451,1,2707
451,2,2708
451,3,2709
451,4,2710
451,5,2711
452,0,2712
452,1,2713
452,2,2714
452,3,2715
452,4,2716
452,5,2717
453,0,2718
453,1,2719
453,2,2720
453,3,2721
453,4,2722
453,5,2723
454,0,2724
454,1,2725
454,2,2726
454,3,2727
454,4,2728
454,5,2729
455,0,2730
455,1,2731
455,2,2732
455,3,2733
455,4,2734
455,5,2735
456,0,2736
456,1,2737
456,2,2738
456,3,2739
456,4,2740
456,5,2741
457,0,2742
457,1,2743
457,2,2744
457,3,2745
457,4,2746
457,5,2747
458,0,2748
458,1,2749
458,2,2750
458,3,2751
458,4,2752
458,5,2753
459,0,2754
459,1,2755
459,2,2756
459,3,2757
459,4,2758
459,5,2759
460,0,2760
460,1,2761
460,2,2762
460,3,2763
460,4,2764
460,5,2765
461,0,2766
461,1,2767
461,2,2768
461,3,2769
461,4,2770
461,5,2771
462,0,2772
462,1,2773
462,2,2774
462,3,2775
462,4,2776
462,5,2777
463,0,2778
463,1,2779
463,2,2780
463,3,2781
463,4,2782
463,5,2783
464,0,2784
464,1,2785
464,2,2786
464,3,2787
464,4,2788
464,5,2789
465,0,2790
465,1,2791
465,2,2792
465,3,2793
465,4,2794
465,5,2795
466,0,2796
466,1,2797
466,2,2798
466,3,2799
466,4,2800
466,5,2801
467,0,2802
467,1,2803
467,2,2804
467,3,2805
467,4,2806
467,5,2807
468,0,2808
468,1,2809
468,2,2810
468,3,2811
468,4,2812
468,5,2813
469,0,2814
469,1,2815
469,2,2816
469,3,2817
469,4,2818
469,5,2819
470,0,2820
470,1,2821
470,2,2822
470,3,2823
470,4,2824
470,5,2825
471,0,2826
471,1,2827
471,2,2828
471,3,2829
471,4,2830
471,5,2831
472,0,2832
472,1,2833
472,2,2834
472,3,2835
472,4,2836
472,5,2837
473,0,2838
473,1,2839
473,2,2840
473,3,2841
473,4,2842
473,5,2843
474,0,2844
474,1,2845
474,2,2846
474,3,2847
474,4,2848
474,5,2849
475,0,2850
475,1,2851
475,2,2852
475,3,2853
475,4,2854
475,5,2855
476,0,2856
476,1,2857
476,2,2858
476,3,2859
476,4,2860
476,5,2861
477,0,2862
477,1,2863
477,2,2864
477,3,2865
477,4,2866
477,5,2867
478,0,2868
478,1,2869
478,2,2870
478,3,2871
478,4,2872
478,5,2873
479,0,2874
479,1,2875
479,2,2876
479,3,2877
479,4,2878
479,5,2879
480,0,2880
480,1,2881
480,2,2882
480,3,2883
480,4,2884
480,5,2885
481,0,2886
481,1,2887
481,2,2888
481,3,2889
481,4,2890
481,5,2891
482,0,2892
482,1,2893
482,2,2894
482,3,2895
482,4,2896
482,5,2897
483,0,2898
483,1,2899
483,2,2900
483,3,2901
483,4,2902
483,5,2903
484,0,2904
484,1,2905
484,2,2906
484,3,2907
484,4,2908
484,5,2909
485,0,2910
485,1,2911
485,2,2912
485,3,2913
485,4,2914
485,5,2915
486,0,2916
486,1,2917
486,2,2918
486,3,2919
486,4,2920
486,5,2921
487,0,2922
487,1,2923
487,2,2924
487,3,2925
487,4,2926
487,5,2927
488,0,2928
488,1,2929
488,2,2930
488,3,2931
488,4,2932
488,5,2933
489,0,2934
489,1,2935
489,2,2936
489,3,2937
489,4,2938
489,5,2939
490,0,2940
490,1,2941
490,2,2942
490,3,2943
490,4,2944
490,5,2945
491,0,2946
491,1,2947
491,2,2948
491,3,2949
491,4,2950
491,5,2951
492,0,2952
492,1,2953
492,2,2954
492,3,2955
492,4,2956
492,5,2957
493,0,2958
493,1,2959
493,2,2960
493,3,2961
493,4,2962
493,5,2963
494,0,2964
494,1,2965
494,2,2966
494,3,2967
494,4,2968
494,5,2969
495,0,2970
495,1,2971
495,2,2972
495,3,2973
495,4,2974
495,5,2975
496,0,2976
496,1,2977
496,2,2978
496,3,2979
496,4,2980
496,5,2981
497,0,2982
497,1,2983
497,2,2984
497,3,2985
497,4,2986
497,5,2987
498,0,2988
498,1,2989
498,2,2990
498,3,2991
498,4,2992
498,5,2993
499,0,2994
499,1,2995
499,2,2996
499,3,2997
499,4,2998
499,5,2999
500,0,3000
500,1,3001
500,2,3002
500,3,3003
500,4,3004
500,5,3005
501,0,3006
501,1,3007
501,2,3008
501,3,3009
501,4,3010
501,5,3011
502,0,3012
502,1,3013
502,2,3014
502,3,3015
502,4,3016
502,5,3017
503,0,3018
503,1,3019
503,2,3020
503,3,3021
503,4,3022
503,5,3023
504,0,3024
504,1,3025
504,2,3026
504,3,3027
504,4,3028
504,5,3029
505,0,3030
505,1,3031
505,2,3032
505,3,3033
505,4,3034
505,5,3035
506,0,3036
506,1,3037
506,2,3038
506,3,3039
506,4,3040
506,5,3041
507,0,3042
507,1,3043
507,2,3044
507,3,3045
507,4,3046
507,5,3047
508,0,3048
508,1,3049
508,2,3050
508,3,3051
508,4,3052
508,5,3053
509,0,3054
509,1,3055
509,2,3056
509,3,3057
509,4,3058
509,5,3059
510,0,3060
510,1,3061
510,2,3062
510,3,3063
510,4,3064
510,5,3065
511,0,3066
511,1,3067
511,2,3068
511,3,3069
511,4,3070
511,5,3071
512,0,3072
512,1,3073
512,2,3074
512,3,3075
512,4,3076
512,5,3077
513,0,3078
513,1,3079
513,2,3080
513,3,3081
513,4,3082
513,5,3083
514,0,3084
514,1,3085
514,2,3086
514,3,3087
514,4,3088
514,5,3089
515,0,3090
515,1,3091
515,2,3092
515,3,3093
515,4,3094
515,5,3095
516,0,3096
516,1,3097
516,2,3098
516,3,3099
516,4,3100
516,5,3101
517,0,3102
517,1,3103
517,2,3104
517,3,3105
517,4,3106
517,5,3107
518,0,3108
518,1,3109
518,2,3110
518,3,3111
518,4,3112
518,5,3113
519,0,3114
519,1,3115
519,2,3116
519,3,3117
519,4,3118
519,5,3119
520,0,3120
520,1,3121
520,2,3122
520,3,3123
520,4,3124
520,5,3125
521,0,3126
521,1,3127
521,2,3128
521,3,3129
521,4,3130
521,5,3131
522,0,3132
522,1,3133
522,2,3134
522,3,3135
522,4,3136
522,5,3137
523,0,3138
523,1,3139
523,2,3140
523,3,3141
523,4,3142
523,5,3143
524,0,3144
524,1,3145
524,2,3146
524,3,3147
524,4,3148
524,5,3149
525,0,3150
525,1,3151
525,2,3152
525,3,3153
525,4,3154
525,5,3155
526,0,3156
526,1,3157
526,2,3158
526,3,3159
526,4,3160
526,5,3161
527,0,3162
527,1,3163
527,2,3164
527,3,3165
527,4,3166
527,5,3167
528,0,3168
528,1,3169
528,2,3170
528,3,3171
528,4,3172
528,5,3173
529,0,3174
529,1,3175
529,2,3176
529,3,3177
529,4,3178
529,5,3179
530,0,3180
530,1,3181
530,2,3182
530,3,3183
530,4,3184
530,5,3185
531,0,3186
531,1,3187
531,2,3188
531,3,3189
531,4,3190
531,5,3191
532,0,3192
532,1,3193
532,2,3194
532,3,3195
532,4,3196
532,5,3197
533,0,3198
533,1,3199
533,2,3200
533,3,3201
533,4,3202
533,5,3203
534,0,3204
534,1,3205
534,2,3206
534,3,3207
534,4,3208
534,5,3209
535,0,3210
535,1,3211
535,2,3212
535,3,3213
535,4,3214
535,5,3215
536,0,3216
536,1,3217
536,2,3218
536,3,3219
536,4,3220
536,5,3221
537,0,3222
537,1,3223
537,2,3224
537,3,3225
537,4,3226
537,5,3227
538,0,3228
538,1,3229
538,2,3230
538,3,3231
538,4,3232
538,5,3233
539,0,3234
539,1,3235
539,2,3236
539,3,3237
539,4,3238
539,5,3239
540,0,3240
540,1,3241
540,2,3242
540,3,3243
540,4,3244
540,5,3245
541,0,3246
541,1,3247
541,2,3248
541,3,3249
541,4,3250
541,5,3251
542,0,3252
542,1,3253
542,2,3254
542,3,3255
542,4,3256
542,5,3257
543,0,3258
543,1,3259
543,2,3260
543,3,3261
543,4,3262
543,5,3263
544,0,3264
544,1,3265
544,2,3266
544,3,3267
544,4,3268
544,5,3269
545,0,3270
545,1,3271
545,2,3272
545,3,3273
545,4,3274
545,5,3275
546,0,3276
546,1,3277
546,2,3278
546,3,3279
546,4,3280
546,5,3281
547,0,3282
547,1,3283
547,2,3284
547,3,3285
547,4,3286
547,5,3287
548,0,3288
548,1,3289
548,2,3290
548,3,3291
548,4,3292
548,5,3293
549,0,3294
549,1,3295
549,2,3296
549,3,3297
549,4,3298
549,5,3299
550,0,3300
550,1,3301
550,2,3302
550,3,3303
550,4,3304
550,5,3305
551,0,3306
551,1,3307
551,2,3308
551,3,3309
551,4,3310
551,5,3311
552,0,3312
552,1,3313
552,2,3314
552,3,3315
552,4,3316
552,5,3317
553,0,3318
553,1,3319
553,2,3320
553,3,3321
553,4,3322
553,5,3323
554,0,3324
554,1,3325
554,2,3326
554,3,3327
554,4,3328
554,5,3329
555,0,3330
555,1,3331
555,2,3332
555,3,3333
555,4,3334
555,5,3335
556,0,3336
556,1,3337
556,2,3338
556,3,3339
556,4,3340
556,5,3341
557,0,3342
557,1,3343
557,2,3344
557,3,3345
557,4,3346
557,5,3347
558,0,3348
558,1,3349
558,2,3350
558,3,3351
558,4,3352
558,5,3353
559,0,3354
559,1,3355
559,2,3356
559,3,3357
559,4,3358
559,5,3359
560,0,3360
560,1,3361
560,2,3362
560,3,3363
560,4,3364
560,5,3365
561,0,3366
561,1,3367
561,2,3368
561,3,3369
561,4,3370
561,5,3371
562,0,3372
562,1,3373
562,2,3374
562,3,3375
562,4,3376
562,5,3377
563,0,3378
563,1,3379
563,2,3380
563,3,3381
563,4,3382
563,5,3383
564,0,3384
564,1,3385
564,2,3386
564,3,3387
564,4,3388
564,5,3389
565,0,3390
565,1,3391
565,2,3392
565,3,3393
565,4,3394
565,5,3395
566,0,3396
566,1,3397
566,2,3398
566,3,3399
566,4,3400
566,5,3401
567,0,3402
567,1,3403
567,2,3404
567,3,3405
567,4,3406
567,5,3407
568,0,3408
568,1,3409
568,2,3410
568,3,3411
568,4,3412
568,5,3413
569,0,3414
569,1,3415
569,2,3416
569,3,3417
569,4,3418
569,5,3419
570,0,3420
570,1,3421
570,2,3422
570,3,3423
570,4,3424
570,5,3425
571,0,3426
571,1,3427
571,2,3428
571,3,3429
571,4,3430
571,5,3431
572,0,3432
572,1,3433
572,2,3434
572,3,3435
572,4,3436
572,5,3437
573,0,3438
573,1,3439
573,2,3440
573,3,3441
573,4,3442
573,5,3443
574,0,3444
574,1,3445
574,2,3446
574,3,3447
574,4,3448
574,5,3449
575,0,3450
575,1,3451
575,2,3452
575,3,3453
575,4,3454
575,5,3455
576,0,3456
576,1,3457
576,2,3458
576,3,3459
576,4,3460
576,5,3461
577,0,3462
577,1,3463
577,2,3464
577,3,3465
577,4,3466
577,5,3467
578,0,3468
578,1,3469
578,2,3470
578,3,3471
578,4,3472
578,5,3473
579,0,3474
579,1,3475
579,2,3476
579,3,3477
579,4,3478
579,5,3479
580,0,3480
580,1,3481
580,2,3482
580,3,3483
580,4,3484
580,5,3485
581,0,3486
581,1,3487
581,2,3488
581,3,3489
581,4,3490
581,5,3491
582,0,3492
582,1,3493
582,2,3494
582,3,3495
582,4,3496
582,5,3497
583,0,3498
583,1,3499
583,2,3500
583,3,3501
583,4,3502
583,5,3503
584,0,3504
584,1,3505
584,2,3506
584,3,3507
584,4,3508
584,5,3509
585,0,3510
585,1,3511
585,2,3512
585,3,3513
585,4,3514
585,5,3515
586,0,3516
586,1,3517
586,2,3518
586,3,3519
586,4,3520
586,5,3521
587,0,3522
587,1,3523
587,2,3524
587,3,3525
587,4,3526
587,5,3527
588,0,3528
588,1,3529
588,2,3530
588,3,3531
588,4,3532
588,5,3533
589,0,3534
589,1,3535
589,2,3536
589,3,3537
589,4,3538
589,5,3539
590,0,3540
590,1,3541
590,2,3542
590,3,3543
590,4,3544
590,5,3545
591,0,3546
591,1,3547
591,2,3548
591,3,3549
591,4,3550
591,5,3551
592,0,3552
592,1,3553
592,2,3554
592,3,3555
592,4,3556
592,5,3557
593,0,3558
593,1,3559
593,2,3560
593,3,3561
593,4,3562
593,5,3563
594,0,3564
594,1,3565
594,2,3566
594,3,3567
594,4,3568
594,5,3569
595,0,3570
595,1,3571
595,2,3572
595,3,3573
595,4,3574
595,5,3575
596,0,3576
596,1,3577
596,2,3578
596,3,3579
596,4,3580
596,5,3581
597,0,3582
597,1,3583
597,2,3584
597,3,3585
597,4,3586
597,5,3587
598,0,3588
598,1,3589
598,2,3590
598,3,3591
598,4,3592
598,5,3593
599,0,3594
599,1,3595
599,2,3596
599,3,3597
599,4,3598
599,5,3599
600,0,3600
600,1,3601
600,2,3602
600,3,3603
600,4,3604
600,5,3605
601,0,3606
601,1,3607
601,2,3608
601,3,3609
601,4,3610
601,5,3611
602,0,3612
602,1,3613
602,2,3614
602,3,3615
602,4,3616
602,5,3617
603,0,3618
603,1,3619
603,2,3620
603,3,3621
603,4,3622
603,5,3623
604,0,3624
604,1,3625
604,2,3626
604,3,3627
604,4,3628
604,5,3629
605,0,3630
605,1,3631
605,2,3632
605,3,3633
605,4,3634
605,5,3635
606,0,3636
606,1,3637
606,2,3638
606,3,3639
606,4,3640
606,5,3641
607,0,3642
607,1,3643
607,2,3644
607,3,3645
607,4,3646
607,5,3647
608,0,3648
608,1,3649
608,2,3650
608,3,3651
608,4,3652
608,5,3653
609,0,3654
609,1,3655
609,2,3656
609,3,3657
609,4,3658
609,5,3659
610,0,3660
610,1,3661
610,2,3662
610,3,3663
610,4,3664
610,5,3665
611,0,3666
611,1,3667
611,2,3668
611,3,3669
611,4,3670
611,5,3671
612,0,3672
612,1,3673
612,2,3674
612,3,3675
612,4,3676
612,5,3677
613,0,3678
613,1,3679
613,2,3680
613,3,3681
613,4,3682
613,5,3683
614,0,3684
614,1,3685
614,2,3686
614,3,3687
614,4,3688
614,5,3689
615,0,3690
615,1,3691
615,2,3692
615,3,3693
615,4,3694
615,5,3695
616,0,3696
616,1,3697
616,2,3698
616,3,3699
616,4,3700
616,5,3701
617,0,3702
617,1,3703
617,2,3704
617,3,3705
617,4,3706
617,5,3707
618,0,3708
618,1,3709
618,2,3710
618,3,3711
618,4,3712
618,5,3713
619,0,3714
619,1,3715
619,2,3716
619,3,3717
619,4,3718
619,5,3719
620,0,3720
620,1,3721
620,2,3722
620,3,3723
620,4,3724
620,5,3725
621,0,3726
621,1,3727
621,2,3728
621,3,3729
621,4,3730
621,5,3731
622,0,3732
622,1,3733
622,2,3734
622,3,3735
622,4,3736
622,5,3737
623,0,3738
623,1,3739
623,2,3740
623,3,3741
623,4,3742
623,5,3743
624,0,3744
624,1,3745
624,2,3746
624,3,3747
624,4,3748
624,5,3749
625,0,3750
625,1,3751
625,2,3752
625,3,3753
625,4,3754
625,5,3755
626,0,3756
626,1,3757
626,2,3758
626,3,3759
626,4,3760
626,5,3761
627,0,3762
627,1,3763
627,2,3764
627,3,3765
627,4,3766
627,5,3767
628,0,3768
628,1,3769
628,2,3770
628,3,3771
628,4,3772
628,5,3773
629,0,3774
629,1,3775
629,2,3776
629,3,3777
629,4,3778
629,5,3779
630,0,3780
630,1,3781
630,2,3782
630,3,3783
630,4,3784
630,5,3785
631,0,3786
631,1,3787
631,2,3788
631,3,3789
631,4,3790
631,5,3791
632,0,3792
632,1,3793
632,2,3794
632,3,3795
632,4,3796
632,5,3797
633,0,3798
633,1,3799
633,2,3800
633,3,3801
633,4,3802
633,5,3803
634,0,3804
634,1,3805
634,2,3806
634,3,3807
634,4,3808
634,5,3809
635,0,3810
635,1,3811
635,2,3812
635,3,3813
635,4,3814
635,5,3815
636,0,3816
636,1,3817
636,2,3818
636,3,3819
636,4,3820
636,5,3821
637,0,3822
637,1,3823
637,2,3824
637,3,3825
637,4,3826
637,5,3827
638,0,3828
638,1,3829
638,2,3830
638,3,3831
638,4,3832
638,5,3833
639,0,3834
639,1,3835
639,2,3836
639,3,3837
639,4,3838
639,5,3839
640,0,3840
640,1,3841
640,2,3842
640,3,3843
640,4,3844
640,5,3845
641,0,3846
641,1,3847
641,2,3848
641,3,3849
641,4,3850
641,5,3851
642,0,3852
642,1,3853
642,2,3854
642,3,3855
642,4,3856
642,5,3857
643,0,3858
643,1,3859
643,2,3860
643,3,3861
643,4,3862
643,5,3863
644,0,3864
644,1,3865
644,2,3866
644,3,3867
644,4,3868
644,5,3869
645,0,3870
645,1,3871
645,2,3872
645,3,3873
645,4,3874
645,5,3875
646,0,3876
646,1,3877
646,2,3878
646,3,3879
646,4,3880
646,5,3881
647,0,3882
647,1,3883
647,2,3884
647,3,3885
647,4,3886
647,5,3887
648,0,3888
648,1,3889
648,2,3890
648,3,3891
648,4,3892
648,5,3893
649,0,3894
649,1,3895
649,2,3896
649,3,3897
649,4,3898
649,5,3899
650,0,3900
650,1,3901
650,2,3902
650,3,3903
650,4,3904
650,5,3905
651,0,3906
651,1,3907
651,2,3908
651,3,3909
651,4,3910
651,5,3911
652,0,3912
652,1,3913
652,2,3914
652,3,3915
652,4,3916
652,5,3917
653,0,3918
653,1,3919
653,2,3920
653,3,3921
653,4,3922
653,5,3923
654,0,3924
654,1,3925
654,2,3926
654,3,3927
654,4,3928
654,5,3929
655,0,3930
655,1,3931
655,2,3932
655,3,3933
655,4,3934
655,5,3935
656,0,3936
656,1,3937
656,2,3938
656,3,3939
656,4,3940
656,5,3941
657,0,3942
657,1,3943
657,2,3944
657,3,3945
657,4,3946
657,5,3947
658,0,3948
658,1,3949
658,2,3950
658,3,3951
658,4,3952
658,5,3953
659,0,3954
659,1,3955
659,2,3956
659,3,3957
659,4,3958
659,5,3959
660,0,3960
660,1,3961
660,2,3962
660,3,3963
660,4,3964
660,5,3965
661,0,3966
661,1,3967
661,2,3968
661,3,3969
661,4,3970
661,5,3971
662,0,3972
662,1,3973
662,2,3974
662,3,3975
662,4,3976
662,5,3977
663,0,3978
663,1,3979
663,2,3980
663,3,3981
663,4,3982
663,5,3983
664,0,3984
664,1,3985
664,2,3986
664,3,3987
664,4,3988
664,5,3989
665,0,3990
665,1,3991
665,2,3992
665,3,3993
665,4,3994
665,5,3995
666,0,3996
666,1,3997
666,2,3998
666,3,3999
666,4,4000
666,5,4001
667,0,4002
667,1,4003
667,2,4004
667,3,4005
667,4,4006
667,5,4007
668,0,4008
668,1,4009
668,2,4010
668,3,4011
668,4,4012
668,5,4013
669,0,4014
669,1,4015
669,2,4016
669,3,4017
669,4,4018
669,5,4019
670,0,4020
670,1,4021
670,2,4022
670,3,4023
670,4,4024
670,5,4025
671,0,4026
671,1,4027
671,2,4028
671,3,4029
671,4,4030
671,5,4031
672,0,4032
672,1,4033
672,2,4034
672,3,4035
672,4,4036
672,5,4037
673,0,4038
673,1,4039
673,2,4040
673,3,4041
673,4,4042
673,5,4043
674,0,4044
674,1,4045
674,2,4046
674,3,4047
674,4,4048
674,5,4049
675,0,4050
675,1,4051
675,2,4052
675,3,4053
675,4,4054
675,5,4055
676,0,4056
676,1,4057
676,2,4058
676,3,4059
676,4,4060
676,5,4061
677,0,4062
677,1,4063
677,2,4064
677,3,4065
677,4,4066
677,5,4067
678,0,4068
678,1,4069
678,2,4070
678,3,4071
678,4,4072
678,5,4073
679,0,4074
679,1,4075
679,2,4076
679,3,4077
679,4,4078
679,5,4079
680,0,4080
680,1,4081
680,2,4082
680,3,4083
680,4,4084
680,5,4085
681,0,4086
681,1,4087
681,2,4088
681,3,4089
681,4,4090
681,5,4091
682,0,4092
682,1,4093
682,2,4094
682,3,4095
682,4,4096
682,5,4097
683,0,4098
683,1,4099
683,2,4100
683,3,4101
683,4,4102
683,5,4103
684,0,4104
684,1,4105
684,2,4106
684,3,4107
684,4,4108
684,5,4109
685,0,4110
685,1,4111
685,2,4112
685,3,4113
685,4,4114
685,5,4115
686,0,4116
686,1,4117
686,2,4118
686,3,4119
686,4,4120
686,5,4121
687,0,4122
687,1,4123
687,2,4124
687,3,4125
687,4,4126
687,5,4127
688,0,4128
688,1,4129
688,2,4130
688,3,4131
688,4,4132
688,5,4133
689,0,4134
689,1,4135
689,2,4136
689,3,4137
689,4,4138
689,5,4139
690,0,4140
690,1,4141
690,2,4142
690,3,4143
690,4,4144
690,5,4145
691,0,4146
691,1,4147
691,2,4148
691,3,4149
691,4,4150
691,5,4151
692,0,4152
692,1,4153
692,2,4154
692,3,4155
692,4,4156
692,5,4157
693,0,4158
693,1,4159
693,2,4160
693,3,4161
693,4,4162
693,5,4163
694,0,4164
694,1,4165
694,2,4166
694,3,4167
694,4,4168
694,5,4169
695,0,4170
695,1,4171
695,2,4172
695,3,4173
695,4,4174
695,5,4175
696,0,4176
696,1,4177
696,2,4178
696,3,4179
696,4,4180
696,5,4181
697,0,4182
697,1,4183
697,2,4184
697,3,4185
697,4,4186
697,5,4187
698,0,4188
698,1,4189
698,2,4190
698,3,4191
698,4,4192
698,5,4193
699,0,4194
699,1,4195
699,2,4196
699,3,4197
699,4,4198
699,5,4199
700,0,4200
700,1,4201
700,2,4202
700,3,4203
700,4,4204
700,5,4205
701,0,4206
701,1,4207
701,2,4208
701,3,4209
701,4,4210
701,5,4211
702,0,4212
702,1,4213
702,2,4214
702,3,4215
702,4,4216
702,5,4217
703,0,4218
703,1,4219
703,2,4220
703,3,4221
703,4,4222
703,5,4223
704,0,4224
704,1,4225
704,2,4226
704,3,4227
704,4,4228
704,5,4229
705,0,4230
705,1,4231
705,2,4232
705,3,4233
705,4,4234
705,5,4235
706,0,4236
706,1,4237
706,2,4238
706,3,4239
706,4,4240
706,5,4241
707,0,4242
707,1,4243
707,2,4244
707,3,4245
707,4,4246
707,5,4247
708,0,4248
708,1,4249
708,2,4250
708,3,4251
708,4,4252
708,5,4253
709,0,4254
709,1,4255
709,2,4256
709,3,4257
709,4,4258
709,5,4259
710,0,4260
710,1,4261
710,2,4262
710,3,4263
710,4,4264
710,5,4265
711,0,4266
711,1,4267
711,2,4268
711,3,4269
711,4,4270
711,5,4271
712,0,4272
712,1,4273
712,2,4274
712,3,4275
712,4,4276
712,5,4277
713,0,4278
713,1,4279
713,2,4280
713,3,4281
713,4,4282
713,5,4283
714,0,4284
714,1,4285
714,2,4286
714,3,4287
714,4,4288
714,5,4289
715,0,4290
715,1,4291
715,2,4292
715,3,4293
715,4,4294
715,5,4295
716,0,4296
716,1,4297
716,2,4298
716,3,4299
716,4,4300
716,5,4301
717,0,4302
717,1,4303
717,2,4304
717,3,4305
717,4,4306
717,5,4307
718,0,4308
718,1,4309
718,2,4310
718,3,4311
718,4,4312
718,5,4313
719,0,4314
719,1,4315
719,2,4316
719,3,4317
719,4,4318
719,5,4319
720,0,4320
720,1,4321
720,2,4322
720,3,4323
720,4,4324
720,5,4325
721,0,4326
721,1,4327
721,2,4328
721,3,4329
721,4,4330
721,5,4331
722,0,4332
722,1,4333
722,2,4334
722,3,4335
722,4,4336
722,5,4337
723,0,4338
723,1,4339
723,2,4340
723,3,4341
723,4,4342
723,5,4343
724,0,4344
724,1,4345
724,2,4346
724,3,4347
724,4,4348
724,5,4349
725,0,4350
725,1,4351
725,2,4352
725,3,4353
725,4,4354
725,5,4355
726,0,4356
726,1,4357
726,2,4358
726,3,4359
726,4,4360
726,5,4361
727,0,4362
727,1,4363
727,2,4364
727,3,4365
727,4,4366
727,5,4367
728,0,4368
728,1,4369
728,2,4370
728,3,4371
728,4,4372
728,5,4373
729,0,4374
729,1,4375
729,2,4376
729,3,4377
729,4,4378
729,5,4379
730,0,4380
730,1,4381
730,2,4382
730,3,4383
730,4,4384
730,5,4385
731,0,4386
731,1,4387
731,2,4388
731,3,4389
731,4,4390
731,5,4391
732,0,4392
732,1,4393
732,2,4394
732,3,4395
732,4,4396
732,5,4397
733,0,4398
733,1,4399
733,2,4400
733,3,4401
733,4,4402
733,5,4403
734,0,4404
734,1,4405
734,2,4406
734,3,4407
734,4,4408
734,5,4409
735,0,4410
735,1,4411
735,2,4412
735,3,4413
735,4,4414
735,5,4415
736,0,4416
736,1,4417
736,2,4418
736,3,4419
736,4,4420
736,5,4421
737,0,4422
737,1,4423
737,2,4424
737,3,4425
737,4,4426
737,5,4427
738,0,4428
738,1,4429
738,2,4430
738,3,4431
738,4,4432
738,5,4433
739,0,4434
739,1,4435
739,2,4436
739,3,4437
739,4,4438
739,5,4439
740,0,4440
740,1,4441
740,2,4442
740,3,4443
740,4,4444
740,5,4445
741,0,4446
741,1,4447
741,2,4448
741,3,4449
741,4,4450
741,5,4451
742,0,4452
742,1,4453
742,2,4454
742,3,4455
742,4,4456
742,5,4457
743,0,4458
743,1,4459
743,2,4460
743,3,4461
743,4,4462
743,5,4463
744,0,4464
744,1,4465
744,2,4466
744,3,4467
744,4,4468
744,5,4469
745,0,4470
745,1,4471
745,2,4472
745,3,4473
745,4,4474
745,5,4475
746,0,4476
746,1,4477
746,2,4478
746,3,4479
746,4,4480
746,5,4481
747,0,4482
747,1,4483
747,2,4484
747,3,4485
747,4,4486
747,5,4487
748,0,4488
748,1,4489
748,2,4490
748,3,4491
748,4,4492
748,5,4493
749,0,4494
749,1,4495
749,2,4496
749,3,4497
749,4,4498
749,5,4499
750,0,4500
750,1,4501
750,2,4502
750,3,4503
750,4,4504
750,5,4505
751,0,4506
751,1,4507
751,2,4508
751,3,4509
751,4,4510
751,5,4511
752,0,4512
752,1,4513
752,2,4514
752,3,4515
752,4,4516
752,5,4517
753,0,4518
753,1,4519
753,2,4520
753,3,4521
753,4,4522
753,5,4523
754,0,4524
754,1,4525
754,2,4526
754,3,4527
754,4,4528
754,5,4529
755,0,4530
755,1,4531
755,2,4532
755,3,4533
755,4,4534
755,5,4535
756,0,4536
756,1,4537
756,2,4538
756,3,4539
756,4,4540
756,5,4541
757,0,4542
757,1,4543
757,2,4544
757,3,4545
757,4,4546
757,5,4547
758,0,4548
758,1,4549
758,2,4550
758,3,4551
758,4,4552
758,5,4553
759,0,4554
759,1,4555
759,2,4556
759,3,4557
759,4,4558
759,5,4559
760,0,4560
760,1,4561
760,2,4562
760,3,4563
760,4,4564
760,5,4565
761,0,4566
761,1,4567
761,2,4568
761,3,4569
761,4,4570
761,5,4571
762,0,4572
762,1,4573
762,2,4574
762,3,4575
762,4,4576
762,5,4577
763,0,4578
763,1,4579
763,2,4580
763,3,4581
763,4,4582
763,5,4583
764,0,4584
764,1,4585
764,2,4586
764,3,4587
764,4,4588
764,5,4589
765,0,4590
765,1,4591
765,2,4592
765,3,4593
765,4,4594
765,5,4595
766,0,4596
766,1,4597
766,2,4598
766,3,4599
766,4,4600
766,5,4601
767,0,4602
767,1,4603
767,2,4604
767,3,4605
767,4,4606
767,5,4607
768,0,4608
768,1,4609
768,2,4610
768,3,4611
768,4,4612
768,5,4613
769,0,4614
769,1,4615
769,2,4616
769,3,4617
769,4,4618
769,5,4619
770,0,4620
770,1,4621
770,2,4622
770,3,4623
770,4,4624
770,5,4625
771,0,4626
771,1,4627
771,2,4628
771,3,4629
771,4,4630
771,5,4631
772,0,4632
772,1,4633
772,2,4634
772,3,4635
772,4,4636
772,5,4637
773,0,4638
773,1,4639
773,2,4640
773,3,4641
773,4,4642
773,5,4643
774,0,4644
774,1,4645
774,2,4646
774,3,4647
774,4,4648
774,5,4649
775,0,4650
775,1,4651
775,2,4652
775,3,4653
775,4,4654
775,5,4655
776,0,4656
776,1,4657
776,2,4658
776,3,4659
776,4,4660
776,5,4661
777,0,4662
777,1,4663
777,2,4664
777,3,4665
777,4,4666
777,5,4667
778,0,4668
778,1,4669
778,2,4670
778,3,4671
778,4,4672
778,5,4673
779,0,4674
779,1,4675
779,2,4676
779,3,4677
779,4,4678
779,5,4679
780,0,4680
780,1,4681
780,2,4682
780,3,4683
780,4,4684
780,5,4685
781,0,4686
781,1,4687
781,2,4688
781,3,4689
781,4,4690
781,5,4691
782,0,4692
782,1,4693
782,2,4694
782,3,4695
782,4,4696
782,5,4697
783,0,4698
783,1,4699
783,2,4700
783,3,4701
783,4,4702
783,5,4703
784,0,4704
784,1,4705
784,2,4706
784,3,4707
784,4,4708
784,5,4709
785,0,4710
785,1,4711
785,2,4712
785,3,4713
785,4,4714
785,5,4715
786,0,4716
786,1,4717
786,2,4718
786,3,4719
786,4,4720
786,5,4721
787,0,4722
787,1,4723
787,2,4724
787,3,4725
787,4,4726
787,5,4727
788,0,4728
788,1,4729
788,2,4730
788,3,4731
788,4,4732
788,5,4733
789,0,4734
789,1,4735
789,2,4736
789,3,4737
789,4,4738
789,5,4739
790,0,4740
790,1,4741
790,2,4742
790,3,4743
790,4,4744
790,5,4745
791,0,4746
791,1,4747
791,2,4748
791,3,4749
791,4,4750
791,5,4751
792,0,4752
792,1,4753
792,2,4754
792,3,4755
792,4,4756
792,5,4757
793,0,4758
793,1,4759
793,2,4760
793,3,4761
793,4,4762
793,5,4763
794,0,4764
794,1,4765
794,2,4766
794,3,4767
794,4,4768
794,5,4769
795,0,4770
795,1,4771
795,2,4772
795,3,4773
795,4,4774
795,5,4775
796,0,4776
796,1,4777
796,2,4778
796,3,4779
796,4,4780
796,5,4781
797,0,4782
797,1,4783
797,2,4784
797,3,4785
797,4,4786
797,5,4787
798,0,4788
798,1,4789
798,2,4790
798,3,4791
798,4,4792
798,5,4793
799,0,4794
799,1,4795
799,2,4796
799,3,4797
799,4,4798
799,5,4799
800,0,4800
800,1,4801
800,2,4802
800,3,4803
800,4,4804
800,5,4805
801,0,4806
801,1,4807
801,2,4808
801,3,4809
801,4,4810
801,5,4811
802,0,4812
802,1,4813
802,2,4814
802,3,4815
802,4,4816
802,5,4817
803,0,4818
803,1,4819
803,2,4820
803,3,4821
803,4,4822
803,5,4823
804,0,4824
804,1,4825
804,2,4826
804,3,4827
804,4,4828
804,5,4829
805,0,4830
805,1,4831
805,2,4832
805,3,4833
805,4,4834
805,5,4835
806,0,4836
806,1,4837
806,2,4838
806,3,4839
806,4,4840
806,5,4841
807,0,4842
807,1,4843
807,2,4844
807,3,4845
807,4,4846
807,5,4847
808,0,4848
808,1,4849
808,2,4850
808,3,4851
808,4,4852
808,5,4853
809,0,4854
809,1,4855
809,2,4856
809,3,4857
809,4,4858
809,5,4859
810,0,4860
810,1,4861
810,2,4862
810,3,4863
810,4,4864
810,5,4865
811,0,4866
811,1,4867
811,2,4868
811,3,4869
811,4,4870
811,5,4871
812,0,4872
812,1,4873
812,2,4874
812,3,4875
812,4,4876
812,5,4877
813,0,4878
813,1,4879
813,2,4880
813,3,4881
813,4,4882
813,5,4883
814,0,4884
814,1,4885
814,2,4886
814,3,4887
814,4,4888
814,5,4889
815,0,4890
815,1,4891
815,2,4892
815,3,4893
815,4,4894
815,5,4895
816,0,4896
816,1,4897
816,2,4898
816,3,4899
816,4,4900
816,5,4901
817,0,4902
817,1,4903
817,2,4904
817,3,4905
817,4,4906
817,5,4907
818,0,4908
818,1,4909
818,2,4910
818,3,4911
818,4,4912
818,5,4913
819,0,4914
819,1,4915
819,2,4916
819,3,4917
819,4,4918
819,5,4919
820,0,4920
820,1,4921
820,2,4922
820,3,4923
820,4,4924
820,5,4925
821,0,4926
821,1,4927
821,2,4928
821,3,4929
821,4,4930
821,5,4931
822,0,4932
822,1,4933
822,2,4934
822,3,4935
822,4,4936
822,5,4937
823,0,4938
823,1,4939
823,2,4940
823,3,4941
823,4,4942
823,5,4943
824,0,4944
824,1,4945
824,2,4946
824,3,4947
824,4,4948
824,5,4949
825,0,4950
825,1,4951
825,2,4952
825,3,4953
825,4,4954
825,5,4955
826,0,4956
826,1,4957
826,2,4958
826,3,4959
826,4,4960
826,5,4961
827,0,4962
827,1,4963
827,2,4964
827,3,4965
827,4,4966
827,5,4967
828,0,4968
828,1,4969
828,2,4970
828,3,4971
828,4,4972
828,5,4973
829,0,4974
829,1,4975
829,2,4976
829,3,4977
829,4,4978
829,5,4979
830,0,4980
830,1,4981
830,2,4982
830,3,4983
830,4,4984
830,5,4985
831,0,4986
831,1,4987
831,2,4988
831,3,4989
831,4,4990
831,5,4991
832,0,4992
832,1,4993
832,2,4994
832,3,4995
832,4,4996
832,5,4997
833,0,4998
833,1,4999
833,2,5000
833,3,5001
833,4,5002
833,5,5003
834,0,5004
834,1,5005
834,2,5006
834,3,5007
834,4,5008
834,5,5009
835,0,5010
835,1,5011
835,2,5012
835,3,5013
835,4,5014
835,5,5015
836,0,5016
836,1,5017
836,2,5018
836,3,5019
836,4,5020
836,5,5021
837,0,5022
837,1,5023
837,2,5024
837,3,5025
837,4,5026
837,5,5027
838,0,5028
838,1,5029
838,2,5030
838,3,5031
838,4,5032
838,5,5033
839,0,5034
839,1,5035
839,2,5036
839,3,5037
839,4,5038
839,5,5039
840,0,5040
840,1,5041
840,2,5042
840,3,5043
840,4,5044
840,5,5045
841,0,5046
841,1,5047
841,2,5048
841,3,5049
841,4,5050
841,5,5051
842,0,5052
842,1,5053
842,2,5054
842,3,5055
842,4,5056
842,5,5057
843,0,5058
843,1,5059
843,2,5060
843,3,5061
843,4,5062
843,5,5063
844,0,5064
844,1,5065
844,2,5066
844,3,5067
844,4,5068
844,5,5069
845,0,5070
845,1,5071
845,2,5072
845,3,5073
845,4,5074
845,5,5075
846,0,5076
846,1,5077
846,2,5078
846,3,5079
846,4,5080
846,5,5081
847,0,5082
847,1,5083
847,2,5084
847,3,5085
847,4,5086
847,5,5087
848,0,5088
848,1,5089
848,2,5090
848,3,5091
848,4,5092
848,5,5093
849,0,5094
849,1,5095
849,2,5096
849,3,5097
849,4,5098
849,5,5099
850,0,5100
850,1,5101
850,2,5102
850,3,5103
850,4,5104
850,5,5105
851,0,5106
851,1,5107
851,2,5108
851,3,5109
851,4,5110
851,5,5111
852,0,5112
852,1,5113
852,2,5114
852,3,5115
852,4,5116
852,5,5117
853,0,5118
853,1,5119
853,2,5120
853,3,5121
853,4,5122
853,5,5123
854,0,5124
854,1,5125
854,2,5126
854,3,5127
854,4,5128
854,5,5129
855,0,5130
855,1,5131
855,2,5132
855,3,5133
855,4,5134
855,5,5135
856,0,5136
856,1,5137
856,2,5138
856,3,5139
856,4,5140
856,5,5141
857,0,5142
857,1,5143
857,2,5144
857,3,5145
857,4,5146
857,5,5147
858,0,5148
858,1,5149
858,2,5150
858,3,5151
858,4,5152
858,5,5153
859,0,5154
859,1,5155
859,2,5156
859,3,5157
859,4,5158
859,5,5159
860,0,5160
860,1,5161
860,2,5162
860,3,5163
860,4,5164
860,5,5165
861,0,5166
861,1,5167
861,2,5168
861,3,5169
861,4,5170
861,5,5171
862,0,5172
862,1,5173
862,2,5174
862,3,5175
862,4,5176
862,5,5177
863,0,5178
863,1,5179
863,2,5180
863,3,5181
863,4,5182
863,5,5183
864,0,5184
864,1,5185
864,2,5186
864,3,5187
864,4,5188
864,5,5189
865,0,5190
865,1,5191
865,2,5192
865,3,5193
865,4,5194
865,5,5195
866,0,5196
866,1,5197
866,2,5198
866,3,5199
866,4,5200
866,5,5201
867,0,5202
867,1,5203
867,2,5204
867,3,5205
867,4,5206
867,5,5207
868,0,5208
868,1,5209
868,2,5210
868,3,5211
868,4,5212
868,5,5213
869,0,5214
869,1,5215
869,2,5216
869,3,5217
869,4,5218
869,5,5219
870,0,5220
870,1,5221
870,2,5222
870,3,5223
870,4,5224
870,5,5225
871,0,5226
871,1,5227
871,2,5228
871,3,5229
871,4,5230
871,5,5231
872,0,5232
872,1,5233
872,2,5234
872,3,5235
872,4,5236
872,5,5237
873,0,5238
873,1,5239
873,2,5240
873,3,5241
873,4,5242
873,5,5243
874,0,5244
874,1,5245
874,2,5246
874,3,5247
874,4,5248
874,5,5249
875,0,5250
875,1,5251
875,2,5252
875,3,5253
875,4,5254
875,5,5255
876,0,5256
876,1,5257
876,2,5258
876,3,5259
876,4,5260
876,5,5261
877,0,5262
877,1,5263
877,2,5264
877,3,5265
877,4,5266
877,5,5267
878,0,5268
878,1,5269
878,2,5270
878,3,5271
878,4,5272
878,5,5273
879,0,5274
879,1,5275
879,2,5276
879,3,5277
879,4,5278
879,5,5279
880,0,5280
880,1,5281
880,2,5282
880,3,5283
880,4,5284
880,5,5285
881,0,5286
881,1,5287
881,2,5288
881,3,5289
881,4,5290
881,5,5291
882,0,5292
882,1,5293
882,2,5294
882,3,5295
882,4,5296
882,5,5297
883,0,5298
883,1,5299
883,2,5300
883,3,5301
883,4,5302
883,5,5303
884,0,5304
884,1,5305
884,2,5306
884,3,5307
884,4,5308
884,5,5309
885,0,5310
885,1,5311
885,2,5312
885,3,5313
885,4,5314
885,5,5315
886,0,5316
886,1,5317
886,2,5318
886,3,5319
886,4,5320
886,5,5321
887,0,5322
887,1,5323
887,2,5324
887,3,5325
887,4,5326
887,5,5327
888,0,5328
888,1,5329
888,2,5330
888,3,5331
888,4,5332
888,5,5333
889,0,5334
889,1,5335
889,2,5336
889,3,5337
889,4,5338
889,5,5339
890,0,5340
890,1,5341
890,2,5342
890,3,5343
890,4,5344
890,5,5345
891,0,5346
891,1,5347
891,2,5348
891,3,5349
891,4,5350
891,5,5351
892,0,5352
892,1,5353
892,2,5354
892,3,5355
892,4,5356
892,5,5357
893,0,5358
893,1,5359
893,2,5360
893,3,5361
893,4,5362
893,5,5363
894,0,5364
894,1,5365
894,2,5366
894,3,5367
894,4,5368
894,5,5369
895,0,5370
895,1,5371
895,2,5372
895,3,5373
895,4,5374
895,5,5375
896,0,5376
896,1,5377
896,2,5378
896,3,5379
896,4,5380
896,5,5381
897,0,5382
897,1,5383
897,2,5384
897,3,5385
897,4,5386
897,5,5387
898,0,5388
898,1,5389
898,2,5390
898,3,5391
898,4,5392
898,5,5393
899,0,5394
899,1,5395
899,2,5396
899,3,5397
899,4,5398
899,5,5399
900,0,5400
900,1,5401
900,2,5402
900,3,5403
900,4,5404
900,5,5405
901,0,5406
901,1,5407
901,2,5408
901,3,5409
901,4,5410
901,5,5411
902,0,5412
902,1,5413
902,2,5414
902,3,5415
902,4,5416
902,5,5417
903,0,5418
903,1,5419
903,2,5420
903,3,5421
903,4,5422
903,5,5423
904,0,5424
904,1,5425
904,2,5426
904,3,5427
904,4,5428
904,5,5429
905,0,5430
905,1,5431
905,2,5432
905,3,5433
905,4,5434
905,5,5435
906,0,5436
906,1,5437
906,2,5438
906,3,5439
906,4,5440
906,5,5441
907,0,5442
907,1,5443
907,2,5444
907,3,5445
907,4,5446
907,5,5447
908,0,5448
908,1,5449
908,2,5450
908,3,5451
908,4,5452
908,5,5453
909,0,5454
909,1,5455
909,2,5456
909,3,5457
909,4,5458
909,5,5459
910,0,5460
910,1,5461
910,2,5462
910,3,5463
910,4,5464
910,5,5465
911,0,5466
911,1,5467
911,2,5468
911,3,5469
911,4,5470
911,5,5471
912,0,5472
912,1,5473
912,2,5474
912,3,5475
912,4,5476
912,5,5477
913,0,5478
913,1,5479
913,2,5480
913,3,5481
913,4,5482
913,5,5483
914,0,5484
914,1,5485
914,2,5486
914,3,5487
914,4,5488
914,5,5489
915,0,5490
915,1,5491
915,2,5492
915,3,5493
915,4,5494
915,5,5495
916,0,5496
916,1,5497
916,2,5498
916,3,5499
916,4,5500
916,5,5501
917,0,5502
917,1,5503
917,2,5504
917,3,5505
917,4,5506
917,5,5507
918,0,5508
918,1,5509
918,2,5510
918,3,5511
918,4,5512
918,5,5513
919,0,5514
919,1,5515
919,2,5516
919,3,5517
919,4,5518
919,5,5519
920,0,5520
920,1,5521
920,2,5522
920,3,5523
920,4,5524
920,5,5525
921,0,5526
921,1,5527
921,2,5528
921,3,5529
921,4,5530
921,5,5531
922,0,5532
922,1,5533
922,2,5534
922,3,5535
922,4,5536
922,5,5537
923,0,5538
923,1,5539
923,2,5540
923,3,5541
923,4,5542
923,5,5543
924,0,5544
924,1,5545
924,2,5546
924,3,5547
924,4,5548
924,5,5549
925,0,5550
925,1,5551
925,2,5552
925,3,5553
925,4,5554
925,5,5555
926,0,5556
926,1,5557
926,2,5558
926,3,5559
926,4,5560
926,5,5561
927,0,5562
927,1,5563
927,2,5564
927,3,5565
927,4,5566
927,5,5567
928,0,5568
928,1,5569
928,2,5570
928,3,5571
928,4,5572
928,5,5573
929,0,5574
929,1,5575
929,2,5576
929,3,5577
929,4,5578
929,5,5579
930,0,5580
930,1,5581
930,2,5582
930,3,5583
930,4,5584
930,5,5585
931,0,5586
931,1,5587
931,2,5588
931,3,5589
931,4,5590
931,5,5591
932,0,5592
932,1,5593
932,2,5594
932,3,5595
932,4,5596
932,5,5597
933,0,5598
933,1,5599
933,2,5600
933,3,5601
933,4,5602
933,5,5603
934,0,5604
934,1,5605
934,2,5606
934,3,5607
934,4,5608
934,5,5609
935,0,5610
935,1,5611
935,2,5612
935,3,5613
935,4,5614
935,5,5615
936,0,5616
936,1,5617
936,2,5618
936,3,5619
936,4,5620
936,5,5621
937,0,5622
937,1,5623
937,2,5624
937,3,5625
937,4,5626
937,5,5627
938,0,5628
938,1,5629
938,2,5630
938,3,5631
938,4,5632
938,5,5633
939,0,5634
939,1,5635
939,2,5636
939,3,5637
939,4,5638
939,5,5639
940,0,5640
940,1,5641
940,2,5642
940,3,5643
940,4,5644
940,5,5645
941,0,5646
941,1,5647
941,2,5648
941,3,5649
941,4,5650
941,5,5651
942,0,5652
942,1,5653
942,2,5654
942,3,5655
942,4,5656
942,5,5657
943,0,5658
943,1,5659
943,2,5660
943,3,5661
943,4,5662
943,5,5663
944,0,5664
944,1,5665
944,2,5666
944,3,5667
944,4,5668
944,5,5669
945,0,5670
945,1,5671
945,2,5672
945,3,5673
945,4,5674
945,5,5675
946,0,5676
946,1,5677
946,2,5678
946,3,5679
946,4,5680
946,5,5681
947,0,5682
947,1,5683
947,2,5684
947,3,5685
947,4,5686
947,5,5687
948,0,5688
948,1,5689
948,2,5690
948,3,5691
948,4,5692
948,5,5693
949,0,5694
949,1,5695
949,2,5696
949,3,5697
949,4,5698
949,5,5699
950,0,5700
950,1,5701
950,2,5702
950,3,5703
950,4,5704
950,5,5705
951,0,5706
951,1,5707
951,2,5708
951,3,5709
951,4,5710
951,5,5711
952,0,5712
952,1,5713
952,2,5714
952,3,5715
952,4,5716
952,5,5717
953,0,5718
953,1,5719
953,2,5720
953,3,5721
953,4,5722
953,5,5723
954,0,5724
954,1,5725
954,2,5726
954,3,5727
954,4,5728
954,5,5729
955,0,5730
955,1,5731
955,2,5732
955,3,5733
955,4,5734
955,5,5735
956,0,5736
956,1,5737
956,2,5738
956,3,5739
956,4,5740
956,5,5741
957,0,5742
957,1,5743
957,2,5744
957,3,5745
957,4,5746
957,5,5747
958,0,5748
958,1,5749
958,2,5750
958,3,5751
958,4,5752
958,5,5753
959,0,5754
959,1,5755
959,2,5756
959,3,5757
959,4,5758
959,5,5759
960,0,5760
960,1,5761
960,2,5762
960,3,5763
960,4,5764
960,5,5765
961,0,5766
961,1,5767
961,2,5768
961,3,5769
961,4,5770
961,5,5771
962,0,5772
962,1,5773
962,2,5774
962,3,5775
962,4,5776
962,5,5777
963,0,5778
963,1,5779
963,2,5780
963,3,5781
963,4,5782
963,5,5783
964,0,5784
964,1,5785
964,2,5786
964,3,5787
964,4,5788
964,5,5789
965,0,5790
965,1,5791
965,2,5792
965,3,5793
965,4,5794
965,5,5795
966,0,5796
966,1,5797
966,2,5798
966,3,5799
966,4,5800
966,5,5801
967,0,5802
967,1,5803
967,2,5804
967,3,5805
967,4,5806
967,5,5807
968,0,5808
968,1,5809
968,2,5810
968,3,5811
968,4,5812
968,5,5813
969,0,5814
969,1,5815
969,2,5816
969,3,5817
969,4,5818
969,5,5819
970,0,5820
970,1,5821
970,2,5822
970,3,5823
970,4,5824
970,5,5825
971,0,5826
971,1,5827
971,2,5828
971,3,5829
971,4,5830
971,5,5831
972,0,5832
972,1,5833
972,2,5834
972,3,5835
972,4,5836
972,5,5837
973,0,5838
973,1,5839
973,2,5840
973,3,5841
973,4,5842
973,5,5843
974,0,5844
974,1,5845
974,2,5846
974,3,5847
974,4,5848
974,5,5849
975,0,5850
975,1,5851
975,2,5852
975,3,5853
975,4,5854
975,5,5855
976,0,5856
976,1,5857
976,2,5858
976,3,5859
976,4,5860
976,5,5861
977,0,5862
977,1,5863
977,2,5864
977,3,5865
977,4,5866
977,5,5867
978,0,5868
978,1,5869
978,2,5870
978,3,5871
978,4,5872
978,5,5873
979,0,5874
979,1,5875
979,2,5876
979,3,5877
979,4,5878
979,5,5879
980,0,5880
980,1,5881
980,2,5882
980,3,5883
980,4,5884
980,5,5885
981,0,5886
981,1,5887
981,2,5888
981,3,5889
981,4,5890
981,5,5891
982,0,5892
982,1,5893
982,2,5894
982,3,5895
982,4,5896
982,5,5897
983,0,5898
983,1,5899
983,2,5900
983,3,5901
983,4,5902
983,5,5903
984,0,5904
984,1,5905
984,2,5906
984,3,5907
984,4,5908
984,5,5909
985,0,5910
985,1,5911
985,2,5912
985,3,5913
985,4,5914
985,5,5915
986,0,5916
986,1,5917
986,2,5918
986,3,5919
986,4,5920
986,5,5921
987,0,5922
987,1,5923
987,2,5924
987,3,5925
987,4,5926
987,5,5927
988,0,5928
988,1,5929
988,2,5930
988,3,5931
988,4,5932
988,5,5933
989,0,5934
989,1,5935
989,2,5936
989,3,5937
989,4,5938
989,5,5939
990,0,5940
990,1,5941
990,2,5942
990,3,5943
990,4,5944
990,5,5945
991,0,5946
991,1,5947
991,2,5948
991,3,5949
991,4,5950
991,5,5951
992,0,5952
992,1,5953
992,2,5954
992,3,5955
992,4,5956
992,5,5957
993,0,5958
993,1,5959
993,2,5960
993,3,5961
993,4,5962
993,5,5963
994,0,5964
994,1,5965
994,2,5966
994,3,5967
994,4,5968
994,5,5969
995,0,5970
995,1,5971
995,2,5972
995,3,5973
995,4,5974
995,5,5975
996,0,5976
996,1,5977
996,2,5978
996,3,5979
996,4,5980
996,5,5981
997,0,5982
997,1,5983
997,2,5984
997,3,5985
997,4,5986
997,5,5987
998,0,5988
998,1,5989
998,2,5990
998,3,5991
998,4,5992
998,5,5993
999,0,5994
999,1,5995
999,2,5996
999,3,5997
999,4,5998
999,5,5999
1000,0,6000
1000,1,6001
1000,2,6002
1000,3,6003
1000,4,6004
1000,5,6005
1001,0,6006
1001,1,6007
1001,2,6008
1001,3,6009
1001,4,6010
1001,5,6011
1002,0,6012
1002,1,6013
1002,2,6014
1002,3,6015
1002,4,6016
1002,5,6017
1003,0,6018
1003,1,6019
1003,2,6020
1003,3,6021
1003,4,6022
1003,5,6023
1004,0,6024
1004,1,6025
1004,2,6026
1004,3,6027
1004,4,6028
1004,5,6029
1005,0,6030
1005,1,6031
1005,2,6032
1005,3,6033
1005,4,6034
1005,5,6035
1006,0,6036
1006,1,6037
1006,2,6038
1006,3,6039
1006,4,6040
1006,5,6041
1007,0,6042
1007,1,6043
1007,2,6044
1007,3,6045
1007,4,6046
1007,5,6047
1008,0,6048
1008,1,6049
1008,2,6050
1008,3,6051
1008,4,6052
1008,5,6053
1009,0,6054
1009,1,6055
1009,2,6056
1009,3,6057
1009,4,6058
1009,5,6059
1010,0,6060
1010,1,6061
1010,2,6062
1010,3,6063
1010,4,6064
1010,5,6065
1011,0,6066
1011,1,6067
1011,2,6068
1011,3,6069
1011,4,6070
1011,5,6071
1012,0,6072
1012,1,6073
1012,2,6074
1012,3,6075
1012,4,6076
1012,5,6077
1013,0,6078
1013,1,6079
1013,2,6080
1013,3,6081
1013,4,6082
1013,5,6083
1014,0,6084
1014,1,6085
1014,2,6086
1014,3,6087
1014,4,6088
1014,5,6089
1015,0,6090
1015,1,6091
1015,2,6092
1015,3,6093
1015,4,6094
1015,5,6095
1016,0,6096
1016,1,6097
1016,2,6098
1016,3,6099
1016,4,6100
1016,5,6101
1017,0,6102
1017,1,6103
1017,2,6104
1017,3,6105
1017,4,6106
1017,5,6107
1018,0,6108
1018,1,6109
1018,2,6110
1018,3,6111
1018,4,6112
1018,5,6113
1019,0,6114
1019,1,6115
1019,2,6116
1019,3,6117
1019,4,6118
1019,5,6119
1020,0,6120
1020,1,6121
1020,2,6122
1020,3,6123
1020,4,6124
1020,5,6125
1021,0,6126
1021,1,6127
1021,2,6128
1021,3,6129
1021,4,6130
1021,5,6131
1022,0,6132
1022,1,6133
1022,2,6134
1022,3,6135
1022,4,6136
1022,5,6137
1023,0,6138
1023,1,6139
1023,2,6140
1023,3,6141
1023,4,6142
1023,5,6143
1024,0,6144
1024,1,6145
1024,2,6146
1024,3,6147
1024,4,6148
1024,5,6149
1025,0,6150
1025,1,6151
1025,2,6152
1025,3,6153
1025,4,6154
1025,5,6155
1026,0,6156
1026,1,6157
1026,2,6158
1026,3,6159
1026,4,6160
1026,5,6161
1027,0,6162
1027,1,6163
1027,2,6164
1027,3,6165
1027,4,6166
1027,5,6167
1028,0,6168
1028,1,6169
1028,2,6170
1028,3,6171
1028,4,6172
1028,5,6173
1029,0,6174
1029,1,6175
1029,2,6176
1029,3,6177
1029,4,6178
1029,5,6179
1030,0,6180
1030,1,6181
1030,2,6182
1030,3,6183
1030,4,6184
1030,5,6185
1031,0,6186
1031,1,6187
1031,2,6188
1031,3,6189
1031,4,6190
1031,5,6191
1032,0,6192
1032,1,6193
1032,2,6194
1032,3,6195
1032,4,6196
1032,5,6197
1033,0,6198
1033,1,6199
1033,2,6200
1033,3,6201
1033,4,6202
1033,5,6203
1034,0,6204
1034,1,6205
1034,2,6206
1034,3,6207
1034,4,6208
1034,5,6209
1035,0,6210
1035,1,6211
1035,2,6212
1035,3,6213
1035,4,6214
1035,5,6215
1036,0,6216
1036,1,6217
1036,2,6218
1036,3,6219
1036,4,6220
1036,5,6221
1037,0,6222
1037,1,6223
1037,2,6224
1037,3,6225
1037,4,6226
1037,5,6227
1038,0,6228
1038,1,6229
1038,2,6230
1038,3,6231
1038,4,6232
1038,5,6233
1039,0,6234
1039,1,6235
1039,2,6236
1039,3,6237
1039,4,6238
1039,5,6239
1040,0,6240
1040,1,6241
1040,2,6242
1040,3,6243
1040,4,6244
1040,5,6245
1041,0,6246
1041,1,6247
1041,2,6248
1041,3,6249
1041,4,6250
1041,5,6251
1042,0,6252
1042,1,6253
1042,2,6254
1042,3,6255
1042,4,6256
1042,5,6257
1043,0,6258
1043,1,6259
1043,2,6260
1043,3,6261
1043,4,6262
1043,5,6263
1044,0,6264
1044,1,6265
1044,2,6266
1044,3,6267
1044,4,6268
1044,5,6269
1045,0,6270
1045,1,6271
1045,2,6272
1045,3,6273
1045,4,6274
1045,5,6275
1046,0,6276
1046,1,6277
1046,2,6278
1046,3,6279
1046,4,6280
1046,5,6281
1047,0,6282
1047,1,6283
1047,2,6284
1047,3,6285
1047,4,6286
1047,5,6287
1048,0,6288
1048,1,6289
1048,2,6290
1048,3,6291
1048,4,6292
1048,5,6293
1049,0,6294
1049,1,6295
1049,2,6296
1049,3,6297
1049,4,6298
1049,5,6299
1050,0,6300
1050,1,6301
1050,2,6302
1050,3,6303
1050,4,6304
1050,5,6305
1051,0,6306
1051,1,6307
1051,2,6308
1051,3,6309
1051,4,6310
1051,5,6311
1052,0,6312
1052,1,6313
1052,2,6314
1052,3,6315
1052,4,6316
1052,5,6317
1053,0,6318
1053,1,6319
1053,2,6320
1053,3,6321
1053,4,6322
1053,5,6323
1054,0,6324
1054,1,6325
1054,2,6326
1054,3,6327
1054,4,6328
1054,5,6329
1055,0,6330
1055,1,6331
1055,2,6332
1055,3,6333
1055,4,6334
1055,5,6335
1056,0,6336
1056,1,6337
1056,2,6338
1056,3,6339
1056,4,6340
1056,5,6341
1057,0,6342
1057,1,6343
1057,2,6344
1057,3,6345
1057,4,6346
1057,5,6347
1058,0,6348
1058,1,6349
1058,2,6350
1058,3,6351
1058,4,6352
1058,5,6353
1059,0,6354
1059,1,6355
1059,2,6356
1059,3,6357
1059,4,6358
1059,5,6359
1060,0,6360
1060,1,6361
1060,2,6362
1060,3,6363
1060,4,6364
1060,5,6365
1061,0,6366
1061,1,6367
1061,2,6368
1061,3,6369
1061,4,6370
1061,5,6371
1062,0,6372
1062,1,6373
1062,2,6374
1062,3,6375
1062,4,6376
1062,5,6377
1063,0,6378
1063,1,6379
1063,2,6380
1063,3,6381
1063,4,6382
1063,5,6383
1064,0,6384
1064,1,6385
1064,2,6386
1064,3,6387
1064,4,6388
1064,5,6389
1065,0,6390
1065,1,6391
1065,2,6392
1065,3,6393
1065,4,6394
1065,5,6395
1066,0,6396
1066,1,6397
1066,2,6398
1066,3,6399
1066,4,6400
1066,5,6401
1067,0,6402
1067,1,6403
1067,2,6404
1067,3,6405
1067,4,6406
1067,5,6407
1068,0,6408
1068,1,6409
1068,2,6410
1068,3,6411
1068,4,6412
1068,5,6413
1069,0,6414
1069,1,6415
1069,2,6416
1069,3,6417
1069,4,6418
1069,5,6419
1070,0,6420
1070,1,6421
1070,2,6422
1070,3,6423
1070,4,6424
1070,5,6425
1071,0,6426
1071,1,6427
1071,2,6428
1071,3,6429
1071,4,6430
1071,5,6431
1072,0,6432
1072,1,6433
1072,2,6434
1072,3,6435
1072,4,6436
1072,5,6437
1073,0,6438
1073,1,6439
1073,2,6440
1073,3,6441
1073,4,6442
1073,5,6443
1074,0,6444
1074,1,6445
1074,2,6446
1074,3,6447
1074,4,6448
1074,5,6449
1075,0,6450
1075,1,6451
1075,2,6452
1075,3,6453
1075,4,6454
1075,5,6455
1076,0,6456
1076,1,6457
1076,2,6458
1076,3,6459
1076,4,6460
1076,5,6461
1077,0,6462
1077,1,6463
1077,2,6464
1077,3,6465
1077,4,6466
1077,5,6467
1078,0,6468
1078,1,6469
1078,2,6470
1078,3,6471
1078,4,6472
1078,5,6473
1079,0,6474
1079,1,6475
1079,2,6476
1079,3,6477
1079,4,6478
1079,5,6479
1080,0,6480
1080,1,6481
1080,2,6482
1080,3,6483
1080,4,6484
1080,5,6485
1081,0,6486
1081,1,6487
1081,2,6488
1081,3,6489
1081,4,6490
1081,5,6491
1082,0,6492
1082,1,6493
1082,2,6494
1082,3,6495
1082,4,6496
1082,5,6497
1083,0,6498
1083,1,6499
1083,2,6500
1083,3,6501
1083,4,6502
1083,5,6503
1084,0,6504
1084,1,6505
1084,2,6506
1084,3,6507
1084,4,6508
1084,5,6509
1085,0,6510
1085,1,6511
1085,2,6512
1085,3,6513
1085,4,6514
1085,5,6515
1086,0,6516
1086,1,6517
1086,2,6518
1086,3,6519
1086,4,6520
1086,5,6521
1087,0,6522
1087,1,6523
1087,2,6524
1087,3,6525
1087,4,6526
1087,5,6527
1088,0,6528
1088,1,6529
1088,2,6530
1088,3,6531
1088,4,6532
1088,5,6533
1089,0,6534
1089,1,6535
1089,2,6536
1089,3,6537
1089,4,6538
1089,5,6539
1090,0,6540
1090,1,6541
1090,2,6542
1090,3,6543
1090,4,6544
1090,5,6545
1091,0,6546
1091,1,6547
1091,2,6548
1091,3,6549
1091,4,6550
1091,5,6551
1092,0,6552
1092,1,6553
1092,2,6554
1092,3,6555
1092,4,6556
1092,5,6557
1093,0,6558
1093,1,6559
1093,2,6560
1093,3,6561
1093,4,6562
1093,5,6563
1094,0,6564
1094,1,6565
1094,2,6566
1094,3,6567
1094,4,6568
1094,5,6569
1095,0,6570
1095,1,6571
1095,2,6572
1095,3,6573
1095,4,6574
1095,5,6575
1096,0,6576
1096,1,6577
1096,2,6578
1096,3,6579
1096,4,6580
1096,5,6581
1097,0,6582
1097,1,6583
1097,2,6584
1097,3,6585
1097,4,6586
1097,5,6587
1098,0,6588
1098,1,6589
1098,2,6590
1098,3,6591
1098,4,6592
1098,5,6593
1099,0,6594
1099,1,6595
1099,2,6596
1099,3,6597
1099,4,6598
1099,5,6599
1100,0,6600
1100,1,6601
1100,2,6602
1100,3,6603
1100,4,6604
1100,5,6605
1101,0,6606
1101,1,6607
1101,2,6608
1101,3,6609
1101,4,6610
1101,5,6611
1102,0,6612
1102,1,6613
1102,2,6614
1102,3,6615
1102,4,6616
1102,5,6617
1103,0,6618
1103,1,6619
1103,2,6620
1103,3,6621
1103,4,6622
1103,5,6623
1104,0,6624
1104,1,6625
1104,2,6626
1104,3,6627
1104,4,6628
1104,5,6629
1105,0,6630
1105,1,6631
1105,2,6632
1105,3,6633
1105,4,6634
1105,5,6635
1106,0,6636
1106,1,6637
1106,2,6638
1106,3,6639
1106,4,6640
1106,5,6641
1107,0,6642
1107,1,6643
1107,2,6644
1107,3,6645
1107,4,6646
1107,5,6647
1108,0,6648
1108,1,6649
1108,2,6650
1108,3,6651
1108,4,6652
1108,5,6653
1109,0,6654
1109,1,6655
1109,2,6656
1109,3,6657
1109,4,6658
1109,5,6659
1110,0,6660
1110,1,6661
1110,2,6662
1110,3,6663
1110,4,6664
1110,5,6665
1111,0,6666
1111,1,6667
1111,2,6668
1111,3,6669
1111,4,6670
1111,5,6671
1112,0,6672
1112,1,6673
1112,2,6674
1112,3,6675
1112,4,6676
1112,5,6677
1113,0,6678
1113,1,6679
1113,2,6680
1113,3,6681
1113,4,6682
1113,5,6683
1114,0,6684
1114,1,6685
1114,2,6686
1114,3,6687
1114,4,6688
1114,5,6689
1115,0,6690
1115,1,6691
1115,2,6692
1115,3,6693
1115,4,6694
1115,5,6695
1116,0,6696
1116,1,6697
1116,2,6698
1116,3,6699
1116,4,6700
1116,5,6701
1117,0,6702
1117,1,6703
1117,2,6704
1117,3,6705
1117,4,6706
1117,5,6707
1118,0,6708
1118,1,6709
1118,2,6710
1118,3,6711
1118,4,6712
1118,5,6713
1119,0,6714
1119,1,6715
1119,2,6716
1119,3,6717
1119,4,6718
1119,5,6719
1120,0,6720
1120,1,6721
1120,2,6722
1120,3,6723
1120,4,6724
1120,5,6725
1121,0,6726
1121,1,6727
1121,2,6728
1121,3,6729
1121,4,6730
1121,5,6731
1122,0,6732
1122,1,6733
1122,2,6734
1122,3,6735
1122,4,6736
1122,5,6737
1123,0,6738
1123,1,6739
1123,2,6740
1123,3,6741
1123,4,6742
1123,5,6743
1124,0,6744
1124,1,6745
1124,2,6746
1124,3,6747
1124,4,6748
1124,5,6749
1125,0,6750
1125,1,6751
1125,2,6752
1125,3,6753
1125,4,6754
1125,5,6755
1126,0,6756
1126,1,6757
1126,2,6758
1126,3,6759
1126,4,6760
1126,5,6761
1127,0,6762
1127,1,6763
1127,2,6764
1127,3,6765
1127,4,6766
1127,5,6767
1128,0,6768
1128,1,6769
1128,2,6770
1128,3,6771
1128,4,6772
1128,5,6773
1129,0,6774
1129,1,6775
1129,2,6776
1129,3,6777
1129,4,6778
1129,5,6779
1130,0,6780
1130,1,6781
1130,2,6782
1130,3,6783
1130,4,6784
1130,5,6785
1131,0,6786
1131,1,6787
1131,2,6788
1131,3,6789
1131,4,6790
1131,5,6791
1132,0,6792
1132,1,6793
1132,2,6794
1132,3,6795
1132,4,6796
1132,5,6797
1133,0,6798
1133,1,6799
1133,2,6800
1133,3,6801
1133,4,6802
1133,5,6803
1134,0,6804
1134,1,6805
1134,2,6806
1134,3,6807
1134,4,6808
1134,5,6809
1135,0,6810
1135,1,6811
1135,2,6812
1135,3,6813
1135,4,6814
1135,5,6815
1136,0,6816
1136,1,6817
1136,2,6818
1136,3,6819
1136,4,6820
1136,5,6821
1137,0,6822
1137,1,6823
1137,2,6824
1137,3,6825
1137,4,6826
1137,5,6827
1138,0,6828
1138,1,6829
1138,2,6830
1138,3,6831
1138,4,6832
1138,5,6833
1139,0,6834
1139,1,6835
1139,2,6836
1139,3,6837
1139,4,6838
1139,5,6839
1140,0,6840
1140,1,6841
1140,2,6842
1140,3,6843
1140,4,6844
1140,5,6845
1141,0,6846
1141,1,6847
1141,2,6848
1141,3,6849
1141,4,6850
1141,5,6851
1142,0,6852
1142,1,6853
1142,2,6854
1142,3,6855
1142,4,6856
1142,5,6857
1143,0,6858
1143,1,6859
1143,2,6860
1143,3,6861
1143,4,6862
1143,5,6863
1144,0,6864
1144,1,6865
1144,2,6866
1144,3,6867
1144,4,6868
1144,5,6869
1145,0,6870
1145,1,6871
1145,2,6872
1145,3,6873
1145,4,6874
1145,5,6875
1146,0,6876
1146,1,6877
1146,2,6878
1146,3,6879
1146,4,6880
1146,5,6881
1147,0,6882
1147,1,6883
1147,2,6884
1147,3,6885
1147,4,6886
1147,5,6887
1148,0,6888
1148,1,6889
1148,2,6890
1148,3,6891
1148,4,6892
1148,5,6893
1149,0,6894
1149,1,6895
1149,2,6896
1149,3,6897
1149,4,6898
1149,5,6899
1150,0,6900
1150,1,6901
1150,2,6902
1150,3,6903
1150,4,6904
1150,5,6905
1151,0,6906
1151,1,6907
1151,2,6908
1151,3,6909
1151,4,6910
1151,5,6911
1152,0,6912
1152,1,6913
1152,2,6914
1152,3,6915
1152,4,6916
1152,5,6917
1153,0,6918
1153,1,6919
1153,2,6920
1153,3,6921
1153,4,6922
1153,5,6923
1154,0,6924
1154,1,6925
1154,2,6926
1154,3,6927
1154,4,6928
1154,5,6929
1155,0,6930
1155,1,6931
1155,2,6932
1155,3,6933
1155,4,6934
1155,5,6935
1156,0,6936
1156,1,6937
1156,2,6938
1156,3,6939
1156,4,6940
1156,5,6941
1157,0,6942
1157,1,6943
1157,2,6944
1157,3,6945
1157,4,6946
1157,5,6947
1158,0,6948
1158,1,6949
1158,2,6950
1158,3,6951
1158,4,6952
1158,5,6953
1159,0,6954
1159,1,6955
1159,2,6956
1159,3,6957
1159,4,6958
1159,5,6959
1160,0,6960
1160,1,6961
1160,2,6962
1160,3,6963
1160,4,6964
1160,5,6965
1161,0,6966
1161,1,6967
1161,2,6968
1161,3,6969
1161,4,6970
1161,5,6971
1162,0,6972
1162,1,6973
1162,2,6974
1162,3,6975
1162,4,6976
1162,5,6977
1163,0,6978
1163,1,6979
1163,2,6980
1163,3,6981
1163,4,6982
1163,5,6983
1164,0,6984
1164,1,6985
1164,2,6986
1164,3,6987
1164,4,6988
1164,5,6989
1165,0,6990
1165,1,6991
1165,2,6992
1165,3,6993
1165,4,6994
1165,5,6995
1166,0,6996
1166,1,6997
1166,2,6998
1166,3,6999
1166,4,7000
1166,5,7001
1167,0,7002
1167,1,7003
1167,2,7004
1167,3,7005
1167,4,7006
1167,5,7007
1168,0,7008
1168,1,7009
1168,2,7010
1168,3,7011
1168,4,7012
1168,5,7013
1169,0,7014
1169,1,7015
1169,2,7016
1169,3,7017
1169,4,7018
1169,5,7019
1170,0,7020
1170,1,7021
1170,2,7022
1170,3,7023
1170,4,7024
1170,5,7025
1171,0,7026
1171,1,7027
1171,2,7028
1171,3,7029
1171,4,7030
1171,5,7031
1172,0,7032
1172,1,7033
1172,2,7034
1172,3,7035
1172,4,7036
1172,5,7037
1173,0,7038
1173,1,7039
1173,2,7040
1173,3,7041
1173,4,7042
1173,5,7043
1174,0,7044
1174,1,7045
1174,2,7046
1174,3,7047
1174,4,7048
1174,5,7049
1175,0,7050
1175,1,7051
1175,2,7052
1175,3,7053
1175,4,7054
1175,5,7055
1176,0,7056
1176,1,7057
1176,2,7058
1176,3,7059
1176,4,7060
1176,5,7061
1177,0,7062
1177,1,7063
1177,2,7064
1177,3,7065
1177,4,7066
1177,5,7067
1178,0,7068
1178,1,7069
1178,2,7070
1178,3,7071
1178,4,7072
1178,5,7073
1179,0,7074
1179,1,7075
1179,2,7076
1179,3,7077
1179,4,7078
1179,5,7079
1180,0,7080
1180,1,7081
1180,2,7082
1180,3,7083
1180,4,7084
1180,5,7085
1181,0,7086
1181,1,7087
1181,2,7088
1181,3,7089
1181,4,7090
1181,5,7091
1182,0,7092
1182,1,7093
1182,2,7094
1182,3,7095
1182,4,7096
1182,5,7097
1183,0,7098
1183,1,7099
1183,2,7100
1183,3,7101
1183,4,7102
1183,5,7103
1184,0,7104
1184,1,7105
1184,2,7106
1184,3,7107
1184,4,7108
1184,5,7109
1185,0,7110
1185,1,7111
1185,2,7112
1185,3,7113
1185,4,7114
1185,5,7115
1186,0,7116
1186,1,7117
1186,2,7118
1186,3,7119
1186,4,7120
1186,5,7121
1187,0,7122
1187,1,7123
1187,2,7124
1187,3,7125
1187,4,7126
1187,5,7127
1188,0,7128
1188,1,7129
1188,2,7130
1188,3,7131
1188,4,7132
1188,5,7133
1189,0,7134
1189,1,7135
1189,2,7136
1189,3,7137
1189,4,7138
1189,5,7139
1190,0,7140
1190,1,7141
1190,2,7142
1190,3,7143
1190,4,7144
1190,5,7145
1191,0,7146
1191,1,7147
1191,2,7148
1191,3,7149
1191,4,7150
1191,5,7151
1192,0,7152
1192,1,7153
1192,2,7154
1192,3,7155
1192,4,7156
1192,5,7157
1193,0,7158
1193,1,7159
1193,2,7160
1193,3,7161
1193,4,7162
1193,5,7163
1194,0,7164
1194,1,7165
1194,2,7166
1194,3,7167
1194,4,7168
1194,5,7169
1195,0,7170
1195,1,7171
1195,2,7172
1195,3,7173
1195,4,7174
1195,5,7175
1196,0,7176
1196,1,7177
1196,2,7178
1196,3,7179
1196,4,7180
1196,5,7181
1197,0,7182
1197,1,7183
1197,2,7184
1197,3,7185
1197,4,7186
1197,5,7187
1198,0,7188
1198,1,7189
1198,2,7190
1198,3,7191
1198,4,7192
1198,5,7193
1199,0,7194
1199,1,7195
1199,2,7196
1199,3,7197
1199,4,7198
1199,5,7199
1200,0,7200
1200,1,7201
1200,2,7202
1200,3,7203
1200,4,7204
1200,5,7205
1201,0,7206
1201,1,7207
1201,2,7208
1201,3,7209
1201,4,7210
1201,5,7211
1202,0,7212
1202,1,7213
1202,2,7214
1202,3,7215
1202,4,7216
1202,5,7217
1203,0,7218
1203,1,7219
1203,2,7220
1203,3,7221
1203,4,7222
1203,5,7223
1204,0,7224
1204,1,7225
1204,2,7226
1204,3,7227
1204,4,7228
1204,5,7229
1205,0,7230
1205,1,7231
1205,2,7232
1205,3,7233
1205,4,7234
1205,5,7235
1206,0,7236
1206,1,7237
1206,2,7238
1206,3,7239
1206,4,7240
1206,5,7241
1207,0,7242
1207,1,7243
1207,2,7244
1207,3,7245
1207,4,7246
1207,5,7247
1208,0,7248
1208,1,7249
1208,2,7250
1208,3,7251
1208,4,7252
1208,5,7253
1209,0,7254
1209,1,7255
1209,2,7256
1209,3,7257
1209,4,7258
1209,5,7259
1210,0,7260
1210,1,7261
1210,2,7262
1210,3,7263
1210,4,7264
1210,5,7265
1211,0,7266
1211,1,7267
1211,2,7268
1211,3,7269
1211,4,7270
1211,5,7271
1212,0,7272
1212,1,7273
1212,2,7274
1212,3,7275
1212,4,7276
1212,5,7277
1213,0,7278
1213,1,7279
1213,2,7280
1213,3,7281
1213,4,7282
1213,5,7283
1214,0,7284
1214,1,7285
1214,2,7286
1214,3,7287
1214,4,7288
1214,5,7289
1215,0,7290
1215,1,7291
1215,2,7292
1215,3,7293
1215,4,7294
1215,5,7295
1216,0,7296
1216,1,7297
1216,2,7298
1216,3,7299
1216,4,7300
1216,5,7301
1217,0,7302
1217,1,7303
1217,2,7304
1217,3,7305
1217,4,7306
1217,5,7307
1218,0,7308
1218,1,7309
1218,2,7310
1218,3,7311
1218,4,7312
1218,5,7313
1219,0,7314
1219,1,7315
1219,2,7316
1219,3,7317
1219,4,7318
1219,5,7319
1220,0,7320
1220,1,7321
1220,2,7322
1220,3,7323
1220,4,7324
1220,5,7325
1221,0,7326
1221,1,7327
1221,2,7328
1221,3,7329
1221,4,7330
1221,5,7331
1222,0,7332
1222,1,7333
1222,2,7334
1222,3,7335
1222,4,7336
1222,5,7337
1223,0,7338
1223,1,7339
1223,2,7340
1223,3,7341
1223,4,7342
1223,5,7343
1224,0,7344
1224,1,7345
1224,2,7346
1224,3,7347
1224,4,7348
1224,5,7349
1225,0,7350
1225,1,7351
1225,2,7352
1225,3,7353
1225,4,7354
1225,5,7355
1226,0,7356
1226,1,7357
1226,2,7358
1226,3,7359
1226,4,7360
1226,5,7361
1227,0,7362
1227,1,7363
1227,2,7364
1227,3,7365
1227,4,7366
1227,5,7367
1228,0,7368
1228,1,7369
1228,2,7370
1228,3,7371
1228,4,7372
1228,5,7373
1229,0,7374
1229,1,7375
1229,2,7376
1229,3,7377
1229,4,7378
1229,5,7379
1230,0,7380
1230,1,7381
1230,2,7382
1230,3,7383
1230,4,7384
1230,5,7385
1231,0,7386
1231,1,7387
1231,2,7388
1231,3,7389
1231,4,7390
1231,5,7391
1232,0,7392
1232,1,7393
1232,2,7394
1232,3,7395
1232,4,7396
1232,5,7397
1233,0,7398
1233,1,7399
1233,2,7400
1233,3,7401
1233,4,7402
1233,5,7403
1234,0,7404
1234,1,7405
1234,2,7406
1234,3,7407
1234,4,7408
1234,5,7409
1235,0,7410
1235,1,7411
1235,2,7412
1235,3,7413
1235,4,7414
1235,5,7415
1236,0,7416
1236,1,7417
1236,2,7418
1236,3,7419
1236,4,7420
1236,5,7421
1237,0,7422
1237,1,7423
1237,2,7424
1237,3,7425
1237,4,7426
1237,5,7427
1238,0,7428
1238,1,7429
1238,2,7430
1238,3,7431
1238,4,7432
1238,5,7433
1239,0,7434
1239,1,7435
1239,2,7436
1239,3,7437
1239,4,7438
1239,5,7439
1240,0,7440
1240,1,7441
1240,2,7442
1240,3,7443
1240,4,7444
1240,5,7445
1241,0,7446
1241,1,7447
1241,2,7448
1241,3,7449
1241,4,7450
1241,5,7451
1242,0,7452
1242,1,7453
1242,2,7454
1242,3,7455
1242,4,7456
1242,5,7457
1243,0,7458
1243,1,7459
1243,2,7460
1243,3,7461
1243,4,7462
1243,5,7463
1244,0,7464
1244,1,7465
1244,2,7466
1244,3,7467
1244,4,7468
1244,5,7469
1245,0,7470
1245,1,7471
1245,2,7472
1245,3,7473
1245,4,7474
1245,5,7475
1246,0,7476
1246,1,7477
1246,2,7478
1246,3,7479
1246,4,7480
1246,5,7481
1247,0,7482
1247,1,7483
1247,2,7484
1247,3,7485
1247,4,7486
1247,5,7487
1248,0,7488
1248,1,7489
1248,2,7490
1248,3,7491
1248,4,7492
1248,5,7493
1249,0,7494
1249,1,7495
1249,2,7496
1249,3,7497
1249,4,7498
1249,5,7499
1250,0,7500
1250,1,7501
1250,2,7502
1250,3,7503
1250,4,7504
1250,5,7505
1251,0,7506
1251,1,7507
1251,2,7508
1251,3,7509
1251,4,7510
1251,5,7511
1252,0,7512
1252,1,7513
1252,2,7514
1252,3,7515
1252,4,7516
1252,5,7517
1253,0,7518
1253,1,7519
1253,2,7520
1253,3,7521
1253,4,7522
1253,5,7523
1254,0,7524
1254,1,7525
1254,2,7526
1254,3,7527
1254,4,7528
1254,5,7529
1255,0,7530
1255,1,7531
1255,2,7532
1255,3,7533
1255,4,7534
1255,5,7535
1256,0,7536
1256,1,7537
1256,2,7538
1256,3,7539
1256,4,7540
1256,5,7541
1257,0,7542
1257,1,7543
1257,2,7544
1257,3,7545
1257,4,7546
1257,5,7547
1258,0,7548
1258,1,7549
1258,2,7550
1258,3,7551
1258,4,7552
1258,5,7553
1259,0,7554
1259,1,7555
1259,2,7556
1259,3,7557
1259,4,7558
1259,5,7559
1260,0,7560
1260,1,7561
1260,2,7562
1260,3,7563
1260,4,7564
1260,5,7565
1261,0,7566
1261,1,7567
1261,2,7568
1261,3,7569
1261,4,7570
1261,5,7571
1262,0,7572
1262,1,7573
1262,2,7574
1262,3,7575
1262,4,7576
1262,5,7577
1263,0,7578
1263,1,7579
1263,2,7580
1263,3,7581
1263,4,7582
1263,5,7583
1264,0,7584
1264,1,7585
1264,2,7586
1264,3,7587
1264,4,7588
1264,5,7589
1265,0,7590
1265,1,7591
1265,2,7592
1265,3,7593
1265,4,7594
1265,5,7595
1266,0,7596
1266,1,7597
1266,2,7598
1266,3,7599
1266,4,7600
1266,5,7601
1267,0,7602
1267,1,7603
1267,2,7604
1267,3,7605
1267,4,7606
1267,5,7607
1268,0,7608
1268,1,7609
1268,2,7610
1268,3,7611
1268,4,7612
1268,5,7613
1269,0,7614
1269,1,7615
1269,2,7616
1269,3,7617
1269,4,7618
1269,5,7619
1270,0,7620
1270,1,7621
1270,2,7622
1270,3,7623
1270,4,7624
1270,5,7625
1271,0,7626
1271,1,7627
1271,2,7628
1271,3,7629
1271,4,7630
1271,5,7631
1272,0,7632
1272,1,7633
1272,2,7634
1272,3,7635
1272,4,7636
1272,5,7637
1273,0,7638
1273,1,7639
1273,2,7640
1273,3,7641
1273,4,7642
1273,5,7643
1274,0,7644
1274,1,7645
1274,2,7646
1274,3,7647
1274,4,7648
1274,5,7649
1275,0,7650
1275,1,7651
1275,2,7652
1275,3,7653
1275,4,7654
1275,5,7655
1276,0,7656
1276,1,7657
1276,2,7658
1276,3,7659
1276,4,7660
1276,5,7661
1277,0,7662
1277,1,7663
1277,2,7664
1277,3,7665
1277,4,7666
1277,5,7667
1278,0,7668
1278,1,7669
1278,2,7670
1278,3,7671
1278,4,7672
1278,5,7673
1279,0,7674
1279,1,7675
1279,2,7676
1279,3,7677
1279,4,7678
1279,5,7679
1280,0,7680
1280,1,7681
1280,2,7682
1280,3,7683
1280,4,7684
1280,5,7685
1281,0,7686
1281,1,7687
1281,2,7688
1281,3,7689
1281,4,7690
1281,5,7691
1282,0,7692
1282,1,7693
1282,2,7694
1282,3,7695
1282,4,7696
1282,5,7697
1283,0,7698
1283,1,7699
1283,2,7700
1283,3,7701
1283,4,7702
1283,5,7703
1284,0,7704
1284,1,7705
1284,2,7706
1284,3,7707
1284,4,7708
1284,5,7709
1285,0,7710
1285,1,7711
1285,2,7712
1285,3,7713
1285,4,7714
1285,5,7715
1286,0,7716
1286,1,7717
1286,2,7718
1286,3,7719
1286,4,7720
1286,5,7721
1287,0,7722
1287,1,7723
1287,2,7724
1287,3,7725
1287,4,7726
1287,5,7727
1288,0,7728
1288,1,7729
1288,2,7730
1288,3,7731
1288,4,7732
1288,5,7733
1289,0,7734
1289,1,7735
1289,2,7736
1289,3,7737
1289,4,7738
1289,5,7739
1290,0,7740
1290,1,7741
1290,2,7742
1290,3,7743
1290,4,7744
1290,5,7745
1291,0,7746
1291,1,7747
1291,2,7748
1291,3,7749
1291,4,7750
1291,5,7751
1292,0,7752
1292,1,7753
1292,2,7754
1292,3,7755
1292,4,7756
1292,5,7757
1293,0,7758
1293,1,7759
1293,2,7760
1293,3,7761
1293,4,7762
1293,5,7763
1294,0,7764
1294,1,7765
1294,2,7766
1294,3,7767
1294,4,7768
1294,5,7769
1295,0,7770
1295,1,7771
1295,2,7772
1295,3,7773
1295,4,7774
1295,5,7775
1296,0,7776
1296,1,7777
1296,2,7778
1296,3,7779
1296,4,7780
1296,5,7781
1297,0,7782
1297,1,7783
1297,2,7784
1297,3,7785
1297,4,7786
1297,5,7787
1298,0,7788
1298,1,7789
1298,2,7790
1298,3,7791
1298,4,7792
1298,5,7793
1299,0,7794
1299,1,7795
1299,2,7796
1299,3,7797
1299,4,7798
1299,5,7799
1300,0,7800
1300,1,7801
1300,2,7802
1300,3,7803
1300,4,7804
1300,5,7805
1301,0,7806
1301,1,7807
1301,2,7808
1301,3,7809
1301,4,7810
1301,5,7811
1302,0,7812
1302,1,7813
1302,2,7814
1302,3,7815
1302,4,7816
1302,5,7817
1303,0,7818
1303,1,7819
1303,2,7820
1303,3,7821
1303,4,7822
1303,5,7823
1304,0,7824
1304,1,7825
1304,2,7826
1304,3,7827
1304,4,7828
1304,5,7829
1305,0,7830
1305,1,7831
1305,2,7832
1305,3,7833
1305,4,7834
1305,5,7835
1306,0,7836
1306,1,7837
1306,2,7838
1306,3,7839
1306,4,7840
1306,5,7841
1307,0,7842
1307,1,7843
1307,2,7844
1307,3,7845
1307,4,7846
1307,5,7847
1308,0,7848
1308,1,7849
1308,2,7850
1308,3,7851
1308,4,7852
1308,5,7853
1309,0,7854
1309,1,7855
1309,2,7856
1309,3,7857
1309,4,7858
1309,5,7859
1310,0,7860
1310,1,7861
1310,2,7862
1310,3,7863
1310,4,7864
1310,5,7865
1311,0,7866
1311,1,7867
1311,2,7868
1311,3,7869
1311,4,7870
1311,5,7871
1312,0,7872
1312,1,7873
1312,2,7874
1312,3,7875
1312,4,7876
1312,5,7877
1313,0,7878
1313,1,7879
1313,2,7880
1313,3,7881
1313,4,7882
1313,5,7883
1314,0,7884
1314,1,7885
1314,2,7886
1314,3,7887
1314,4,7888
1314,5,7889
1315,0,7890
1315,1,7891
1315,2,7892
1315,3,7893
1315,4,7894
1315,5,7895
1316,0,7896
1316,1,7897
1316,2,7898
1316,3,7899
1316,4,7900
1316,5,7901
1317,0,7902
1317,1,7903
1317,2,7904
1317,3,7905
1317,4,7906
1317,5,7907
1318,0,7908
1318,1,7909
1318,2,7910
1318,3,7911
1318,4,7912
1318,5,7913
1319,0,7914
1319,1,7915
1319,2,7916
1319,3,7917
1319,4,7918
1319,5,7919
1320,0,7920
1320,1,7921
1320,2,7922
1320,3,7923
1320,4,7924
1320,5,7925
1321,0,7926
1321,1,7927
1321,2,7928
1321,3,7929
1321,4,7930
1321,5,7931
1322,0,7932
1322,1,7933
1322,2,7934
1322,3,7935
1322,4,7936
1322,5,7937
1323,0,7938
1323,1,7939
1323,2,7940
1323,3,7941
1323,4,7942
1323,5,7943
1324,0,7944
1324,1,7945
1324,2,7946
1324,3,7947
1324,4,7948
1324,5,7949
1325,0,7950
1325,1,7951
1325,2,7952
1325,3,7953
1325,4,7954
1325,5,7955
1326,0,7956
1326,1,7957
1326,2,7958
1326,3,7959
1326,4,7960
1326,5,7961
1327,0,7962
1327,1,7963
1327,2,7964
1327,3,7965
1327,4,7966
1327,5,7967
1328,0,7968
1328,1,7969
1328,2,7970
1328,3,7971
1328,4,7972
1328,5,7973
1329,0,7974
1329,1,7975
1329,2,7976
1329,3,7977
1329,4,7978
1329,5,7979
1330,0,7980
1330,1,7981
1330,2,7982
1330,3,7983
1330,4,7984
1330,5,7985
1331,0,7986
1331,1,7987
1331,2,7988
1331,3,7989
1331,4,7990
1331,5,7991
1332,0,7992
1332,1,7993
1332,2,7994
1332,3,7995
1332,4,7996
1332,5,7997
1333,0,7998
1333,1,7999
1333,2,8000
1333,3,8001
1333,4,8002
1333,5,8003
1334,0,8004
1334,1,8005
1334,2,8006
1334,3,8007
1334,4,8008
1334,5,8009
1335,0,8010
1335,1,8011
1335,2,8012
1335,3,8013
1335,4,8014
1335,5,8015
1336,0,8016
1336,1,8017
1336,2,8018
1336,3,8019
1336,4,8020
1336,5,8021
1337,0,8022
1337,1,8023
1337,2,8024
1337,3,8025
1337,4,8026
1337,5,8027
1338,0,8028
1338,1,8029
1338,2,8030
1338,3,8031
1338,4,8032
1338,5,8033
1339,0,8034
1339,1,8035
1339,2,8036
1339,3,8037
1339,4,8038
1339,5,8039
1340,0,8040
1340,1,8041
1340,2,8042
1340,3,8043
1340,4,8044
1340,5,8045
1341,0,8046
1341,1,8047
1341,2,8048
1341,3,8049
1341,4,8050
1341,5,8051
1342,0,8052
1342,1,8053
1342,2,8054
1342,3,8055
1342,4,8056
1342,5,8057
1343,0,8058
1343,1,8059
1343,2,8060
1343,3,8061
1343,4,8062
1343,5,8063
1344,0,8064
1344,1,8065
1344,2,8066
1344,3,8067
1344,4,8068
1344,5,8069
1345,0,8070
1345,1,8071
1345,2,8072
1345,3,8073
1345,4,8074
1345,5,8075
1346,0,8076
1346,1,8077
1346,2,8078
1346,3,8079
1346,4,8080
1346,5,8081
1347,0,8082
1347,1,8083
1347,2,8084
1347,3,8085
1347,4,8086
1347,5,8087
1348,0,8088
1348,1,8089
1348,2,8090
1348,3,8091
1348,4,8092
1348,5,8093
1349,0,8094
1349,1,8095
1349,2,8096
1349,3,8097
1349,4,8098
1349,5,8099
1350,0,8100
1350,1,8101
1350,2,8102
1350,3,8103
1350,4,8104
1350,5,8105
1351,0,8106
1351,1,8107
1351,2,8108
1351,3,8109
1351,4,8110
1351,5,8111
1352,0,8112
1352,1,8113
1352,2,8114
1352,3,8115
1352,4,8116
1352,5,8117
1353,0,8118
1353,1,8119
1353,2,8120
1353,3,8121
1353,4,8122
1353,5,8123
1354,0,8124
1354,1,8125
1354,2,8126
1354,3,8127
1354,4,8128
1354,5,8129
1355,0,8130
1355,1,8131
1355,2,8132
1355,3,8133
1355,4,8134
1355,5,8135
1356,0,8136
1356,1,8137
1356,2,8138
1356,3,8139
1356,4,8140
1356,5,8141
1357,0,8142
1357,1,8143
1357,2,8144
1357,3,8145
1357,4,8146
1357,5,8147
1358,0,8148
1358,1,8149
1358,2,8150
1358,3,8151
1358,4,8152
1358,5,8153
1359,0,8154
1359,1,8155
1359,2,8156
1359,3,8157
1359,4,8158
1359,5,8159
1360,0,8160
1360,1,8161
1360,2,8162
1360,3,8163
1360,4,8164
1360,5,8165
1361,0,8166
1361,1,8167
1361,2,8168
1361,3,8169
1361,4,8170
1361,5,8171
1362,0,8172
1362,1,8173
1362,2,8174
1362,3,8175
1362,4,8176
1362,5,8177
1363,0,8178
1363,1,8179
1363,2,8180
1363,3,8181
1363,4,8182
1363,5,8183
1364,0,8184
1364,1,8185
1364,2,8186
1364,3,8187
1364,4,8188
1364,5,8189
1365,0,8190
1365,1,8191
1365,2,8192
1365,3,8193
1365,4,8194
1365,5,8195
1366,0,8196
1366,1,8197
1366,2,8198
1366,3,8199
1366,4,8200
1366,5,8201
1367,0,8202
1367,1,8203
1367,2,8204
1367,3,8205
1367,4,8206
1367,5,8207
1368,0,8208
1368,1,8209
1368,2,8210
1368,3,8211
1368,4,8212
1368,5,8213
1369,0,8214
1369,1,8215
1369,2,8216
1369,3,8217
1369,4,8218
1369,5,8219
1370,0,8220
1370,1,8221
1370,2,8222
1370,3,8223
1370,4,8224
1370,5,8225
1371,0,8226
1371,1,8227
1371,2,8228
1371,3,8229
1371,4,8230
1371,5,8231
1372,0,8232
1372,1,8233
1372,2,8234
1372,3,8235
1372,4,8236
1372,5,8237
1373,0,8238
1373,1,8239
1373,2,8240
1373,3,8241
1373,4,8242
1373,5,8243
1374,0,8244
1374,1,8245
1374,2,8246
1374,3,8247
1374,4,8248
1374,5,8249
1375,0,8250
1375,1,8251
1375,2,8252
1375,3,8253
1375,4,8254
1375,5,8255
1376,0,8256
1376,1,8257
1376,2,8258
1376,3,8259
1376,4,8260
1376,5,8261
1377,0,8262
1377,1,8263
1377,2,8264
1377,3,8265
1377,4,8266
1377,5,8267
1378,0,8268
1378,1,8269
1378,2,8270
1378,3,8271
1378,4,8272
1378,5,8273
1379,0,8274
1379,1,8275
1379,2,8276
1379,3,8277
1379,4,8278
1379,5,8279
1380,0,8280
1380,1,8281
1380,2,8282
1380,3,8283
1380,4,8284
1380,5,8285
1381,0,8286
1381,1,8287
1381,2,8288
1381,3,8289
1381,4,8290
1381,5,8291
1382,0,8292
1382,1,8293
1382,2,8294
1382,3,8295
1382,4,8296
1382,5,8297
1383,0,8298
1383,1,8299
1383,2,8300
1383,3,8301
1383,4,8302
1383,5,8303
1384,0,8304
1384,1,8305
1384,2,8306
1384,3,8307
1384,4,8308
1384,5,8309
1385,0,8310
1385,1,8311
1385,2,8312
1385,3,8313
1385,4,8314
1385,5,8315
1386,0,8316
1386,1,8317
1386,2,8318
1386,3,8319
1386,4,8320
1386,5,8321
1387,0,8322
1387,1,8323
1387,2,8324
1387,3,8325
1387,4,8326
1387,5,8327
1388,0,8328
1388,1,8329
1388,2,8330
1388,3,8331
1388,4,8332
1388,5,8333
1389,0,8334
1389,1,8335
1389,2,8336
1389,3,8337
1389,4,8338
1389,5,8339
1390,0,8340
1390,1,8341
1390,2,8342
1390,3,8343
1390,4,8344
1390,5,8345
1391,0,8346
1391,1,8347
1391,2,8348
1391,3,8349
1391,4,8350
1391,5,8351
1392,0,8352
1392,1,8353
1392,2,8354
1392,3,8355
1392,4,8356
1392,5,8357
1393,0,8358
1393,1,8359
1393,2,8360
1393,3,8361
1393,4,8362
1393,5,8363
1394,0,8364
1394,1,8365
1394,2,8366
1394,3,8367
1394,4,8368
1394,5,8369
1395,0,8370
1395,1,8371
1395,2,8372
1395,3,8373
1395,4,8374
1395,5,8375
1396,0,8376
1396,1,8377
1396,2,8378
1396,3,8379
1396,4,8380
1396,5,8381
1397,0,8382
1397,1,8383
1397,2,8384
1397,3,8385
1397,4,8386
1397,5,8387
1398,0,8388
1398,1,8389
1398,2,8390
1398,3,8391
1398,4,8392
1398,5,8393
1399,0,8394
1399,1,8395
1399,2,8396
1399,3,8397
1399,4,8398
1399,5,8399
1400,0,8400
1400,1,8401
1400,2,8402
1400,3,8403
1400,4,8404
1400,5,8405
1401,0,8406
1401,1,8407
1401,2,8408
1401,3,8409
1401,4,8410
1401,5,8411
1402,0,8412
1402,1,8413
1402,2,8414
1402,3,8415
1402,4,8416
1402,5,8417
1403,0,8418
1403,1,8419
1403,2,8420
1403,3,8421
1403,4,8422
1403,5,8423
1404,0,8424
1404,1,8425
1404,2,8426
1404,3,8427
1404,4,8428
1404,5,8429
1405,0,8430
1405,1,8431
1405,2,8432
1405,3,8433
1405,4,8434
1405,5,8435
1406,0,8436
1406,1,8437
1406,2,8438
1406,3,8439
1406,4,8440
1406,5,8441
1407,0,8442
1407,1,8443
1407,2,8444
1407,3,8445
1407,4,8446
1407,5,8447
1408,0,8448
1408,1,8449
1408,2,8450
1408,3,8451
1408,4,8452
1408,5,8453
1409,0,8454
1409,1,8455
1409,2,8456
1409,3,8457
1409,4,8458
1409,5,8459
1410,0,8460
1410,1,8461
1410,2,8462
1410,3,8463
1410,4,8464
1410,5,8465
1411,0,8466
1411,1,8467
1411,2,8468
1411,3,8469
1411,4,8470
1411,5,8471
1412,0,8472
1412,1,8473
1412,2,8474
1412,3,8475
1412,4,8476
1412,5,8477
1413,0,8478
1413,1,8479
1413,2,8480
1413,3,8481
1413,4,8482
1413,5,8483
1414,0,8484
1414,1,8485
1414,2,8486
1414,3,8487
1414,4,8488
1414,5,8489
1415,0,8490
1415,1,8491
1415,2,8492
1415,3,8493
1415,4,8494
1415,5,8495
1416,0,8496
1416,1,8497
1416,2,8498
1416,3,8499
1416,4,8500
1416,5,8501
1417,0,8502
1417,1,8503
1417,2,8504
1417,3,8505
1417,4,8506
1417,5,8507
1418,0,8508
1418,1,8509
1418,2,8510
1418,3,8511
1418,4,8512
1418,5,8513
1419,0,8514
1419,1,8515
1419,2,8516
1419,3,8517
1419,4,8518
1419,5,8519
1420,0,8520
1420,1,8521
1420,2,8522
1420,3,8523
1420,4,8524
1420,5,8525
1421,0,8526
1421,1,8527
1421,2,8528
1421,3,8529
1421,4,8530
1421,5,8531
1422,0,8532
1422,1,8533
1422,2,8534
1422,3,8535
1422,4,8536
1422,5,8537
1423,0,8538
1423,1,8539
1423,2,8540
1423,3,8541
1423,4,8542
1423,5,8543
1424,0,8544
1424,1,8545
1424,2,8546
1424,3,8547
1424,4,8548
1424,5,8549
1425,0,8550
1425,1,8551
1425,2,8552
1425,3,8553
1425,4,8554
1425,5,8555
1426,0,8556
1426,1,8557
1426,2,8558
1426,3,8559
1426,4,8560
1426,5,8561
1427,0,8562
1427,1,8563
1427,2,8564
1427,3,8565
1427,4,8566
1427,5,8567
1428,0,8568
1428,1,8569
1428,2,8570
1428,3,8571
1428,4,8572
1428,5,8573
1429,0,8574
1429,1,8575
1429,2,8576
1429,3,8577
1429,4,8578
1429,5,8579
1430,0,8580
1430,1,8581
1430,2,8582
1430,3,8583
1430,4,8584
1430,5,8585
1431,0,8586
1431,1,8587
1431,2,8588
1431,3,8589
1431,4,8590
1431,5,8591
1432,0,8592
1432,1,8593
1432,2,8594
1432,3,8595
1432,4,8596
1432,5,8597
1433,0,8598
1433,1,8599
1433,2,8600
1433,3,8601
1433,4,8602
1433,5,8603
1434,0,8604
1434,1,8605
1434,2,8606
1434,3,8607
1434,4,8608
1434,5,8609
1435,0,8610
1435,1,8611
1435,2,8612
1435,3,8613
1435,4,8614
1435,5,8615
1436,0,8616
1436,1,8617
1436,2,8618
1436,3,8619
1436,4,8620
1436,5,8621
1437,0,8622
1437,1,8623
1437,2,8624
1437,3,8625
1437,4,8626
1437,5,8627
1438,0,8628
1438,1,8629
1438,2,8630
1438,3,8631
1438,4,8632
1438,5,8633
1439,0,8634
1439,1,8635
1439,2,8636
1439,3,8637
1439,4,8638
1439,5,8639
1440,0,8640
1440,1,8641
1440,2,8642
1440,3,8643
1440,4,8644
1440,5,8645
1441,0,8646
1441,1,8647
1441,2,8648
1441,3,8649
1441,4,8650
1441,5,8651
1442,0,8652
1442,1,8653
1442,2,8654
1442,3,8655
1442,4,8656
1442,5,8657
1443,0,8658
1443,1,8659
1443,2,8660
1443,3,8661
1443,4,8662
1443,5,8663
1444,0,8664
1444,1,8665
1444,2,8666
1444,3,8667
1444,4,8668
1444,5,8669
1445,0,8670
1445,1,8671
1445,2,8672
1445,3,8673
1445,4,8674
1445,5,8675
1446,0,8676
1446,1,8677
1446,2,8678
1446,3,8679
1446,4,8680
1446,5,8681
1447,0,8682
1447,1,8683
1447,2,8684
1447,3,8685
1447,4,8686
1447,5,8687
1448,0,8688
1448,1,8689
1448,2,8690
1448,3,8691
1448,4,8692
1448,5,8693
1449,0,8694
1449,1,8695
1449,2,8696
1449,3,8697
1449,4,8698
1449,5,8699
1450,0,8700
1450,1,8701
1450,2,8702
1450,3,8703
1450,4,8704
1450,5,8705
1451,0,8706
1451,1,8707
1451,2,8708
1451,3,8709
1451,4,8710
1451,5,8711
1452,0,8712
1452,1,8713
1452,2,8714
1452,3,8715
1452,4,8716
1452,5,8717
1453,0,8718
1453,1,8719
1453,2,8720
1453,3,8721
1453,4,8722
1453,5,8723
1454,0,8724
1454,1,8725
1454,2,8726
1454,3,8727
1454,4,8728
1454,5,8729
1455,0,8730
1455,1,8731
1455,2,8732
1455,3,8733
1455,4,8734
1455,5,8735
1456,0,8736
1456,1,8737
1456,2,8738
1456,3,8739
1456,4,8740
1456,5,8741
1457,0,8742
1457,1,8743
1457,2,8744
1457,3,8745
1457,4,8746
1457,5,8747
1458,0,8748
1458,1,8749
1458,2,8750
1458,3,8751
1458,4,8752
1458,5,8753
1459,0,8754
1459,1,8755
1459,2,8756
1459,3,8757
1459,4,8758
1459,5,8759
1460,0,8760
1460,1,8761
1460,2,8762
1460,3,8763
1460,4,8764
1460,5,8765
1461,0,8766
1461,1,8767
1461,2,8768
1461,3,8769
1461,4,8770
1461,5,8771
1462,0,8772
1462,1,8773
1462,2,8774
1462,3,8775
1462,4,8776
1462,5,8777
1463,0,8778
1463,1,8779
1463,2,8780
1463,3,8781
1463,4,8782
1463,5,8783
1464,0,8784
1464,1,8785
1464,2,8786
1464,3,8787
1464,4,8788
1464,5,8789
1465,0,8790
1465,1,8791
1465,2,8792
1465,3,8793
1465,4,8794
1465,5,8795
1466,0,8796
1466,1,8797
1466,2,8798
1466,3,8799
1466,4,8800
1466,5,8801
1467,0,8802
1467,1,8803
1467,2,8804
1467,3,8805
1467,4,8806
1467,5,8807
1468,0,8808
1468,1,8809
1468,2,8810
1468,3,8811
1468,4,8812
1468,5,8813
1469,0,8814
1469,1,8815
1469,2,8816
1469,3,8817
1469,4,8818
1469,5,8819
1470,0,8820
1470,1,8821
1470,2,8822
1470,3,8823
1470,4,8824
1470,5,8825
1471,0,8826
1471,1,8827
1471,2,8828
1471,3,8829
1471,4,8830
1471,5,8831
1472,0,8832
1472,1,8833
1472,2,8834
1472,3,8835
1472,4,8836
1472,5,8837
1473,0,8838
1473,1,8839
1473,2,8840
1473,3,8841
1473,4,8842
1473,5,8843
1474,0,8844
1474,1,8845
1474,2,8846
1474,3,8847
1474,4,8848
1474,5,8849
1475,0,8850
1475,1,8851
1475,2,8852
1475,3,8853
1475,4,8854
1475,5,8855
1476,0,8856
1476,1,8857
1476,2,8858
1476,3,8859
1476,4,8860
1476,5,8861
1477,0,8862
1477,1,8863
1477,2,8864
1477,3,8865
1477,4,8866
1477,5,8867
1478,0,8868
1478,1,8869
1478,2,8870
1478,3,8871
1478,4,8872
1478,5,8873
1479,0,8874
1479,1,8875
1479,2,8876
1479,3,8877
1479,4,8878
1479,5,8879
1480,0,8880
1480,1,8881
1480,2,8882
1480,3,8883
1480,4,8884
1480,5,8885
1481,0,8886
1481,1,8887
1481,2,8888
1481,3,8889
1481,4,8890
1481,5,8891
1482,0,8892
1482,1,8893
1482,2,8894
1482,3,8895
1482,4,8896
1482,5,8897
1483,0,8898
1483,1,8899
1483,2,8900
1483,3,8901
1483,4,8902
1483,5,8903
1484,0,8904
1484,1,8905
1484,2,8906
1484,3,8907
1484,4,8908
1484,5,8909
1485,0,8910
1485,1,8911
1485,2,8912
1485,3,8913
1485,4,8914
1485,5,8915
1486,0,8916
1486,1,8917
1486,2,8918
1486,3,8919
1486,4,8920
1486,5,8921
1487,0,8922
1487,1,8923
1487,2,8924
1487,3,8925
1487,4,8926
1487,5,8927
1488,0,8928
1488,1,8929
1488,2,8930
1488,3,8931
1488,4,8932
1488,5,8933
1489,0,8934
1489,1,8935
1489,2,8936
1489,3,8937
1489,4,8938
1489,5,8939
1490,0,8940
1490,1,8941
1490,2,8942
1490,3,8943
1490,4,8944
1490,5,8945
1491,0,8946
1491,1,8947
1491,2,8948
1491,3,8949
1491,4,8950
1491,5,8951
1492,0,8952
1492,1,8953
1492,2,8954
1492,3,8955
1492,4,8956
1492,5,8957
1493,0,8958
1493,1,8959
1493,2,8960
1493,3,8961
1493,4,8962
1493,5,8963
1494,0,8964
1494,1,8965
1494,2,8966
1494,3,8967
1494,4,8968
1494,5,8969
1495,0,8970
1495,1,8971
1495,2,8972
1495,3,8973
1495,4,8974
1495,5,8975
1496,0,8976
1496,1,8977
1496,2,8978
1496,3,8979
1496,4,8980
1496,5,8981
1497,0,8982
1497,1,8983
1497,2,8984
1497,3,8985
1497,4,8986
1497,5,8987
1498,0,8988
1498,1,8989
1498,2,8990
1498,3,8991
1498,4,8992
1498,5,8993
1499,0,8994
1499,1,8995
1499,2,8996
1499,3,8997
1499,4,8998
1499,5,8999
1500,0,9000
1500,1,9001
1500,2,9002
1500,3,9003
1500,4,9004
1500,5,9005
1501,0,9006
1501,1,9007
1501,2,9008
1501,3,9009
1501,4,9010
1501,5,9011
1502,0,9012
1502,1,9013
1502,2,9014
1502,3,9015
1502,4,9016
1502,5,9017
1503,0,9018
1503,1,9019
1503,2,9020
1503,3,9021
1503,4,9022
1503,5,9023
1504,0,9024
1504,1,9025
1504,2,9026
1504,3,9027
1504,4,9028
1504,5,9029
1505,0,9030
1505,1,9031
1505,2,9032
1505,3,9033
1505,4,9034
1505,5,9035
1506,0,9036
1506,1,9037
1506,2,9038
1506,3,9039
1506,4,9040
1506,5,9041
1507,0,9042
1507,1,9043
1507,2,9044
1507,3,9045
1507,4,9046
1507,5,9047
1508,0,9048
1508,1,9049
1508,2,9050
1508,3,9051
1508,4,9052
1508,5,9053
1509,0,9054
1509,1,9055
1509,2,9056
1509,3,9057
1509,4,9058
1509,5,9059
1510,0,9060
1510,1,9061
1510,2,9062
1510,3,9063
1510,4,9064
1510,5,9065
1511,0,9066
1511,1,9067
1511,2,9068
1511,3,9069
1511,4,9070
1511,5,9071
1512,0,9072
1512,1,9073
1512,2,9074
1512,3,9075
1512,4,9076
1512,5,9077
1513,0,9078
1513,1,9079
1513,2,9080
1513,3,9081
1513,4,9082
1513,5,9083
1514,0,9084
1514,1,9085
1514,2,9086
1514,3,9087
1514,4,9088
1514,5,9089
1515,0,9090
1515,1,9091
1515,2,9092
1515,3,9093
1515,4,9094
1515,5,9095
1516,0,9096
1516,1,9097
1516,2,9098
1516,3,9099
1516,4,9100
1516,5,9101
1517,0,9102
1517,1,9103
1517,2,9104
1517,3,9105
1517,4,9106
1517,5,9107
1518,0,9108
1518,1,9109
1518,2,9110
1518,3,9111
1518,4,9112
1518,5,9113
1519,0,9114
1519,1,9115
1519,2,9116
1519,3,9117
1519,4,9118
1519,5,9119
1520,0,9120
1520,1,9121
1520,2,9122
1520,3,9123
1520,4,9124
1520,5,9125
1521,0,9126
1521,1,9127
1521,2,9128
1521,3,9129
1521,4,9130
1521,5,9131
1522,0,9132
1522,1,9133
1522,2,9134
1522,3,9135
1522,4,9136
1522,5,9137
1523,0,9138
1523,1,9139
1523,2,9140
1523,3,9141
1523,4,9142
1523,5,9143
1524,0,9144
1524,1,9145
1524,2,9146
1524,3,9147
1524,4,9148
1524,5,9149
1525,0,9150
1525,1,9151
1525,2,9152
1525,3,9153
1525,4,9154
1525,5,9155
1526,0,9156
1526,1,9157
1526,2,9158
1526,3,9159
1526,4,9160
1526,5,9161
1527,0,9162
1527,1,9163
1527,2,9164
1527,3,9165
1527,4,9166
1527,5,9167
1528,0,9168
1528,1,9169
1528,2,9170
1528,3,9171
1528,4,9172
1528,5,9173
1529,0,9174
1529,1,9175
1529,2,9176
1529,3,9177
1529,4,9178
1529,5,9179
1530,0,9180
1530,1,9181
1530,2,9182
1530,3,9183
1530,4,9184
1530,5,9185
1531,0,9186
1531,1,9187
1531,2,9188
1531,3,9189
1531,4,9190
1531,5,9191
1532,0,9192
1532,1,9193
1532,2,9194
1532,3,9195
1532,4,9196
1532,5,9197
1533,0,9198
1533,1,9199
1533,2,9200
1533,3,9201
1533,4,9202
1533,5,9203
1534,0,9204
1534,1,9205
1534,2,9206
1534,3,9207
1534,4,9208
1534,5,9209
1535,0,9210
1535,1,9211
1535,2,9212
1535,3,9213
1535,4,9214
1535,5,9215
1536,0,9216
1536,1,9217
1536,2,9218
1536,3,9219
1536,4,9220
1536,5,9221
1537,0,9222
1537,1,9223
1537,2,9224
1537,3,9225
1537,4,9226
1537,5,9227
1538,0,9228
1538,1,9229
1538,2,9230
1538,3,9231
1538,4,9232
1538,5,9233
1539,0,9234
1539,1,9235
1539,2,9236
1539,3,9237
1539,4,9238
1539,5,9239
1540,0,9240
1540,1,9241
1540,2,9242
1540,3,9243
1540,4,9244
1540,5,9245
1541,0,9246
1541,1,9247
1541,2,9248
1541,3,9249
1541,4,9250
1541,5,9251
1542,0,9252
1542,1,9253
1542,2,9254
1542,3,9255
1542,4,9256
1542,5,9257
1543,0,9258
1543,1,9259
1543,2,9260
1543,3,9261
1543,4,9262
1543,5,9263
1544,0,9264
1544,1,9265
1544,2,9266
1544,3,9267
1544,4,9268
1544,5,9269
1545,0,9270
1545,1,9271
1545,2,9272
1545,3,9273
1545,4,9274
1545,5,9275
1546,0,9276
1546,1,9277
1546,2,9278
1546,3,9279
1546,4,9280
1546,5,9281
1547,0,9282
1547,1,9283
1547,2,9284
1547,3,9285
1547,4,9286
1547,5,9287
1548,0,9288
1548,1,9289
1548,2,9290
1548,3,9291
1548,4,9292
1548,5,9293
1549,0,9294
1549,1,9295
1549,2,9296
1549,3,9297
1549,4,9298
1549,5,9299
1550,0,9300
1550,1,9301
1550,2,9302
1550,3,9303
1550,4,9304
1550,5,9305
1551,0,9306
1551,1,9307
1551,2,9308
1551,3,9309
1551,4,9310
1551,5,9311
1552,0,9312
1552,1,9313
1552,2,9314
1552,3,9315
1552,4,9316
1552,5,9317
1553,0,9318
1553,1,9319
1553,2,9320
1553,3,9321
1553,4,9322
1553,5,9323
1554,0,9324
1554,1,9325
1554,2,9326
1554,3,9327
1554,4,9328
1554,5,9329
1555,0,9330
1555,1,9331
1555,2,9332
1555,3,9333
1555,4,9334
1555,5,9335
1556,0,9336
1556,1,9337
1556,2,9338
1556,3,9339
1556,4,9340
1556,5,9341
1557,0,9342
1557,1,9343
1557,2,9344
1557,3,9345
1557,4,9346
1557,5,9347
1558,0,9348
1558,1,9349
1558,2,9350
1558,3,9351
1558,4,9352
1558,5,9353
1559,0,9354
1559,1,9355
1559,2,9356
1559,3,9357
1559,4,9358
1559,5,9359
1560,0,9360
1560,1,9361
1560,2,9362
1560,3,9363
1560,4,9364
1560,5,9365
1561,0,9366
1561,1,9367
1561,2,9368
1561,3,9369
1561,4,9370
1561,5,9371
1562,0,9372
1562,1,9373
1562,2,9374
1562,3,9375
1562,4,9376
1562,5,9377
1563,0,9378
1563,1,9379
1563,2,9380
1563,3,9381
1563,4,9382
1563,5,9383
1564,0,9384
1564,1,9385
1564,2,9386
1564,3,9387
1564,4,9388
1564,5,9389
1565,0,9390
1565,1,9391
1565,2,9392
1565,3,9393
1565,4,9394
1565,5,9395
1566,0,9396
1566,1,9397
1566,2,9398
1566,3,9399
1566,4,9400
1566,5,9401
1567,0,9402
1567,1,9403
1567,2,9404
1567,3,9405
1567,4,9406
1567,5,9407
1568,0,9408
1568,1,9409
1568,2,9410
1568,3,9411
1568,4,9412
1568,5,9413
1569,0,9414
1569,1,9415
1569,2,9416
1569,3,9417
1569,4,9418
1569,5,9419
1570,0,9420
1570,1,9421
1570,2,9422
1570,3,9423
1570,4,9424
1570,5,9425
1571,0,9426
1571,1,9427
1571,2,9428
1571,3,9429
1571,4,9430
1571,5,9431
1572,0,9432
1572,1,9433
1572,2,9434
1572,3,9435
1572,4,9436
1572,5,9437
1573,0,9438
1573,1,9439
1573,2,9440
1573,3,9441
1573,4,9442
1573,5,9443
1574,0,9444
1574,1,9445
1574,2,9446
1574,3,9447
1574,4,9448
1574,5,9449
1575,0,9450
1575,1,9451
1575,2,9452
1575,3,9453
1575,4,9454
1575,5,9455
1576,0,9456
1576,1,9457
1576,2,9458
1576,3,9459
1576,4,9460
1576,5,9461
1577,0,9462
1577,1,9463
1577,2,9464
1577,3,9465
1577,4,9466
1577,5,9467
1578,0,9468
1578,1,9469
1578,2,9470
1578,3,9471
1578,4,9472
1578,5,9473
1579,0,9474
1579,1,9475
1579,2,9476
1579,3,9477
1579,4,9478
1579,5,9479
1580,0,9480
1580,1,9481
1580,2,9482
1580,3,9483
1580,4,9484
1580,5,9485
1581,0,9486
1581,1,9487
1581,2,9488
1581,3,9489
1581,4,9490
1581,5,9491
1582,0,9492
1582,1,9493
1582,2,9494
1582,3,9495
1582,4,9496
1582,5,9497
1583,0,9498
1583,1,9499
1583,2,9500
1583,3,9501
1583,4,9502
1583,5,9503
1584,0,9504
1584,1,9505
1584,2,9506
1584,3,9507
1584,4,9508
1584,5,9509
1585,0,9510
1585,1,9511
1585,2,9512
1585,3,9513
1585,4,9514
1585,5,9515
1586,0,9516
1586,1,9517
1586,2,9518
1586,3,9519
1586,4,9520
1586,5,9521
1587,0,9522
1587,1,9523
1587,2,9524
1587,3,9525
1587,4,9526
1587,5,9527
1588,0,9528
1588,1,9529
1588,2,9530
1588,3,9531
1588,4,9532
1588,5,9533
1589,0,9534
1589,1,9535
1589,2,9536
1589,3,9537
1589,4,9538
1589,5,9539
1590,0,9540
1590,1,9541
1590,2,9542
1590,3,9543
1590,4,9544
1590,5,9545
1591,0,9546
1591,1,9547
1591,2,9548
1591,3,9549
1591,4,9550
1591,5,9551
1592,0,9552
1592,1,9553
1592,2,9554
1592,3,9555
1592,4,9556
1592,5,9557
1593,0,9558
1593,1,9559
1593,2,9560
1593,3,9561
1593,4,9562
1593,5,9563
1594,0,9564
1594,1,9565
1594,2,9566
1594,3,9567
1594,4,9568
1594,5,9569
1595,0,9570
1595,1,9571
1595,2,9572
1595,3,9573
1595,4,9574
1595,5,9575
1596,0,9576
1596,1,9577
1596,2,9578
1596,3,9579
1596,4,9580
1596,5,9581
1597,0,9582
1597,1,9583
1597,2,9584
1597,3,9585
1597,4,9586
1597,5,9587
1598,0,9588
1598,1,9589
1598,2,9590
1598,3,9591
1598,4,9592
1598,5,9593
1599,0,9594
1599,1,9595
1599,2,9596
1599,3,9597
1599,4,9598
1599,5,9599
1600,0,9600
1600,1,9601
1600,2,9602
1600,3,9603
1600,4,9604
1600,5,9605
1601,0,9606
1601,1,9607
1601,2,9608
1601,3,9609
1601,4,9610
1601,5,9611
1602,0,9612
1602,1,9613
1602,2,9614
1602,3,9615
1602,4,9616
1602,5,9617
1603,0,9618
1603,1,9619
1603,2,9620
1603,3,9621
1603,4,9622
1603,5,9623
1604,0,9624
1604,1,9625
1604,2,9626
1604,3,9627
1604,4,9628
1604,5,9629
1605,0,9630
1605,1,9631
1605,2,9632
1605,3,9633
1605,4,9634
1605,5,9635
1606,0,9636
1606,1,9637
1606,2,9638
1606,3,9639
1606,4,9640
1606,5,9641
1607,0,9642
1607,1,9643
1607,2,9644
1607,3,9645
1607,4,9646
1607,5,9647
1608,0,9648
1608,1,9649
1608,2,9650
1608,3,9651
1608,4,9652
1608,5,9653
1609,0,9654
1609,1,9655
1609,2,9656
1609,3,9657
1609,4,9658
1609,5,9659
1610,0,9660
1610,1,9661
1610,2,9662
1610,3,9663
1610,4,9664
1610,5,9665
1611,0,9666
1611,1,9667
1611,2,9668
1611,3,9669
1611,4,9670
1611,5,9671
1612,0,9672
1612,1,9673
1612,2,9674
1612,3,9675
1612,4,9676
1612,5,9677
1613,0,9678
1613,1,9679
1613,2,9680
1613,3,9681
1613,4,9682
1613,5,9683
1614,0,9684
1614,1,9685
1614,2,9686
1614,3,9687
1614,4,9688
1614,5,9689
1615,0,9690
1615,1,9691
1615,2,9692
1615,3,9693
1615,4,9694
1615,5,9695
1616,0,9696
1616,1,9697
1616,2,9698
1616,3,9699
1616,4,9700
1616,5,9701
1617,0,9702
1617,1,9703
1617,2,9704
1617,3,9705
1617,4,9706
1617,5,9707
1618,0,9708
1618,1,9709
1618,2,9710
1618,3,9711
1618,4,9712
1618,5,9713
1619,0,9714
1619,1,9715
1619,2,9716
1619,3,9717
1619,4,9718
1619,5,9719
1620,0,9720
1620,1,9721
1620,2,9722
1620,3,9723
1620,4,9724
1620,5,9725
1621,0,9726
1621,1,9727
1621,2,9728
1621,3,9729
1621,4,9730
1621,5,9731
1622,0,9732
1622,1,9733
1622,2,9734
1622,3,9735
1622,4,9736
1622,5,9737
1623,0,9738
1623,1,9739
1623,2,9740
1623,3,9741
1623,4,9742
1623,5,9743
1624,0,9744
1624,1,9745
1624,2,9746
1624,3,9747
1624,4,9748
1624,5,9749
1625,0,9750
1625,1,9751
1625,2,9752
1625,3,9753
1625,4,9754
1625,5,9755
1626,0,9756
1626,1,9757
1626,2,9758
1626,3,9759
1626,4,9760
1626,5,9761
1627,0,9762
1627,1,9763
1627,2,9764
1627,3,9765
1627,4,9766
1627,5,9767
1628,0,9768
1628,1,9769
1628,2,9770
1628,3,9771
1628,4,9772
1628,5,9773
1629,0,9774
1629,1,9775
1629,2,9776
1629,3,9777
1629,4,9778
1629,5,9779
1630,0,9780
1630,1,9781
1630,2,9782
1630,3,9783
1630,4,9784
1630,5,9785
1631,0,9786
1631,1,9787
1631,2,9788
1631,3,9789
1631,4,9790
1631,5,9791
1632,0,9792
1632,1,9793
1632,2,9794
1632,3,9795
1632,4,9796
1632,5,9797
1633,0,9798
1633,1,9799
1633,2,9800
1633,3,9801
1633,4,9802
1633,5,9803
1634,0,9804
1634,1,9805
1634,2,9806
1634,3,9807
1634,4,9808
1634,5,9809
1635,0,9810
1635,1,9811
1635,2,9812
1635,3,9813
1635,4,9814
1635,5,9815
1636,0,9816
1636,1,9817
1636,2,9818
1636,3,9819
1636,4,9820
1636,5,9821
1637,0,9822
1637,1,9823
1637,2,9824
1637,3,9825
1637,4,9826
1637,5,9827
1638,0,9828
1638,1,9829
1638,2,9830
1638,3,9831
1638,4,9832
1638,5,9833
1639,0,9834
1639,1,9835
1639,2,9836
1639,3,9837
1639,4,9838
1639,5,9839
1640,0,9840
1640,1,9841
1640,2,9842
1640,3,9843
1640,4,9844
1640,5,9845
1641,0,9846
1641,1,9847
1641,2,9848
1641,3,9849
1641,4,9850
1641,5,9851
1642,0,9852
1642,1,9853
1642,2,9854
1642,3,9855
1642,4,9856
1642,5,9857
1643,0,9858
1643,1,9859
1643,2,9860
1643,3,9861
1643,4,9862
1643,5,9863
1644,0,9864
1644,1,9865
1644,2,9866
1644,3,9867
1644,4,9868
1644,5,9869
1645,0,9870
1645,1,9871
1645,2,9872
1645,3,9873
1645,4,9874
1645,5,9875
1646,0,9876
1646,1,9877
1646,2,9878
1646,3,9879
1646,4,9880
1646,5,9881
1647,0,9882
1647,1,9883
1647,2,9884
1647,3,9885
1647,4,9886
1647,5,9887
1648,0,9888
1648,1,9889
1648,2,9890
1648,3,9891
1648,4,9892
1648,5,9893
1649,0,9894
1649,1,9895
1649,2,9896
1649,3,9897
1649,4,9898
1649,5,9899
1650,0,9900
1650,1,9901
1650,2,9902
1650,3,9903
1650,4,9904
1650,5,9905
1651,0,9906
1651,1,9907
1651,2,9908
1651,3,9909
1651,4,9910
1651,5,9911
1652,0,9912
1652,1,9913
1652,2,9914
1652,3,9915
1652,4,9916
1652,5,9917
1653,0,9918
1653,1,9919
1653,2,9920
1653,3,9921
1653,4,9922
1653,5,9923
1654,0,9924
1654,1,9925
1654,2,9926
1654,3,9927
1654,4,9928
1654,5,9929
1655,0,9930
1655,1,9931
1655,2,9932
1655,3,9933
1655,4,9934
1655,5,9935
1656,0,9936
1656,1,9937
1656,2,9938
1656,3,9939
1656,4,9940
1656,5,9941
1657,0,9942
1657,1,9943
1657,2,9944
1657,3,9945
1657,4,9946
1657,5,9947
1658,0,9948
1658,1,9949
1658,2,9950
1658,3,9951
1658,4,9952
1658,5,9953
1659,0,9954
1659,1,9955
1659,2,9956
1659,3,9957
1659,4,9958
1659,5,9959
1660,0,9960
1660,1,9961
1660,2,9962
1660,3,9963
1660,4,9964
1660,5,9965
1661,0,9966
1661,1,9967
1661,2,9968
1661,3,9969
1661,4,9970
1661,5,9971
1662,0,9972
1662,1,9973
1662,2,9974
1662,3,9975
1662,4,9976
1662,5,9977
1663,0,9978
1663,1,9979
1663,2,9980
1663,3,9981
1663,4,9982
1663,5,9983
1664,0,9984
1664,1,9985
1664,2,9986
1664,3,9987
1664,4,9988
1664,5,9989
1665,0,9990
1665,1,9991
1665,2,9992
1665,3,9993
1665,4,9994
1665,5,9995
1666,0,9996
1666,1,9997
1666,2,9998
1666,3,9999
1666,4,10000
1666,5,10001
1667,0,10002
1667,1,10003
1667,2,10004
1667,3,10005
1667,4,10006
1667,5,10007
1668,0,10008
1668,1,10009
1668,2,10010
1668,3,10011
1668,4,10012
1668,5,10013
1669,0,10014
1669,1,10015
1669,2,10016
1669,3,10017
1669,4,10018
1669,5,10019
1670,0,10020
1670,1,10021
1670,2,10022
1670,3,10023
1670,4,10024
1670,5,10025
1671,0,10026
1671,1,10027
1671,2,10028
1671,3,10029
1671,4,10030
1671,5,10031
1672,0,10032
1672,1,10033
1672,2,10034
1672,3,10035
1672,4,10036
1672,5,10037
1673,0,10038
1673,1,10039
1673,2,10040
1673,3,10041
1673,4,10042
1673,5,10043
1674,0,10044
1674,1,10045
1674,2,10046
1674,3,10047
1674,4,10048
1674,5,10049
1675,0,10050
1675,1,10051
1675,2,10052
1675,3,10053
1675,4,10054
1675,5,10055
1676,0,10056
1676,1,10057
1676,2,10058
1676,3,10059
1676,4,10060
1676,5,10061
1677,0,10062
1677,1,10063
1677,2,10064
1677,3,10065
1677,4,10066
1677,5,10067
1678,0,10068
1678,1,10069
1678,2,10070
1678,3,10071
1678,4,10072
1678,5,10073
1679,0,10074
1679,1,10075
1679,2,10076
1679,3,10077
1679,4,10078
1679,5,10079
1680,0,10080
1680,1,10081
1680,2,10082
1680,3,10083
1680,4,10084
1680,5,10085
1681,0,10086
1681,1,10087
1681,2,10088
1681,3,10089
1681,4,10090
1681,5,10091
1682,0,10092
1682,1,10093
1682,2,10094
1682,3,10095
1682,4,10096
1682,5,10097
1683,0,10098
1683,1,10099
1683,2,10100
1683,3,10101
1683,4,10102
1683,5,10103
1684,0,10104
1684,1,10105
1684,2,10106
1684,3,10107
1684,4,10108
1684,5,10109
1685,0,10110
1685,1,10111
1685,2,10112
1685,3,10113
1685,4,10114
1685,5,10115
1686,0,10116
1686,1,10117
1686,2,10118
1686,3,10119
1686,4,10120
1686,5,10121
1687,0,10122
1687,1,10123
1687,2,10124
1687,3,10125
1687,4,10126
1687,5,10127
1688,0,10128
1688,1,10129
1688,2,10130
1688,3,10131
1688,4,10132
1688,5,10133
1689,0,10134
1689,1,10135
1689,2,10136
1689,3,10137
1689,4,10138
1689,5,10139
1690,0,10140
1690,1,10141
1690,2,10142
1690,3,10143
1690,4,10144
1690,5,10145
1691,0,10146
1691,1,10147
1691,2,10148
1691,3,10149
1691,4,10150
1691,5,10151
1692,0,10152
1692,1,10153
1692,2,10154
1692,3,10155
1692,4,10156
1692,5,10157
1693,0,10158
1693,1,10159
1693,2,10160
1693,3,10161
1693,4,10162
1693,5,10163
1694,0,10164
1694,1,10165
1694,2,10166
1694,3,10167
1694,4,10168
1694,5,10169
1695,0,10170
1695,1,10171
1695,2,10172
1695,3,10173
1695,4,10174
1695,5,10175
1696,0,10176
1696,1,10177
1696,2,10178
1696,3,10179
1696,4,10180
1696,5,10181
1697,0,10182
1697,1,10183
1697,2,10184
1697,3,10185
1697,4,10186
1697,5,10187
1698,0,10188
1698,1,10189
1698,2,10190
1698,3,10191
1698,4,10192
1698,5,10193
1699,0,10194
1699,1,10195
1699,2,10196
1699,3,10197
1699,4,10198
1699,5,10199
1700,0,10200
1700,1,10201
1700,2,10202
1700,3,10203
1700,4,10204
1700,5,10205
1701,0,10206
1701,1,10207
1701,2,10208
1701,3,10209
1701,4,10210
1701,5,10211
1702,0,10212
1702,1,10213
1702,2,10214
1702,3,10215
1702,4,10216
1702,5,10217
1703,0,10218
1703,1,10219
1703,2,10220
1703,3,10221
1703,4,10222
1703,5,10223
1704,0,10224
1704,1,10225
1704,2,10226
1704,3,10227
1704,4,10228
1704,5,10229
1705,0,10230
1705,1,10231
1705,2,10232
1705,3,10233
1705,4,10234
1705,5,10235
1706,0,10236
1706,1,10237
1706,2,10238
1706,3,10239
1706,4,10240
1706,5,10241
1707,0,10242
1707,1,10243
1707,2,10244
1707,3,10245
1707,4,10246
1707,5,10247
1708,0,10248
1708,1,10249
1708,2,10250
1708,3,10251
1708,4,10252
1708,5,10253
1709,0,10254
1709,1,10255
1709,2,10256
1709,3,10257
1709,4,10258
1709,5,10259
1710,0,10260
1710,1,10261
1710,2,10262
1710,3,10263
1710,4,10264
1710,5,10265
1711,0,10266
1711,1,10267
1711,2,10268
1711,3,10269
1711,4,10270
1711,5,10271
1712,0,10272
1712,1,10273
1712,2,10274
1712,3,10275
1712,4,10276
1712,5,10277
1713,0,10278
1713,1,10279
1713,2,10280
1713,3,10281
1713,4,10282
1713,5,10283
1714,0,10284
1714,1,10285
1714,2,10286
1714,3,10287
1714,4,10288
1714,5,10289
1715,0,10290
1715,1,10291
1715,2,10292
1715,3,10293
1715,4,10294
1715,5,10295
1716,0,10296
1716,1,10297
1716,2,10298
1716,3,10299
1716,4,10300
1716,5,10301
1717,0,10302
1717,1,10303
1717,2,10304
1717,3,10305
1717,4,10306
1717,5,10307
1718,0,10308
1718,1,10309
1718,2,10310
1718,3,10311
1718,4,10312
1718,5,10313
1719,0,10314
1719,1,10315
1719,2,10316
1719,3,10317
1719,4,10318
1719,5,10319
1720,0,10320
1720,1,10321
1720,2,10322
1720,3,10323
1720,4,10324
1720,5,10325
1721,0,10326
1721,1,10327
1721,2,10328
1721,3,10329
1721,4,10330
1721,5,10331
1722,0,10332
1722,1,10333
1722,2,10334
1722,3,10335
1722,4,10336
1722,5,10337
1723,0,10338
1723,1,10339
1723,2,10340
1723,3,10341
1723,4,10342
1723,5,10343
1724,0,10344
1724,1,10345
1724,2,10346
1724,3,10347
1724,4,10348
1724,5,10349
1725,0,10350
1725,1,10351
1725,2,10352
1725,3,10353
1725,4,10354
1725,5,10355
1726,0,10356
1726,1,10357
1726,2,10358
1726,3,10359
1726,4,10360
1726,5,10361
1727,0,10362
1727,1,10363
1727,2,10364
1727,3,10365
1727,4,10366
1727,5,10367
1728,0,10368
1728,1,10369
1728,2,10370
1728,3,10371
1728,4,10372
1728,5,10373
1729,0,10374
1729,1,10375
1729,2,10376
1729,3,10377
1729,4,10378
1729,5,10379
1730,0,10380
1730,1,10381
1730,2,10382
1730,3,10383
1730,4,10384
1730,5,10385
1731,0,10386
1731,1,10387
1731,2,10388
1731,3,10389
1731,4,10390
1731,5,10391
1732,0,10392
1732,1,10393
1732,2,10394
1732,3,10395
1732,4,10396
1732,5,10397
1733,0,10398
1733,1,10399
1733,2,10400
1733,3,10401
1733,4,10402
1733,5,10403
1734,0,10404
1734,1,10405
1734,2,10406
1734,3,10407
1734,4,10408
1734,5,10409
1735,0,10410
1735,1,10411
1735,2,10412
1735,3,10413
1735,4,10414
1735,5,10415
1736,0,10416
1736,1,10417
1736,2,10418
1736,3,10419
1736,4,10420
1736,5,10421
1737,0,10422
1737,1,10423
1737,2,10424
1737,3,10425
1737,4,10426
1737,5,10427
1738,0,10428
1738,1,10429
1738,2,10430
1738,3,10431
1738,4,10432
1738,5,10433
1739,0,10434
1739,1,10435
1739,2,10436
1739,3,10437
1739,4,10438
1739,5,10439
1740,0,10440
1740,1,10441
1740,2,10442
1740,3,10443
1740,4,10444
1740,5,10445
1741,0,10446
1741,1,10447
1741,2,10448
1741,3,10449
1741,4,10450
1741,5,10451
1742,0,10452
1742,1,10453
1742,2,10454
1742,3,10455
1742,4,10456
1742,5,10457
1743,0,10458
1743,1,10459
1743,2,10460
1743,3,10461
1743,4,10462
1743,5,10463
1744,0,10464
1744,1,10465
1744,2,10466
1744,3,10467
1744,4,10468
1744,5,10469
1745,0,10470
1745,1,10471
1745,2,10472
1745,3,10473
1745,4,10474
1745,5,10475
1746,0,10476
1746,1,10477
1746,2,10478
1746,3,10479
1746,4,10480
1746,5,10481
1747,0,10482
1747,1,10483
1747,2,10484
1747,3,10485
1747,4,10486
1747,5,10487
1748,0,10488
1748,1,10489
1748,2,10490
1748,3,10491
1748,4,10492
1748,5,10493
1749,0,10494
1749,1,10495
1749,2,10496
1749,3,10497
1749,4,10498
1749,5,10499
1750,0,10500
1750,1,10501
1750,2,10502
1750,3,10503
1750,4,10504
1750,5,10505
1751,0,10506
1751,1,10507
1751,2,10508
1751,3,10509
1751,4,10510
1751,5,10511
1752,0,10512
1752,1,10513
1752,2,10514
1752,3,10515
1752,4,10516
1752,5,10517
1753,0,10518
1753,1,10519
1753,2,10520
1753,3,10521
1753,4,10522
1753,5,10523
1754,0,10524
1754,1,10525
1754,2,10526
1754,3,10527
1754,4,10528
1754,5,10529
1755,0,10530
1755,1,10531
1755,2,10532
1755,3,10533
1755,4,10534
1755,5,10535
1756,0,10536
1756,1,10537
1756,2,10538
1756,3,10539
1756,4,10540
1756,5,10541
1757,0,10542
1757,1,10543
1757,2,10544
1757,3,10545
1757,4,10546
1757,5,10547
1758,0,10548
1758,1,10549
1758,2,10550
1758,3,10551
1758,4,10552
1758,5,10553
1759,0,10554
1759,1,10555
1759,2,10556
1759,3,10557
1759,4,10558
1759,5,10559
1760,0,10560
1760,1,10561
1760,2,10562
1760,3,10563
1760,4,10564
1760,5,10565
1761,0,10566
1761,1,10567
1761,2,10568
1761,3,10569
1761,4,10570
1761,5,10571
1762,0,10572
1762,1,10573
1762,2,10574
1762,3,10575
1762,4,10576
1762,5,10577
1763,0,10578
1763,1,10579
1763,2,10580
1763,3,10581
1763,4,10582
1763,5,10583
1764,0,10584
1764,1,10585
1764,2,10586
1764,3,10587
1764,4,10588
1764,5,10589
1765,0,10590
1765,1,10591
1765,2,10592
1765,3,10593
1765,4,10594
1765,5,10595
1766,0,10596
1766,1,10597
1766,2,10598
1766,3,10599
1766,4,10600
1766,5,10601
1767,0,10602
1767,1,10603
1767,2,10604
1767,3,10605
1767,4,10606
1767,5,10607
1768,0,10608
1768,1,10609
1768,2,10610
1768,3,10611
1768,4,10612
1768,5,10613
1769,0,10614
1769,1,10615
1769,2,10616
1769,3,10617
1769,4,10618
1769,5,10619
1770,0,10620
1770,1,10621
1770,2,10622
1770,3,10623
1770,4,10624
1770,5,10625
1771,0,10626
1771,1,10627
1771,2,10628
1771,3,10629
1771,4,10630
1771,5,10631
1772,0,10632
1772,1,10633
1772,2,10634
1772,3,10635
1772,4,10636
1772,5,10637
1773,0,10638
1773,1,10639
1773,2,10640
1773,3,10641
1773,4,10642
1773,5,10643
1774,0,10644
1774,1,10645
1774,2,10646
1774,3,10647
1774,4,10648
1774,5,10649
1775,0,10650
1775,1,10651
1775,2,10652
1775,3,10653
1775,4,10654
1775,5,10655
1776,0,10656
1776,1,10657
1776,2,10658
1776,3,10659
1776,4,10660
1776,5,10661
1777,0,10662
1777,1,10663
1777,2,10664
1777,3,10665
1777,4,10666
1777,5,10667
1778,0,10668
1778,1,10669
1778,2,10670
1778,3,10671
1778,4,10672
1778,5,10673
1779,0,10674
1779,1,10675
1779,2,10676
1779,3,10677
1779,4,10678
1779,5,10679
1780,0,10680
1780,1,10681
1780,2,10682
1780,3,10683
1780,4,10684
1780,5,10685
1781,0,10686
1781,1,10687
1781,2,10688
1781,3,10689
1781,4,10690
1781,5,10691
1782,0,10692
1782,1,10693
1782,2,10694
1782,3,10695
1782,4,10696
1782,5,10697
1783,0,10698
1783,1,10699
1783,2,10700
1783,3,10701
1783,4,10702
1783,5,10703
1784,0,10704
1784,1,10705
1784,2,10706
1784,3,10707
1784,4,10708
1784,5,10709
1785,0,10710
1785,1,10711
1785,2,10712
1785,3,10713
1785,4,10714
1785,5,10715
1786,0,10716
1786,1,10717
1786,2,10718
1786,3,10719
1786,4,10720
1786,5,10721
1787,0,10722
1787,1,10723
1787,2,10724
1787,3,10725
1787,4,10726
1787,5,10727
1788,0,10728
1788,1,10729
1788,2,10730
1788,3,10731
1788,4,10732
1788,5,10733
1789,0,10734
1789,1,10735
1789,2,10736
1789,3,10737
1789,4,10738
1789,5,10739
1790,0,10740
1790,1,10741
1790,2,10742
1790,3,10743
1790,4,10744
1790,5,10745
1791,0,10746
1791,1,10747
1791,2,10748
1791,3,10749
1791,4,10750
1791,5,10751
1792,0,10752
1792,1,10753
1792,2,10754
1792,3,10755
1792,4,10756
1792,5,10757
1793,0,10758
1793,1,10759
1793,2,10760
1793,3,10761
1793,4,10762
1793,5,10763
1794,0,10764
1794,1,10765
1794,2,10766
1794,3,10767
1794,4,10768
1794,5,10769
1795,0,10770
1795,1,10771
1795,2,10772
1795,3,10773
1795,4,10774
1795,5,10775
1796,0,10776
1796,1,10777
1796,2,10778
1796,3,10779
1796,4,10780
1796,5,10781
1797,0,10782
1797,1,10783
1797,2,10784
1797,3,10785
1797,4,10786
1797,5,10787
1798,0,10788
1798,1,10789
1798,2,10790
1798,3,10791
1798,4,10792
1798,5,10793
1799,0,10794
1799,1,10795
1799,2,10796
1799,3,10797
1799,4,10798
1799,5,10799
1800,0,10800
1800,1,10801
1800,2,10802
1800,3,10803
1800,4,10804
1800,5,10805
1801,0,10806
1801,1,10807
1801,2,10808
1801,3,10809
1801,4,10810
1801,5,10811
1802,0,10812
1802,1,10813
1802,2,10814
1802,3,10815
1802,4,10816
1802,5,10817
1803,0,10818
1803,1,10819
1803,2,10820
1803,3,10821
1803,4,10822
1803,5,10823
1804,0,10824
1804,1,10825
1804,2,10826
1804,3,10827
1804,4,10828
1804,5,10829
1805,0,10830
1805,1,10831
1805,2,10832
1805,3,10833
1805,4,10834
1805,5,10835
1806,0,10836
1806,1,10837
1806,2,10838
1806,3,10839
1806,4,10840
1806,5,10841
1807,0,10842
1807,1,10843
1807,2,10844
1807,3,10845
1807,4,10846
1807,5,10847
1808,0,10848
1808,1,10849
1808,2,10850
1808,3,10851
1808,4,10852
1808,5,10853
1809,0,10854
1809,1,10855
1809,2,10856
1809,3,10857
1809,4,10858
1809,5,10859
1810,0,10860
1810,1,10861
1810,2,10862
1810,3,10863
1810,4,10864
1810,5,10865
1811,0,10866
1811,1,10867
1811,2,10868
1811,3,10869
1811,4,10870
1811,5,10871
1812,0,10872
1812,1,10873
1812,2,10874
1812,3,10875
1812,4,10876
1812,5,10877
1813,0,10878
1813,1,10879
1813,2,10880
1813,3,10881
1813,4,10882
1813,5,10883
1814,0,10884
1814,1,10885
1814,2,10886
1814,3,10887
1814,4,10888
1814,5,10889
1815,0,10890
1815,1,10891
1815,2,10892
1815,3,10893
1815,4,10894
1815,5,10895
1816,0,10896
1816,1,10897
1816,2,10898
1816,3,10899
1816,4,10900
1816,5,10901
1817,0,10902
1817,1,10903
1817,2,10904
1817,3,10905
1817,4,10906
1817,5,10907
1818,0,10908
1818,1,10909
1818,2,10910
1818,3,10911
1818,4,10912
1818,5,10913
1819,0,10914
1819,1,10915
1819,2,10916
1819,3,10917
1819,4,10918
1819,5,10919
1820,0,10920
1820,1,10921
1820,2,10922
1820,3,10923
1820,4,10924
1820,5,10925
1821,0,10926
1821,1,10927
1821,2,10928
1821,3,10929
1821,4,10930
1821,5,10931
1822,0,10932
1822,1,10933
1822,2,10934
1822,3,10935
1822,4,10936
1822,5,10937
1823,0,10938
1823,1,10939
1823,2,10940
1823,3,10941
1823,4,10942
1823,5,10943
1824,0,10944
1824,1,10945
1824,2,10946
1824,3,10947
1824,4,10948
1824,5,10949
1825,0,10950
1825,1,10951
1825,2,10952
1825,3,10953
1825,4,10954
1825,5,10955
1826,0,10956
1826,1,10957
1826,2,10958
1826,3,10959
1826,4,10960
1826,5,10961
1827,0,10962
1827,1,10963
1827,2,10964
1827,3,10965
1827,4,10966
1827,5,10967
1828,0,10968
1828,1,10969
1828,2,10970
1828,3,10971
1828,4,10972
1828,5,10973
1829,0,10974
1829,1,10975
1829,2,10976
1829,3,10977
1829,4,10978
1829,5,10979
1830,0,10980
1830,1,10981
1830,2,10982
1830,3,10983
1830,4,10984
1830,5,10985
1831,0,10986
1831,1,10987
1831,2,10988
1831,3,10989
1831,4,10990
1831,5,10991
1832,0,10992
1832,1,10993
1832,2,10994
1832,3,10995
1832,4,10996
1832,5,10997
1833,0,10998
1833,1,10999
1833,2,11000
1833,3,11001
1833,4,11002
1833,5,11003
1834,0,11004
1834,1,11005
1834,2,11006
1834,3,11007
1834,4,11008
1834,5,11009
1835,0,11010
1835,1,11011
1835,2,11012
1835,3,11013
1835,4,11014
1835,5,11015
1836,0,11016
1836,1,11017
1836,2,11018
1836,3,11019
1836,4,11020
1836,5,11021
1837,0,11022
1837,1,11023
1837,2,11024
1837,3,11025
1837,4,11026
1837,5,11027
1838,0,11028
1838,1,11029
1838,2,11030
1838,3,11031
1838,4,11032
1838,5,11033
1839,0,11034
1839,1,11035
1839,2,11036
1839,3,11037
1839,4,11038
1839,5,11039
1840,0,11040
1840,1,11041
1840,2,11042
1840,3,11043
1840,4,11044
1840,5,11045
1841,0,11046
1841,1,11047
1841,2,11048
1841,3,11049
1841,4,11050
1841,5,11051
1842,0,11052
1842,1,11053
1842,2,11054
1842,3,11055
1842,4,11056
1842,5,11057
1843,0,11058
1843,1,11059
1843,2,11060
1843,3,11061
1843,4,11062
1843,5,11063
1844,0,11064
1844,1,11065
1844,2,11066
1844,3,11067
1844,4,11068
1844,5,11069
1845,0,11070
1845,1,11071
1845,2,11072
1845,3,11073
1845,4,11074
1845,5,11075
1846,0,11076
1846,1,11077
1846,2,11078
1846,3,11079
1846,4,11080
1846,5,11081
1847,0,11082
1847,1,11083
1847,2,11084
1847,3,11085
1847,4,11086
1847,5,11087
1848,0,11088
1848,1,11089
1848,2,11090
1848,3,11091
1848,4,11092
1848,5,11093
1849,0,11094
1849,1,11095
1849,2,11096
1849,3,11097
1849,4,11098
1849,5,11099
1850,0,11100
1850,1,11101
1850,2,11102
1850,3,11103
1850,4,11104
1850,5,11105
1851,0,11106
1851,1,11107
1851,2,11108
1851,3,11109
1851,4,11110
1851,5,11111
1852,0,11112
1852,1,11113
1852,2,11114
1852,3,11115
1852,4,11116
1852,5,11117
1853,0,11118
1853,1,11119
1853,2,11120
1853,3,11121
1853,4,11122
1853,5,11123
1854,0,11124
1854,1,11125
1854,2,11126
1854,3,11127
1854,4,11128
1854,5,11129
1855,0,11130
1855,1,11131
1855,2,11132
1855,3,11133
1855,4,11134
1855,5,11135
1856,0,11136
1856,1,11137
1856,2,11138
1856,3,11139
1856,4,11140
1856,5,11141
1857,0,11142
1857,1,11143
1857,2,11144
1857,3,11145
1857,4,11146
1857,5,11147
1858,0,11148
1858,1,11149
1858,2,11150
1858,3,11151
1858,4,11152
1858,5,11153
1859,0,11154
1859,1,11155
1859,2,11156
1859,3,11157
1859,4,11158
1859,5,11159
1860,0,11160
1860,1,11161
1860,2,11162
1860,3,11163
1860,4,11164
1860,5,11165
1861,0,11166
1861,1,11167
1861,2,11168
1861,3,11169
1861,4,11170
1861,5,11171
1862,0,11172
1862,1,11173
1862,2,11174
1862,3,11175
1862,4,11176
1862,5,11177
1863,0,11178
1863,1,11179
1863,2,11180
1863,3,11181
1863,4,11182
1863,5,11183
1864,0,11184
1864,1,11185
1864,2,11186
1864,3,11187
1864,4,11188
1864,5,11189
1865,0,11190
1865,1,11191
1865,2,11192
1865,3,11193
1865,4,11194
1865,5,11195
1866,0,11196
1866,1,11197
1866,2,11198
1866,3,11199
1866,4,11200
1866,5,11201
1867,0,11202
1867,1,11203
1867,2,11204
1867,3,11205
1867,4,11206
1867,5,11207
1868,0,11208
1868,1,11209
1868,2,11210
1868,3,11211
1868,4,11212
1868,5,11213
1869,0,11214
1869,1,11215
1869,2,11216
1869,3,11217
1869,4,11218
1869,5,11219
1870,0,11220
1870,1,11221
1870,2,11222
1870,3,11223
1870,4,11224
1870,5,11225
1871,0,11226
1871,1,11227
1871,2,11228
1871,3,11229
1871,4,11230
1871,5,11231
1872,0,11232
1872,1,11233
1872,2,11234
1872,3,11235
1872,4,11236
1872,5,11237
1873,0,11238
1873,1,11239
1873,2,11240
1873,3,11241
1873,4,11242
1873,5,11243
1874,0,11244
1874,1,11245
1874,2,11246
1874,3,11247
1874,4,11248
1874,5,11249
1875,0,11250
1875,1,11251
1875,2,11252
1875,3,11253
1875,4,11254
1875,5,11255
1876,0,11256
1876,1,11257
1876,2,11258
1876,3,11259
1876,4,11260
1876,5,11261
1877,0,11262
1877,1,11263
1877,2,11264
1877,3,11265
1877,4,11266
1877,5,11267
1878,0,11268
1878,1,11269
1878,2,11270
1878,3,11271
1878,4,11272
1878,5,11273
1879,0,11274
1879,1,11275
1879,2,11276
1879,3,11277
1879,4,11278
1879,5,11279
1880,0,11280
1880,1,11281
1880,2,11282
1880,3,11283
1880,4,11284
1880,5,11285
1881,0,11286
1881,1,11287
1881,2,11288
1881,3,11289
1881,4,11290
1881,5,11291
1882,0,11292
1882,1,11293
1882,2,11294
1882,3,11295
1882,4,11296
1882,5,11297
1883,0,11298
1883,1,11299
1883,2,11300
1883,3,11301
1883,4,11302
1883,5,11303
1884,0,11304
1884,1,11305
1884,2,11306
1884,3,11307
1884,4,11308
1884,5,11309
1885,0,11310
1885,1,11311
1885,2,11312
1885,3,11313
1885,4,11314
1885,5,11315
1886,0,11316
1886,1,11317
1886,2,11318
1886,3,11319
1886,4,11320
1886,5,11321
1887,0,11322
1887,1,11323
1887,2,11324
1887,3,11325
1887,4,11326
1887,5,11327
1888,0,11328
1888,1,11329
1888,2,11330
1888,3,11331
1888,4,11332
1888,5,11333
1889,0,11334
1889,1,11335
1889,2,11336
1889,3,11337
1889,4,11338
1889,5,11339
1890,0,11340
1890,1,11341
1890,2,11342
1890,3,11343
1890,4,11344
1890,5,11345
1891,0,11346
1891,1,11347
1891,2,11348
1891,3,11349
1891,4,11350
1891,5,11351
1892,0,11352
1892,1,11353
1892,2,11354
1892,3,11355
1892,4,11356
1892,5,11357
1893,0,11358
1893,1,11359
1893,2,11360
1893,3,11361
1893,4,11362
1893,5,11363
1894,0,11364
1894,1,11365
1894,2,11366
1894,3,11367
1894,4,11368
1894,5,11369
1895,0,11370
1895,1,11371
1895,2,11372
1895,3,11373
1895,4,11374
1895,5,11375
1896,0,11376
1896,1,11377
1896,2,11378
1896,3,11379
1896,4,11380
1896,5,11381
1897,0,11382
1897,1,11383
1897,2,11384
1897,3,11385
1897,4,11386
1897,5,11387
1898,0,11388
1898,1,11389
1898,2,11390
1898,3,11391
1898,4,11392
1898,5,11393
1899,0,11394
1899,1,11395
1899,2,11396
1899,3,11397
1899,4,11398
1899,5,11399
1900,0,11400
1900,1,11401
1900,2,11402
1900,3,11403
1900,4,11404
1900,5,11405
1901,0,11406
1901,1,11407
1901,2,11408
1901,3,11409
1901,4,11410
1901,5,11411
1902,0,11412
1902,1,11413
1902,2,11414
1902,3,11415
1902,4,11416
1902,5,11417
1903,0,11418
1903,1,11419
1903,2,11420
1903,3,11421
1903,4,11422
1903,5,11423
1904,0,11424
1904,1,11425
1904,2,11426
1904,3,11427
1904,4,11428
1904,5,11429
1905,0,11430
1905,1,11431
1905,2,11432
1905,3,11433
1905,4,11434
1905,5,11435
1906,0,11436
1906,1,11437
1906,2,11438
1906,3,11439
1906,4,11440
1906,5,11441
1907,0,11442
1907,1,11443
1907,2,11444
1907,3,11445
1907,4,11446
1907,5,11447
1908,0,11448
1908,1,11449
1908,2,11450
1908,3,11451
1908,4,11452
1908,5,11453
1909,0,11454
1909,1,11455
1909,2,11456
1909,3,11457
1909,4,11458
1909,5,11459
1910,0,11460
1910,1,11461
1910,2,11462
1910,3,11463
1910,4,11464
1910,5,11465
1911,0,11466
1911,1,11467
1911,2,11468
1911,3,11469
1911,4,11470
1911,5,11471
1912,0,11472
1912,1,11473
1912,2,11474
1912,3,11475
1912,4,11476
1912,5,11477
1913,0,11478
1913,1,11479
1913,2,11480
1913,3,11481
1913,4,11482
1913,5,11483
1914,0,11484
1914,1,11485
1914,2,11486
1914,3,11487
1914,4,11488
1914,5,11489
1915,0,11490
1915,1,11491
1915,2,11492
1915,3,11493
1915,4,11494
1915,5,11495
1916,0,11496
1916,1,11497
1916,2,11498
1916,3,11499
1916,4,11500
1916,5,11501
1917,0,11502
1917,1,11503
1917,2,11504
1917,3,11505
1917,4,11506
1917,5,11507
1918,0,11508
1918,1,11509
1918,2,11510
1918,3,11511
1918,4,11512
1918,5,11513
1919,0,11514
1919,1,11515
1919,2,11516
1919,3,11517
1919,4,11518
1919,5,11519
1920,0,11520
1920,1,11521
1920,2,11522
1920,3,11523
1920,4,11524
1920,5,11525
1921,0,11526
1921,1,11527
1921,2,11528
1921,3,11529
1921,4,11530
1921,5,11531
1922,0,11532
1922,1,11533
1922,2,11534
1922,3,11535
1922,4,11536
1922,5,11537
1923,0,11538
1923,1,11539
1923,2,11540
1923,3,11541
1923,4,11542
1923,5,11543
1924,0,11544
1924,1,11545
1924,2,11546
1924,3,11547
1924,4,11548
1924,5,11549
1925,0,11550
1925,1,11551
1925,2,11552
1925,3,11553
1925,4,11554
1925,5,11555
1926,0,11556
1926,1,11557
1926,2,11558
1926,3,11559
1926,4,11560
1926,5,11561
1927,0,11562
1927,1,11563
1927,2,11564
1927,3,11565
1927,4,11566
1927,5,11567
1928,0,11568
1928,1,11569
1928,2,11570
1928,3,11571
1928,4,11572
1928,5,11573
1929,0,11574
1929,1,11575
1929,2,11576
1929,3,11577
1929,4,11578
1929,5,11579
1930,0,11580
1930,1,11581
1930,2,11582
1930,3,11583
1930,4,11584
1930,5,11585
1931,0,11586
1931,1,11587
1931,2,11588
1931,3,11589
1931,4,11590
1931,5,11591
1932,0,11592
1932,1,11593
1932,2,11594
1932,3,11595
1932,4,11596
1932,5,11597
1933,0,11598
1933,1,11599
1933,2,11600
1933,3,11601
1933,4,11602
1933,5,11603
1934,0,11604
1934,1,11605
1934,2,11606
1934,3,11607
1934,4,11608
1934,5,11609
1935,0,11610
1935,1,11611
1935,2,11612
1935,3,11613
1935,4,11614
1935,5,11615
1936,0,11616
1936,1,11617
1936,2,11618
1936,3,11619
1936,4,11620
1936,5,11621
1937,0,11622
1937,1,11623
1937,2,11624
1937,3,11625
1937,4,11626
1937,5,11627
1938,0,11628
1938,1,11629
1938,2,11630
1938,3,11631
1938,4,11632
1938,5,11633
1939,0,11634
1939,1,11635
1939,2,11636
1939,3,11637
1939,4,11638
1939,5,11639
1940,0,11640
1940,1,11641
1940,2,11642
1940,3,11643
1940,4,11644
1940,5,11645
1941,0,11646
1941,1,11647
1941,2,11648
1941,3,11649
1941,4,11650
1941,5,11651
1942,0,11652
1942,1,11653
1942,2,11654
1942,3,11655
1942,4,11656
1942,5,11657
1943,0,11658
1943,1,11659
1943,2,11660
1943,3,11661
1943,4,11662
1943,5,11663
1944,0,11664
1944,1,11665
1944,2,11666
1944,3,11667
1944,4,11668
1944,5,11669
1945,0,11670
1945,1,11671
1945,2,11672
1945,3,11673
1945,4,11674
1945,5,11675
1946,0,11676
1946,1,11677
1946,2,11678
1946,3,11679
1946,4,11680
1946,5,11681
1947,0,11682
1947,1,11683
1947,2,11684
1947,3,11685
1947,4,11686
1947,5,11687
1948,0,11688
1948,1,11689
1948,2,11690
1948,3,11691
1948,4,11692
1948,5,11693
1949,0,11694
1949,1,11695
1949,2,11696
1949,3,11697
1949,4,11698
1949,5,11699
1950,0,11700
1950,1,11701
1950,2,11702
1950,3,11703
1950,4,11704
1950,5,11705
1951,0,11706
1951,1,11707
1951,2,11708
1951,3,11709
1951,4,11710
1951,5,11711
1952,0,11712
1952,1,11713
1952,2,11714
1952,3,11715
1952,4,11716
1952,5,11717
1953,0,11718
1953,1,11719
1953,2,11720
1953,3,11721
1953,4,11722
1953,5,11723
1954,0,11724
1954,1,11725
1954,2,11726
1954,3,11727
1954,4,11728
1954,5,11729
1955,0,11730
1955,1,11731
1955,2,11732
1955,3,11733
1955,4,11734
1955,5,11735
1956,0,11736
1956,1,11737
1956,2,11738
1956,3,11739
1956,4,11740
1956,5,11741
1957,0,11742
1957,1,11743
1957,2,11744
1957,3,11745
1957,4,11746
1957,5,11747
1958,0,11748
1958,1,11749
1958,2,11750
1958,3,11751
1958,4,11752
1958,5,11753
1959,0,11754
1959,1,11755
1959,2,11756
1959,3,11757
1959,4,11758
1959,5,11759
1960,0,11760
1960,1,11761
1960,2,11762
1960,3,11763
1960,4,11764
1960,5,11765
1961,0,11766
1961,1,11767
1961,2,11768
1961,3,11769
1961,4,11770
1961,5,11771
1962,0,11772
1962,1,11773
1962,2,11774
1962,3,11775
1962,4,11776
1962,5,11777
1963,0,11778
1963,1,11779
1963,2,11780
1963,3,11781
1963,4,11782
1963,5,11783
1964,0,11784
1964,1,11785
1964,2,11786
1964,3,11787
1964,4,11788
1964,5,11789
1965,0,11790
1965,1,11791
1965,2,11792
1965,3,11793
1965,4,11794
1965,5,11795
1966,0,11796
1966,1,11797
1966,2,11798
1966,3,11799
1966,4,11800
1966,5,11801
1967,0,11802
1967,1,11803
1967,2,11804
1967,3,11805
1967,4,11806
1967,5,11807
1968,0,11808
1968,1,11809
1968,2,11810
1968,3,11811
1968,4,11812
1968,5,11813
1969,0,11814
1969,1,11815
1969,2,11816
1969,3,11817
1969,4,11818
1969,5,11819
1970,0,11820
1970,1,11821
1970,2,11822
1970,3,11823
1970,4,11824
1970,5,11825
1971,0,11826
1971,1,11827
1971,2,11828
1971,3,11829
1971,4,11830
1971,5,11831
1972,0,11832
1972,1,11833
1972,2,11834
1972,3,11835
1972,4,11836
1972,5,11837
1973,0,11838
1973,1,11839
1973,2,11840
1973,3,11841
1973,4,11842
1973,5,11843
1974,0,11844
1974,1,11845
1974,2,11846
1974,3,11847
1974,4,11848
1974,5,11849
1975,0,11850
1975,1,11851
1975,2,11852
1975,3,11853
1975,4,11854
1975,5,11855
1976,0,11856
1976,1,11857
1976,2,11858
1976,3,11859
1976,4,11860
1976,5,11861
1977,0,11862
1977,1,11863
1977,2,11864
1977,3,11865
1977,4,11866
1977,5,11867
1978,0,11868
1978,1,11869
1978,2,11870
1978,3,11871
1978,4,11872
1978,5,11873
1979,0,11874
1979,1,11875
1979,2,11876
1979,3,11877
1979,4,11878
1979,5,11879
1980,0,11880
1980,1,11881
1980,2,11882
1980,3,11883
1980,4,11884
1980,5,11885
1981,0,11886
1981,1,11887
1981,2,11888
1981,3,11889
1981,4,11890
1981,5,11891
1982,0,11892
1982,1,11893
1982,2,11894
1982,3,11895
1982,4,11896
1982,5,11897
1983,0,11898
1983,1,11899
1983,2,11900
1983,3,11901
1983,4,11902
1983,5,11903
1984,0,11904
1984,1,11905
1984,2,11906
1984,3,11907
1984,4,11908
1984,5,11909
1985,0,11910
1985,1,11911
1985,2,11912
1985,3,11913
1985,4,11914
1985,5,11915
1986,0,11916
1986,1,11917
1986,2,11918
1986,3,11919
1986,4,11920
1986,5,11921
1987,0,11922
1987,1,11923
1987,2,11924
1987,3,11925
1987,4,11926
1987,5,11927
1988,0,11928
1988,1,11929
1988,2,11930
1988,3,11931
1988,4,11932
1988,5,11933
1989,0,11934
1989,1,11935
1989,2,11936
1989,3,11937
1989,4,11938
1989,5,11939
1990,0,11940
1990,1,11941
1990,2,11942
1990,3,11943
1990,4,11944
1990,5,11945
1991,0,11946
1991,1,11947
1991,2,11948
1991,3,11949
1991,4,11950
1991,5,11951
1992,0,11952
1992,1,11953
1992,2,11954
1992,3,11955
1992,4,11956
1992,5,11957
1993,0,11958
1993,1,11959
1993,2,11960
1993,3,11961
1993,4,11962
1993,5,11963
1994,0,11964
1994,1,11965
1994,2,11966
1994,3,11967
1994,4,11968
1994,5,11969
1995,0,11970
1995,1,11971
1995,2,11972
1995,3,11973
1995,4,11974
1995,5,11975
1996,0,11976
1996,1,11977
1996,2,11978
1996,3,11979
1996,4,11980
1996,5,11981
1997,0,11982
1997,1,11983
1997,2,11984
1997,3,11985
1997,4,11986
1997,5,11987
1998,0,11988
1998,1,11989
1998,2,11990
1998,3,11991
1998,4,11992
1998,5,11993
1999,0,11994
1999,1,11995
1999,2,11996
1999,3,11997
1999,4,11998
1999,5,11999
2000,0,12000
2000,1,12001
2000,2,12002
2000,3,12003
2000,4,12004
2000,5,12005
2001,0,12006
2001,1,12007
2001,2,12008
2001,3,12009
2001,4,12010
2001,5,12011
2002,0,12012
2002,1,12013
2002,2,12014
2002,3,12015
2002,4,12016
2002,5,12017
2003,0,12018
2003,1,12019
2003,2,12020
2003,3,12021
2003,4,12022
2003,5,12023
2004,0,12024
2004,1,12025
2004,2,12026
2004,3,12027
2004,4,12028
2004,5,12029
2005,0,12030
2005,1,12031
2005,2,12032
2005,3,12033
2005,4,12034
2005,5,12035
2006,0,12036
2006,1,12037
2006,2,12038
2006,3,12039
2006,4,12040
2006,5,12041
2007,0,12042
2007,1,12043
2007,2,12044
2007,3,12045
2007,4,12046
2007,5,12047
2008,0,12048
2008,1,12049
2008,2,12050
2008,3,12051
2008,4,12052
2008,5,12053
2009,0,12054
2009,1,12055
2009,2,12056
2009,3,12057
2009,4,12058
2009,5,12059
2010,0,12060
2010,1,12061
2010,2,12062
2010,3,12063
2010,4,12064
2010,5,12065
2011,0,12066
2011,1,12067
2011,2,12068
2011,3,12069
2011,4,12070
2011,5,12071
2012,0,12072
2012,1,12073
2012,2,12074
2012,3,12075
2012,4,12076
2012,5,12077
2013,0,12078
2013,1,12079
2013,2,12080
2013,3,12081
2013,4,12082
2013,5,12083
2014,0,12084
2014,1,12085
2014,2,12086
2014,3,12087
2014,4,12088
2014,5,12089
2015,0,12090
2015,1,12091
2015,2,12092
2015,3,12093
2015,4,12094
2015,5,12095
2016,0,12096
2016,1,12097
2016,2,12098
2016,3,12099
2016,4,12100
2016,5,12101
2017,0,12102
2017,1,12103
2017,2,12104
2017,3,12105
2017,4,12106
2017,5,12107
2018,0,12108
2018,1,12109
2018,2,12110
2018,3,12111
2018,4,12112
2018,5,12113
2019,0,12114
2019,1,12115
2019,2,12116
2019,3,12117
2019,4,12118
2019,5,12119
2020,0,12120
2020,1,12121
2020,2,12122
2020,3,12123
2020,4,12124
2020,5,12125
2021,0,12126
2021,1,12127
2021,2,12128
2021,3,12129
2021,4,12130
2021,5,12131
2022,0,12132
2022,1,12133
2022,2,12134
2022,3,12135
2022,4,12136
2022,5,12137
2023,0,12138
2023,1,12139
2023,2,12140
2023,3,12141
2023,4,12142
2023,5,12143
2024,0,12144
2024,1,12145
2024,2,12146
2024,3,12147
2024,4,12148
2024,5,12149
2025,0,12150
2025,1,12151
2025,2,12152
2025,3,12153
2025,4,12154
2025,5,12155
2026,0,12156
2026,1,12157
2026,2,12158
2026,3,12159
2026,4,12160
2026,5,12161
2027,0,12162
2027,1,12163
2027,2,12164
2027,3,12165
2027,4,12166
2027,5,12167
2028,0,12168
2028,1,12169
2028,2,12170
2028,3,12171
2028,4,12172
2028,5,12173
2029,0,12174
2029,1,12175
2029,2,12176
2029,3,12177
2029,4,12178
2029,5,12179
2030,0,12180
2030,1,12181
2030,2,12182
2030,3,12183
2030,4,12184
2030,5,12185
2031,0,12186
2031,1,12187
2031,2,12188
2031,3,12189
2031,4,12190
2031,5,12191
2032,0,12192
2032,1,12193
2032,2,12194
2032,3,12195
2032,4,12196
2032,5,12197
2033,0,12198
2033,1,12199
2033,2,12200
2033,3,12201
2033,4,12202
2033,5,12203
2034,0,12204
2034,1,12205
2034,2,12206
2034,3,12207
2034,4,12208
2034,5,12209
2035,0,12210
2035,1,12211
2035,2,12212
2035,3,12213
2035,4,12214
2035,5,12215
2036,0,12216
2036,1,12217
2036,2,12218
2036,3,12219
2036,4,12220
2036,5,12221
2037,0,12222
2037,1,12223
2037,2,12224
2037,3,12225
2037,4,12226
2037,5,12227
2038,0,12228
2038,1,12229
2038,2,12230
2038,3,12231
2038,4,12232
2038,5,12233
2039,0,12234
2039,1,12235
2039,2,12236
2039,3,12237
2039,4,12238
2039,5,12239
2040,0,12240
2040,1,12241
2040,2,12242
2040,3,12243
2040,4,12244
2040,5,12245
2041,0,12246
2041,1,12247
2041,2,12248
2041,3,12249
2041,4,12250
2041,5,12251
2042,0,12252
2042,1,12253
2042,2,12254
2042,3,12255
2042,4,12256
2042,5,12257
2043,0,12258
2043,1,12259
2043,2,12260
2043,3,12261
2043,4,12262
2043,5,12263
2044,0,12264
2044,1,12265
2044,2,12266
2044,3,12267
2044,4,12268
2044,5,12269
2045,0,12270
2045,1,12271
2045,2,12272
2045,3,12273
2045,4,12274
2045,5,12275
2046,0,12276
2046,1,12277
2046,2,12278
2046,3,12279
2046,4,12280
2046,5,12281
2047,0,12282
2047,1,12283
2047,2,12284
2047,3,12285
2047,4,12286
2047,5,12287
2048,0,12288
2048,1,12289
2048,2,12290
2048,3,12291
2048,4,12292
2048,5,12293
2049,0,12294
2049,1,12295
2049,2,12296
2049,3,12297
2049,4,12298
2049,5,12299
2050,0,12300
2050,1,12301
2050,2,12302
2050,3,12303
2050,4,12304
2050,5,12305
2051,0,12306
2051,1,12307
2051,2,12308
2051,3,12309
2051,4,12310
2051,5,12311
2052,0,12312
2052,1,12313
2052,2,12314
2052,3,12315
2052,4,12316
2052,5,12317
2053,0,12318
2053,1,12319
2053,2,12320
2053,3,12321
2053,4,12322
2053,5,12323
2054,0,12324
2054,1,12325
2054,2,12326
2054,3,12327
2054,4,12328
2054,5,12329
2055,0,12330
2055,1,12331
2055,2,12332
2055,3,12333
2055,4,12334
2055,5,12335
2056,0,12336
2056,1,12337
2056,2,12338
2056,3,12339
2056,4,12340
2056,5,12341
2057,0,12342
2057,1,12343
2057,2,12344
2057,3,12345
2057,4,12346
2057,5,12347
2058,0,12348
2058,1,12349
2058,2,12350
2058,3,12351
2058,4,12352
2058,5,12353
2059,0,12354
2059,1,12355
2059,2,12356
2059,3,12357
2059,4,12358
2059,5,12359
2060,0,12360
2060,1,12361
2060,2,12362
2060,3,12363
2060,4,12364
2060,5,12365
2061,0,12366
2061,1,12367
2061,2,12368
2061,3,12369
2061,4,12370
2061,5,12371
2062,0,12372
2062,1,12373
2062,2,12374
2062,3,12375
2062,4,12376
2062,5,12377
2063,0,12378
2063,1,12379
2063,2,12380
2063,3,12381
2063,4,12382
2063,5,12383
2064,0,12384
2064,1,12385
2064,2,12386
2064,3,12387
2064,4,12388
2064,5,12389
2065,0,12390
2065,1,12391
2065,2,12392
2065,3,12393
2065,4,12394
2065,5,12395
2066,0,12396
2066,1,12397
2066,2,12398
2066,3,12399
2066,4,12400
2066,5,12401
2067,0,12402
2067,1,12403
2067,2,12404
2067,3,12405
2067,4,12406
2067,5,12407
2068,0,12408
2068,1,12409
2068,2,12410
2068,3,12411
2068,4,12412
2068,5,12413
2069,0,12414
2069,1,12415
2069,2,12416
2069,3,12417
2069,4,12418
2069,5,12419
2070,0,12420
2070,1,12421
2070,2,12422
2070,3,12423
2070,4,12424
2070,5,12425
2071,0,12426
2071,1,12427
2071,2,12428
2071,3,12429
2071,4,12430
2071,5,12431
2072,0,12432
2072,1,12433
2072,2,12434
2072,3,12435
2072,4,12436
2072,5,12437
2073,0,12438
2073,1,12439
2073,2,12440
2073,3,12441
2073,4,12442
2073,5,12443
2074,0,12444
2074,1,12445
2074,2,12446
2074,3,12447
2074,4,12448
2074,5,12449
2075,0,12450
2075,1,12451
2075,2,12452
2075,3,12453
2075,4,12454
2075,5,12455
2076,0,12456
2076,1,12457
2076,2,12458
2076,3,12459
2076,4,12460
2076,5,12461
2077,0,12462
2077,1,12463
2077,2,12464
2077,3,12465
2077,4,12466
2077,5,12467
2078,0,12468
2078,1,12469
2078,2,12470
2078,3,12471
2078,4,12472
2078,5,12473
2079,0,12474
2079,1,12475
2079,2,12476
2079,3,12477
2079,4,12478
2079,5,12479
2080,0,12480
2080,1,12481
2080,2,12482
2080,3,12483
2080,4,12484
2080,5,12485
2081,0,12486
2081,1,12487
2081,2,12488
2081,3,12489
2081,4,12490
2081,5,12491
2082,0,12492
2082,1,12493
2082,2,12494
2082,3,12495
2082,4,12496
2082,5,12497
2083,0,12498
2083,1,12499
2083,2,12500
2083,3,12501
2083,4,12502
2083,5,12503
2084,0,12504
2084,1,12505
2084,2,12506
2084,3,12507
2084,4,12508
2084,5,12509
2085,0,12510
2085,1,12511
2085,2,12512
2085,3,12513
2085,4,12514
2085,5,12515
2086,0,12516
2086,1,12517
2086,2,12518
2086,3,12519
2086,4,12520
2086,5,12521
2087,0,12522
2087,1,12523
2087,2,12524
2087,3,12525
2087,4,12526
2087,5,12527
2088,0,12528
2088,1,12529
2088,2,12530
2088,3,12531
2088,4,12532
2088,5,12533
2089,0,12534
2089,1,12535
2089,2,12536
2089,3,12537
2089,4,12538
2089,5,12539
2090,0,12540
2090,1,12541
2090,2,12542
2090,3,12543
2090,4,12544
2090,5,12545
2091,0,12546
2091,1,12547
2091,2,12548
2091,3,12549
2091,4,12550
2091,5,12551
2092,0,12552
2092,1,12553
2092,2,12554
2092,3,12555
2092,4,12556
2092,5,12557
2093,0,12558
2093,1,12559
2093,2,12560
2093,3,12561
2093,4,12562
2093,5,12563
2094,0,12564
2094,1,12565
2094,2,12566
2094,3,12567
2094,4,12568
2094,5,12569
2095,0,12570
2095,1,12571
2095,2,12572
2095,3,12573
2095,4,12574
2095,5,12575
2096,0,12576
2096,1,12577
2096,2,12578
2096,3,12579
2096,4,12580
2096,5,12581
2097,0,12582
2097,1,12583
2097,2,12584
2097,3,12585
2097,4,12586
2097,5,12587
2098,0,12588
2098,1,12589
2098,2,12590
2098,3,12591
2098,4,12592
2098,5,12593
2099,0,12594
2099,1,12595
2099,2,12596
2099,3,12597
2099,4,12598
2099,5,12599
2100,0,12600
2100,1,12601
2100,2,12602
2100,3,12603
2100,4,12604
2100,5,12605
2101,0,12606
2101,1,12607
2101,2,12608
2101,3,12609
2101,4,12610
2101,5,12611
2102,0,12612
2102,1,12613
2102,2,12614
2102,3,12615
2102,4,12616
2102,5,12617
2103,0,12618
2103,1,12619
2103,2,12620
2103,3,12621
2103,4,12622
2103,5,12623
2104,0,12624
2104,1,12625
2104,2,12626
2104,3,12627
2104,4,12628
2104,5,12629
2105,0,12630
2105,1,12631
2105,2,12632
2105,3,12633
2105,4,12634
2105,5,12635
2106,0,12636
2106,1,12637
2106,2,12638
2106,3,12639
2106,4,12640
2106,5,12641
2107,0,12642
2107,1,12643
2107,2,12644
2107,3,12645
2107,4,12646
2107,5,12647
2108,0,12648
2108,1,12649
2108,2,12650
2108,3,12651
2108,4,12652
2108,5,12653
2109,0,12654
2109,1,12655
2109,2,12656
2109,3,12657
2109,4,12658
2109,5,12659
2110,0,12660
2110,1,12661
2110,2,12662
2110,3,12663
2110,4,12664
2110,5,12665
2111,0,12666
2111,1,12667
2111,2,12668
2111,3,12669
2111,4,12670
2111,5,12671
2112,0,12672
2112,1,12673
2112,2,12674
2112,3,12675
2112,4,12676
2112,5,12677
2113,0,12678
2113,1,12679
2113,2,12680
2113,3,12681
2113,4,12682
2113,5,12683
2114,0,12684
2114,1,12685
2114,2,12686
2114,3,12687
2114,4,12688
2114,5,12689
2115,0,12690
2115,1,12691
2115,2,12692
2115,3,12693
2115,4,12694
2115,5,12695
2116,0,12696
2116,1,12697
2116,2,12698
2116,3,12699
2116,4,12700
2116,5,12701
2117,0,12702
2117,1,12703
2117,2,12704
2117,3,12705
2117,4,12706
2117,5,12707
2118,0,12708
2118,1,12709
2118,2,12710
2118,3,12711
2118,4,12712
2118,5,12713
2119,0,12714
2119,1,12715
2119,2,12716
2119,3,12717
2119,4,12718
2119,5,12719
2120,0,12720
2120,1,12721
2120,2,12722
2120,3,12723
2120,4,12724
2120,5,12725
2121,0,12726
2121,1,12727
2121,2,12728
2121,3,12729
2121,4,12730
2121,5,12731
2122,0,12732
2122,1,12733
2122,2,12734
2122,3,12735
2122,4,12736
2122,5,12737
2123,0,12738
2123,1,12739
2123,2,12740
2123,3,12741
2123,4,12742
2123,5,12743
2124,0,12744
2124,1,12745
2124,2,12746
2124,3,12747
2124,4,12748
2124,5,12749
2125,0,12750
2125,1,12751
2125,2,12752
2125,3,12753
2125,4,12754
2125,5,12755
2126,0,12756
2126,1,12757
2126,2,12758
2126,3,12759
2126,4,12760
2126,5,12761
2127,0,12762
2127,1,12763
2127,2,12764
2127,3,12765
2127,4,12766
2127,5,12767
2128,0,12768
2128,1,12769
2128,2,12770
2128,3,12771
2128,4,12772
2128,5,12773
2129,0,12774
2129,1,12775
2129,2,12776
2129,3,12777
2129,4,12778
2129,5,12779
2130,0,12780
2130,1,12781
2130,2,12782
2130,3,12783
2130,4,12784
2130,5,12785
2131,0,12786
2131,1,12787
2131,2,12788
2131,3,12789
2131,4,12790
2131,5,12791
2132,0,12792
2132,1,12793
2132,2,12794
2132,3,12795
2132,4,12796
2132,5,12797
2133,0,12798
2133,1,12799
2133,2,12800
2133,3,12801
2133,4,12802
2133,5,12803
2134,0,12804
2134,1,12805
2134,2,12806
2134,3,12807
2134,4,12808
2134,5,12809
2135,0,12810
2135,1,12811
2135,2,12812
2135,3,12813
2135,4,12814
2135,5,12815
2136,0,12816
2136,1,12817
2136,2,12818
2136,3,12819
2136,4,12820
2136,5,12821
2137,0,12822
2137,1,12823
2137,2,12824
2137,3,12825
2137,4,12826
2137,5,12827
2138,0,12828
2138,1,12829
2138,2,12830
2138,3,12831
2138,4,12832
2138,5,12833
2139,0,12834
2139,1,12835
2139,2,12836
2139,3,12837
2139,4,12838
2139,5,12839
2140,0,12840
2140,1,12841
2140,2,12842
2140,3,12843
2140,4,12844
2140,5,12845
2141,0,12846
2141,1,12847
2141,2,12848
2141,3,12849
2141,4,12850
2141,5,12851
2142,0,12852
2142,1,12853
2142,2,12854
2142,3,12855
2142,4,12856
2142,5,12857
2143,0,12858
2143,1,12859
2143,2,12860
2143,3,12861
2143,4,12862
2143,5,12863
2144,0,12864
2144,1,12865
2144,2,12866
2144,3,12867
2144,4,12868
2144,5,12869
2145,0,12870
2145,1,12871
2145,2,12872
2145,3,12873
2145,4,12874
2145,5,12875
2146,0,12876
2146,1,12877
2146,2,12878
2146,3,12879
2146,4,12880
2146,5,12881
2147,0,12882
2147,1,12883
2147,2,12884
2147,3,12885
2147,4,12886
2147,5,12887
2148,0,12888
2148,1,12889
2148,2,12890
2148,3,12891
2148,4,12892
2148,5,12893
2149,0,12894
2149,1,12895
2149,2,12896
2149,3,12897
2149,4,12898
2149,5,12899
2150,0,12900
2150,1,12901
2150,2,12902
2150,3,12903
2150,4,12904
2150,5,12905
2151,0,12906
2151,1,12907
2151,2,12908
2151,3,12909
2151,4,12910
2151,5,12911
2152,0,12912
2152,1,12913
2152,2,12914
2152,3,12915
2152,4,12916
2152,5,12917
2153,0,12918
2153,1,12919
2153,2,12920
2153,3,12921
2153,4,12922
2153,5,12923
2154,0,12924
2154,1,12925
2154,2,12926
2154,3,12927
2154,4,12928
2154,5,12929
2155,0,12930
2155,1,12931
2155,2,12932
2155,3,12933
2155,4,12934
2155,5,12935
2156,0,12936
2156,1,12937
2156,2,12938
2156,3,12939
2156,4,12940
2156,5,12941
2157,0,12942
2157,1,12943
2157,2,12944
2157,3,12945
2157,4,12946
2157,5,12947
2158,0,12948
2158,1,12949
2158,2,12950
2158,3,12951
2158,4,12952
2158,5,12953
2159,0,12954
2159,1,12955
2159,2,12956
2159,3,12957
2159,4,12958
2159,5,12959
2160,0,12960
2160,1,12961
2160,2,12962
2160,3,12963
2160,4,12964
2160,5,12965
2161,0,12966
2161,1,12967
2161,2,12968
2161,3,12969
2161,4,12970
2161,5,12971
2162,0,12972
2162,1,12973
2162,2,12974
2162,3,12975
2162,4,12976
2162,5,12977
2163,0,12978
2163,1,12979
2163,2,12980
2163,3,12981
2163,4,12982
2163,5,12983
2164,0,12984
2164,1,12985
2164,2,12986
2164,3,12987
2164,4,12988
2164,5,12989
2165,0,12990
2165,1,12991
2165,2,12992
2165,3,12993
2165,4,12994
2165,5,12995
2166,0,12996
2166,1,12997
2166,2,12998
2166,3,12999
2166,4,13000
2166,5,13001
2167,0,13002
2167,1,13003
2167,2,13004
2167,3,13005
2167,4,13006
2167,5,13007
2168,0,13008
2168,1,13009
2168,2,13010
2168,3,13011
2168,4,13012
2168,5,13013
2169,0,13014
2169,1,13015
2169,2,13016
2169,3,13017
2169,4,13018
2169,5,13019
2170,0,13020
2170,1,13021
2170,2,13022
2170,3,13023
2170,4,13024
2170,5,13025
2171,0,13026
2171,1,13027
2171,2,13028
2171,3,13029
2171,4,13030
2171,5,13031
2172,0,13032
2172,1,13033
2172,2,13034
2172,3,13035
2172,4,13036
2172,5,13037
2173,0,13038
2173,1,13039
2173,2,13040
2173,3,13041
2173,4,13042
2173,5,13043
2174,0,13044
2174,1,13045
2174,2,13046
2174,3,13047
2174,4,13048
2174,5,13049
2175,0,13050
2175,1,13051
2175,2,13052
2175,3,13053
2175,4,13054
2175,5,13055
2176,0,13056
2176,1,13057
2176,2,13058
2176,3,13059
2176,4,13060
2176,5,13061
2177,0,13062
2177,1,13063
2177,2,13064
2177,3,13065
2177,4,13066
2177,5,13067
2178,0,13068
2178,1,13069
2178,2,13070
2178,3,13071
2178,4,13072
2178,5,13073
2179,0,13074
2179,1,13075
2179,2,13076
2179,3,13077
2179,4,13078
2179,5,13079
2180,0,13080
2180,1,13081
2180,2,13082
2180,3,13083
2180,4,13084
2180,5,13085
2181,0,13086
2181,1,13087
2181,2,13088
2181,3,13089
2181,4,13090
2181,5,13091
2182,0,13092
2182,1,13093
2182,2,13094
2182,3,13095
2182,4,13096
2182,5,13097
2183,0,13098
2183,1,13099
2183,2,13100
2183,3,13101
2183,4,13102
2183,5,13103
2184,0,13104
2184,1,13105
2184,2,13106
2184,3,13107
2184,4,13108
2184,5,13109
2185,0,13110
2185,1,13111
2185,2,13112
2185,3,13113
2185,4,13114
2185,5,13115
2186,0,13116
2186,1,13117
2186,2,13118
2186,3,13119
2186,4,13120
2186,5,13121
2187,0,13122
2187,1,13123
2187,2,13124
2187,3,13125
2187,4,13126
2187,5,13127
2188,0,13128
2188,1,13129
2188,2,13130
2188,3,13131
2188,4,13132
2188,5,13133
2189,0,13134
2189,1,13135
2189,2,13136
2189,3,13137
2189,4,13138
2189,5,13139
2190,0,13140
2190,1,13141
2190,2,13142
2190,3,13143
2190,4,13144
2190,5,13145
2191,0,13146
2191,1,13147
2191,2,13148
2191,3,13149
2191,4,13150
2191,5,13151
2192,0,13152
2192,1,13153
2192,2,13154
2192,3,13155
2192,4,13156
2192,5,13157
2193,0,13158
2193,1,13159
2193,2,13160
2193,3,13161
2193,4,13162
2193,5,13163
2194,0,13164
2194,1,13165
2194,2,13166
2194,3,13167
2194,4,13168
2194,5,13169
2195,0,13170
2195,1,13171
2195,2,13172
2195,3,13173
2195,4,13174
2195,5,13175
2196,0,13176
2196,1,13177
2196,2,13178
2196,3,13179
2196,4,13180
2196,5,13181
2197,0,13182
2197,1,13183
2197,2,13184
2197,3,13185
2197,4,13186
2197,5,13187
2198,0,13188
2198,1,13189
2198,2,13190
2198,3,13191
2198,4,13192
2198,5,13193
2199,0,13194
2199,1,13195
2199,2,13196
2199,3,13197
2199,4,13198
2199,5,13199
2200,0,13200
2200,1,13201
2200,2,13202
2200,3,13203
2200,4,13204
2200,5,13205
2201,0,13206
2201,1,13207
2201,2,13208
2201,3,13209
2201,4,13210
2201,5,13211
2202,0,13212
2202,1,13213
2202,2,13214
2202,3,13215
2202,4,13216
2202,5,13217
2203,0,13218
2203,1,13219
2203,2,13220
2203,3,13221
2203,4,13222
2203,5,13223
2204,0,13224
2204,1,13225
2204,2,13226
2204,3,13227
2204,4,13228
2204,5,13229
2205,0,13230
2205,1,13231
2205,2,13232
2205,3,13233
2205,4,13234
2205,5,13235
2206,0,13236
2206,1,13237
2206,2,13238
2206,3,13239
2206,4,13240
2206,5,13241
2207,0,13242
2207,1,13243
2207,2,13244
2207,3,13245
2207,4,13246
2207,5,13247
2208,0,13248
2208,1,13249
2208,2,13250
2208,3,13251
2208,4,13252
2208,5,13253
2209,0,13254
2209,1,13255
2209,2,13256
2209,3,13257
2209,4,13258
2209,5,13259
2210,0,13260
2210,1,13261
2210,2,13262
2210,3,13263
2210,4,13264
2210,5,13265
2211,0,13266
2211,1,13267
2211,2,13268
2211,3,13269
2211,4,13270
2211,5,13271
2212,0,13272
2212,1,13273
2212,2,13274
2212,3,13275
2212,4,13276
2212,5,13277
2213,0,13278
2213,1,13279
2213,2,13280
2213,3,13281
2213,4,13282
2213,5,13283
2214,0,13284
2214,1,13285
2214,2,13286
2214,3,13287
2214,4,13288
2214,5,13289
2215,0,13290
2215,1,13291
2215,2,13292
2215,3,13293
2215,4,13294
2215,5,13295
2216,0,13296
2216,1,13297
2216,2,13298
2216,3,13299
2216,4,13300
2216,5,13301
2217,0,13302
2217,1,13303
2217,2,13304
2217,3,13305
2217,4,13306
2217,5,13307
2218,0,13308
2218,1,13309
2218,2,13310
2218,3,13311
2218,4,13312
2218,5,13313
2219,0,13314
2219,1,13315
2219,2,13316
2219,3,13317
2219,4,13318
2219,5,13319
2220,0,13320
2220,1,13321
2220,2,13322
2220,3,13323
2220,4,13324
2220,5,13325
2221,0,13326
2221,1,13327
2221,2,13328
2221,3,13329
2221,4,13330
2221,5,13331
2222,0,13332
2222,1,13333
2222,2,13334
2222,3,13335
2222,4,13336
2222,5,13337
2223,0,13338
2223,1,13339
2223,2,13340
2223,3,13341
2223,4,13342
2223,5,13343
2224,0,13344
2224,1,13345
2224,2,13346
2224,3,13347
2224,4,13348
2224,5,13349
2225,0,13350
2225,1,13351
2225,2,13352
2225,3,13353
2225,4,13354
2225,5,13355
2226,0,13356
2226,1,13357
2226,2,13358
2226,3,13359
2226,4,13360
2226,5,13361
2227,0,13362
2227,1,13363
2227,2,13364
2227,3,13365
2227,4,13366
2227,5,13367
2228,0,13368
2228,1,13369
2228,2,13370
2228,3,13371
2228,4,13372
2228,5,13373
2229,0,13374
2229,1,13375
2229,2,13376
2229,3,13377
2229,4,13378
2229,5,13379
2230,0,13380
2230,1,13381
2230,2,13382
2230,3,13383
2230,4,13384
2230,5,13385
2231,0,13386
2231,1,13387
2231,2,13388
2231,3,13389
2231,4,13390
2231,5,13391
2232,0,13392
2232,1,13393
2232,2,13394
2232,3,13395
2232,4,13396
2232,5,13397
2233,0,13398
2233,1,13399
2233,2,13400
2233,3,13401
2233,4,13402
2233,5,13403
2234,0,13404
2234,1,13405
2234,2,13406
2234,3,13407
2234,4,13408
2234,5,13409
2235,0,13410
2235,1,13411
2235,2,13412
2235,3,13413
2235,4,13414
2235,5,13415
2236,0,13416
2236,1,13417
2236,2,13418
2236,3,13419
2236,4,13420
2236,5,13421
2237,0,13422
2237,1,13423
2237,2,13424
2237,3,13425
2237,4,13426
2237,5,13427
2238,0,13428
2238,1,13429
2238,2,13430
2238,3,13431
2238,4,13432
2238,5,13433
2239,0,13434
2239,1,13435
2239,2,13436
2239,3,13437
2239,4,13438
2239,5,13439
2240,0,13440
2240,1,13441
2240,2,13442
2240,3,13443
2240,4,13444
2240,5,13445
2241,0,13446
2241,1,13447
2241,2,13448
2241,3,13449
2241,4,13450
2241,5,13451
2242,0,13452
2242,1,13453
2242,2,13454
2242,3,13455
2242,4,13456
2242,5,13457
2243,0,13458
2243,1,13459
2243,2,13460
2243,3,13461
2243,4,13462
2243,5,13463
2244,0,13464
2244,1,13465
2244,2,13466
2244,3,13467
2244,4,13468
2244,5,13469
2245,0,13470
2245,1,13471
2245,2,13472
2245,3,13473
2245,4,13474
2245,5,13475
2246,0,13476
2246,1,13477
2246,2,13478
2246,3,13479
2246,4,13480
2246,5,13481
2247,0,13482
2247,1,13483
2247,2,13484
2247,3,13485
2247,4,13486
2247,5,13487
2248,0,13488
2248,1,13489
2248,2,13490
2248,3,13491
2248,4,13492
2248,5,13493
2249,0,13494
2249,1,13495
2249,2,13496
2249,3,13497
2249,4,13498
2249,5,13499
2250,0,13500
2250,1,13501
2250,2,13502
2250,3,13503
2250,4,13504
2250,5,13505
2251,0,13506
2251,1,13507
2251,2,13508
2251,3,13509
2251,4,13510
2251,5,13511
2252,0,13512
2252,1,13513
2252,2,13514
2252,3,13515
2252,4,13516
2252,5,13517
2253,0,13518
2253,1,13519
2253,2,13520
2253,3,13521
2253,4,13522
2253,5,13523
2254,0,13524
2254,1,13525
2254,2,13526
2254,3,13527
2254,4,13528
2254,5,13529
2255,0,13530
2255,1,13531
2255,2,13532
2255,3,13533
2255,4,13534
2255,5,13535
2256,0,13536
2256,1,13537
2256,2,13538
2256,3,13539
2256,4,13540
2256,5,13541
2257,0,13542
2257,1,13543
2257,2,13544
2257,3,13545
2257,4,13546
2257,5,13547
2258,0,13548
2258,1,13549
2258,2,13550
2258,3,13551
2258,4,13552
2258,5,13553
2259,0,13554
2259,1,13555
2259,2,13556
2259,3,13557
2259,4,13558
2259,5,13559
2260,0,13560
2260,1,13561
2260,2,13562
2260,3,13563
2260,4,13564
2260,5,13565
2261,0,13566
2261,1,13567
2261,2,13568
2261,3,13569
2261,4,13570
2261,5,13571
2262,0,13572
2262,1,13573
2262,2,13574
2262,3,13575
2262,4,13576
2262,5,13577
2263,0,13578
2263,1,13579
2263,2,13580
2263,3,13581
2263,4,13582
2263,5,13583
2264,0,13584
2264,1,13585
2264,2,13586
2264,3,13587
2264,4,13588
2264,5,13589
2265,0,13590
2265,1,13591
2265,2,13592
2265,3,13593
2265,4,13594
2265,5,13595
2266,0,13596
2266,1,13597
2266,2,13598
2266,3,13599
2266,4,13600
2266,5,13601
2267,0,13602
2267,1,13603
2267,2,13604
2267,3,13605
2267,4,13606
2267,5,13607
2268,0,13608
2268,1,13609
2268,2,13610
2268,3,13611
2268,4,13612
2268,5,13613
2269,0,13614
2269,1,13615
2269,2,13616
2269,3,13617
2269,4,13618
2269,5,13619
2270,0,13620
2270,1,13621
2270,2,13622
2270,3,13623
2270,4,13624
2270,5,13625
2271,0,13626
2271,1,13627
2271,2,13628
2271,3,13629
2271,4,13630
2271,5,13631
2272,0,13632
2272,1,13633
2272,2,13634
2272,3,13635
2272,4,13636
2272,5,13637
2273,0,13638
2273,1,13639
2273,2,13640
2273,3,13641
2273,4,13642
2273,5,13643
2274,0,13644
2274,1,13645
2274,2,13646
2274,3,13647
2274,4,13648
2274,5,13649
2275,0,13650
2275,1,13651
2275,2,13652
2275,3,13653
2275,4,13654
2275,5,13655
2276,0,13656
2276,1,13657
2276,2,13658
2276,3,13659
2276,4,13660
2276,5,13661
2277,0,13662
2277,1,13663
2277,2,13664
2277,3,13665
2277,4,13666
2277,5,13667
2278,0,13668
2278,1,13669
2278,2,13670
2278,3,13671
2278,4,13672
2278,5,13673
2279,0,13674
2279,1,13675
2279,2,13676
2279,3,13677
2279,4,13678
2279,5,13679
2280,0,13680
2280,1,13681
2280,2,13682
2280,3,13683
2280,4,13684
2280,5,13685
2281,0,13686
2281,1,13687
2281,2,13688
2281,3,13689
2281,4,13690
2281,5,13691
2282,0,13692
2282,1,13693
2282,2,13694
2282,3,13695
2282,4,13696
2282,5,13697
2283,0,13698
2283,1,13699
2283,2,13700
2283,3,13701
2283,4,13702
2283,5,13703
2284,0,13704
2284,1,13705
2284,2,13706
2284,3,13707
2284,4,13708
2284,5,13709
2285,0,13710
2285,1,13711
2285,2,13712
2285,3,13713
2285,4,13714
2285,5,13715
2286,0,13716
2286,1,13717
2286,2,13718
2286,3,13719
2286,4,13720
2286,5,13721
2287,0,13722
2287,1,13723
2287,2,13724
2287,3,13725
2287,4,13726
2287,5,13727
2288,0,13728
2288,1,13729
2288,2,13730
2288,3,13731
2288,4,13732
2288,5,13733
2289,0,13734
2289,1,13735
2289,2,13736
2289,3,13737
2289,4,13738
2289,5,13739
2290,0,13740
2290,1,13741
2290,2,13742
2290,3,13743
2290,4,13744
2290,5,13745
2291,0,13746
2291,1,13747
2291,2,13748
2291,3,13749
2291,4,13750
2291,5,13751
2292,0,13752
2292,1,13753
2292,2,13754
2292,3,13755
2292,4,13756
2292,5,13757
2293,0,13758
2293,1,13759
2293,2,13760
2293,3,13761
2293,4,13762
2293,5,13763
2294,0,13764
2294,1,13765
2294,2,13766
2294,3,13767
2294,4,13768
2294,5,13769
2295,0,13770
2295,1,13771
2295,2,13772
2295,3,13773
2295,4,13774
2295,5,13775
2296,0,13776
2296,1,13777
2296,2,13778
2296,3,13779
2296,4,13780
2296,5,13781
2297,0,13782
2297,1,13783
2297,2,13784
2297,3,13785
2297,4,13786
2297,5,13787
2298,0,13788
2298,1,13789
2298,2,13790
2298,3,13791
2298,4,13792
2298,5,13793
2299,0,13794
2299,1,13795
2299,2,13796
2299,3,13797
2299,4,13798
2299,5,13799
2300,0,13800
2300,1,13801
2300,2,13802
2300,3,13803
2300,4,13804
2300,5,13805
2301,0,13806
2301,1,13807
2301,2,13808
2301,3,13809
2301,4,13810
2301,5,13811
2302,0,13812
2302,1,13813
2302,2,13814
2302,3,13815
2302,4,13816
2302,5,13817
2303,0,13818
2303,1,13819
2303,2,13820
2303,3,13821
2303,4,13822
2303,5,13823
2304,0,13824
2304,1,13825
2304,2,13826
2304,3,13827
2304,4,13828
2304,5,13829
2305,0,13830
2305,1,13831
2305,2,13832
2305,3,13833
2305,4,13834
2305,5,13835
2306,0,13836
2306,1,13837
2306,2,13838
2306,3,13839
2306,4,13840
2306,5,13841
2307,0,13842
2307,1,13843
2307,2,13844
2307,3,13845
2307,4,13846
2307,5,13847
2308,0,13848
2308,1,13849
2308,2,13850
2308,3,13851
2308,4,13852
2308,5,13853
2309,0,13854
2309,1,13855
2309,2,13856
2309,3,13857
2309,4,13858
2309,5,13859
2310,0,13860
2310,1,13861
2310,2,13862
2310,3,13863
2310,4,13864
2310,5,13865
2311,0,13866
2311,1,13867
2311,2,13868
2311,3,13869
2311,4,13870
2311,5,13871
2312,0,13872
2312,1,13873
2312,2,13874
2312,3,13875
2312,4,13876
2312,5,13877
2313,0,13878
2313,1,13879
2313,2,13880
2313,3,13881
2313,4,13882
2313,5,13883
2314,0,13884
2314,1,13885
2314,2,13886
2314,3,13887
2314,4,13888
2314,5,13889
2315,0,13890
2315,1,13891
2315,2,13892
2315,3,13893
2315,4,13894
2315,5,13895
2316,0,13896
2316,1,13897
2316,2,13898
2316,3,13899
2316,4,13900
2316,5,13901
2317,0,13902
2317,1,13903
2317,2,13904
2317,3,13905
2317,4,13906
2317,5,13907
2318,0,13908
2318,1,13909
2318,2,13910
2318,3,13911
2318,4,13912
2318,5,13913
2319,0,13914
2319,1,13915
2319,2,13916
2319,3,13917
2319,4,13918
2319,5,13919
2320,0,13920
2320,1,13921
2320,2,13922
2320,3,13923
2320,4,13924
2320,5,13925
2321,0,13926
2321,1,13927
2321,2,13928
2321,3,13929
2321,4,13930
2321,5,13931
2322,0,13932
2322,1,13933
2322,2,13934
2322,3,13935
2322,4,13936
2322,5,13937
2323,0,13938
2323,1,13939
2323,2,13940
2323,3,13941
2323,4,13942
2323,5,13943
2324,0,13944
2324,1,13945
2324,2,13946
2324,3,13947
2324,4,13948
2324,5,13949
2325,0,13950
2325,1,13951
2325,2,13952
2325,3,13953
2325,4,13954
2325,5,13955
2326,0,13956
2326,1,13957
2326,2,13958
2326,3,13959
2326,4,13960
2326,5,13961
2327,0,13962
2327,1,13963
2327,2,13964
2327,3,13965
2327,4,13966
2327,5,13967
2328,0,13968
2328,1,13969
2328,2,13970
2328,3,13971
2328,4,13972
2328,5,13973
2329,0,13974
2329,1,13975
2329,2,13976
2329,3,13977
2329,4,13978
2329,5,13979
2330,0,13980
2330,1,13981
2330,2,13982
2330,3,13983
2330,4,13984
2330,5,13985
2331,0,13986
2331,1,13987
2331,2,13988
2331,3,13989
2331,4,13990
2331,5,13991
2332,0,13992
2332,1,13993
2332,2,13994
2332,3,13995
2332,4,13996
2332,5,13997
2333,0,13998
2333,1,13999
2333,2,14000
2333,3,14001
2333,4,14002
2333,5,14003
2334,0,14004
2334,1,14005
2334,2,14006
2334,3,14007
2334,4,14008
2334,5,14009
2335,0,14010
2335,1,14011
2335,2,14012
2335,3,14013
2335,4,14014
2335,5,14015
2336,0,14016
2336,1,14017
2336,2,14018
2336,3,14019
2336,4,14020
2336,5,14021
2337,0,14022
2337,1,14023
2337,2,14024
2337,3,14025
2337,4,14026
2337,5,14027
2338,0,14028
2338,1,14029
2338,2,14030
2338,3,14031
2338,4,14032
2338,5,14033
2339,0,14034
2339,1,14035
2339,2,14036
2339,3,14037
2339,4,14038
2339,5,14039
2340,0,14040
2340,1,14041
2340,2,14042
2340,3,14043
2340,4,14044
2340,5,14045
2341,0,14046
2341,1,14047
2341,2,14048
2341,3,14049
2341,4,14050
2341,5,14051
2342,0,14052
2342,1,14053
2342,2,14054
2342,3,14055
2342,4,14056
2342,5,14057
2343,0,14058
2343,1,14059
2343,2,14060
2343,3,14061
2343,4,14062
2343,5,14063
2344,0,14064
2344,1,14065
2344,2,14066
2344,3,14067
2344,4,14068
2344,5,14069
2345,0,14070
2345,1,14071
2345,2,14072
2345,3,14073
2345,4,14074
2345,5,14075
2346,0,14076
2346,1,14077
2346,2,14078
2346,3,14079
2346,4,14080
2346,5,14081
2347,0,14082
2347,1,14083
2347,2,14084
2347,3,14085
2347,4,14086
2347,5,14087
2348,0,14088
2348,1,14089
2348,2,14090
2348,3,14091
2348,4,14092
2348,5,14093
2349,0,14094
2349,1,14095
2349,2,14096
2349,3,14097
2349,4,14098
2349,5,14099
2350,0,14100
2350,1,14101
2350,2,14102
2350,3,14103
2350,4,14104
2350,5,14105
2351,0,14106
2351,1,14107
2351,2,14108
2351,3,14109
2351,4,14110
2351,5,14111
2352,0,14112
2352,1,14113
2352,2,14114
2352,3,14115
2352,4,14116
2352,5,14117
2353,0,14118
2353,1,14119
2353,2,14120
2353,3,14121
2353,4,14122
2353,5,14123
2354,0,14124
2354,1,14125
2354,2,14126
2354,3,14127
2354,4,14128
2354,5,14129
2355,0,14130
2355,1,14131
2355,2,14132
2355,3,14133
2355,4,14134
2355,5,14135
2356,0,14136
2356,1,14137
2356,2,14138
2356,3,14139
2356,4,14140
2356,5,14141
2357,0,14142
2357,1,14143
2357,2,14144
2357,3,14145
2357,4,14146
2357,5,14147
2358,0,14148
2358,1,14149
2358,2,14150
2358,3,14151
2358,4,14152
2358,5,14153
2359,0,14154
2359,1,14155
2359,2,14156
2359,3,14157
2359,4,14158
2359,5,14159
2360,0,14160
2360,1,14161
2360,2,14162
2360,3,14163
2360,4,14164
2360,5,14165
2361,0,14166
2361,1,14167
2361,2,14168
2361,3,14169
2361,4,14170
2361,5,14171
2362,0,14172
2362,1,14173
2362,2,14174
2362,3,14175
2362,4,14176
2362,5,14177
2363,0,14178
2363,1,14179
2363,2,14180
2363,3,14181
2363,4,14182
2363,5,14183
2364,0,14184
2364,1,14185
2364,2,14186
2364,3,14187
2364,4,14188
2364,5,14189
2365,0,14190
2365,1,14191
2365,2,14192
2365,3,14193
2365,4,14194
2365,5,14195
2366,0,14196
2366,1,14197
2366,2,14198
2366,3,14199
2366,4,14200
2366,5,14201
2367,0,14202
2367,1,14203
2367,2,14204
2367,3,14205
2367,4,14206
2367,5,14207
2368,0,14208
2368,1,14209
2368,2,14210
2368,3,14211
2368,4,14212
2368,5,14213
2369,0,14214
2369,1,14215
2369,2,14216
2369,3,14217
2369,4,14218
2369,5,14219
2370,0,14220
2370,1,14221
2370,2,14222
2370,3,14223
2370,4,14224
2370,5,14225
2371,0,14226
2371,1,14227
2371,2,14228
2371,3,14229
2371,4,14230
2371,5,14231
2372,0,14232
2372,1,14233
2372,2,14234
2372,3,14235
2372,4,14236
2372,5,14237
2373,0,14238
2373,1,14239
2373,2,14240
2373,3,14241
2373,4,14242
2373,5,14243
2374,0,14244
2374,1,14245
2374,2,14246
2374,3,14247
2374,4,14248
2374,5,14249
2375,0,14250
2375,1,14251
2375,2,14252
2375,3,14253
2375,4,14254
2375,5,14255
2376,0,14256
2376,1,14257
2376,2,14258
2376,3,14259
2376,4,14260
2376,5,14261
2377,0,14262
2377,1,14263
2377,2,14264
2377,3,14265
2377,4,14266
2377,5,14267
2378,0,14268
2378,1,14269
2378,2,14270
2378,3,14271
2378,4,14272
2378,5,14273
2379,0,14274
2379,1,14275
2379,2,14276
2379,3,14277
2379,4,14278
2379,5,14279
2380,0,14280
2380,1,14281
2380,2,14282
2380,3,14283
2380,4,14284
2380,5,14285
2381,0,14286
2381,1,14287
2381,2,14288
2381,3,14289
2381,4,14290
2381,5,14291
2382,0,14292
2382,1,14293
2382,2,14294
2382,3,14295
2382,4,14296
2382,5,14297
2383,0,14298
2383,1,14299
2383,2,14300
2383,3,14301
2383,4,14302
2383,5,14303
2384,0,14304
2384,1,14305
2384,2,14306
2384,3,14307
2384,4,14308
2384,5,14309
2385,0,14310
2385,1,14311
2385,2,14312
2385,3,14313
2385,4,14314
2385,5,14315
2386,0,14316
2386,1,14317
2386,2,14318
2386,3,14319
2386,4,14320
2386,5,14321
2387,0,14322
2387,1,14323
2387,2,14324
2387,3,14325
2387,4,14326
2387,5,14327
2388,0,14328
2388,1,14329
2388,2,14330
2388,3,14331
2388,4,14332
2388,5,14333
2389,0,14334
2389,1,14335
2389,2,14336
2389,3,14337
2389,4,14338
2389,5,14339
2390,0,14340
2390,1,14341
2390,2,14342
2390,3,14343
2390,4,14344
2390,5,14345
2391,0,14346
2391,1,14347
2391,2,14348
2391,3,14349
2391,4,14350
2391,5,14351
2392,0,14352
2392,1,14353
2392,2,14354
2392,3,14355
2392,4,14356
2392,5,14357
2393,0,14358
2393,1,14359
2393,2,14360
2393,3,14361
2393,4,14362
2393,5,14363
2394,0,14364
2394,1,14365
2394,2,14366
2394,3,14367
2394,4,14368
2394,5,14369
2395,0,14370
2395,1,14371
2395,2,14372
2395,3,14373
2395,4,14374
2395,5,14375
2396,0,14376
2396,1,14377
2396,2,14378
2396,3,14379
2396,4,14380
2396,5,14381
2397,0,14382
2397,1,14383
2397,2,14384
2397,3,14385
2397,4,14386
2397,5,14387
2398,0,14388
2398,1,14389
2398,2,14390
2398,3,14391
2398,4,14392
2398,5,14393
2399,0,14394
2399,1,14395
2399,2,14396
2399,3,14397
2399,4,14398
2399,5,14399
2400,0,14400
2400,1,14401
2400,2,14402
2400,3,14403
2400,4,14404
2400,5,14405
2401,0,14406
2401,1,14407
2401,2,14408
2401,3,14409
2401,4,14410
2401,5,14411
2402,0,14412
2402,1,14413
2402,2,14414
2402,3,14415
2402,4,14416
2402,5,14417
2403,0,14418
2403,1,14419
2403,2,14420
2403,3,14421
2403,4,14422
2403,5,14423
2404,0,14424
2404,1,14425
2404,2,14426
2404,3,14427
2404,4,14428
2404,5,14429
2405,0,14430
2405,1,14431
2405,2,14432
2405,3,14433
2405,4,14434
2405,5,14435
2406,0,14436
2406,1,14437
2406,2,14438
2406,3,14439
2406,4,14440
2406,5,14441
2407,0,14442
2407,1,14443
2407,2,14444
2407,3,14445
2407,4,14446
2407,5,14447
2408,0,14448
2408,1,14449
2408,2,14450
2408,3,14451
2408,4,14452
2408,5,14453
2409,0,14454
2409,1,14455
2409,2,14456
2409,3,14457
2409,4,14458
2409,5,14459
2410,0,14460
2410,1,14461
2410,2,14462
2410,3,14463
2410,4,14464
2410,5,14465
2411,0,14466
2411,1,14467
2411,2,14468
2411,3,14469
2411,4,14470
2411,5,14471
2412,0,14472
2412,1,14473
2412,2,14474
2412,3,14475
2412,4,14476
2412,5,14477
2413,0,14478
2413,1,14479
2413,2,14480
2413,3,14481
2413,4,14482
2413,5,14483
2414,0,14484
2414,1,14485
2414,2,14486
2414,3,14487
2414,4,14488
2414,5,14489
2415,0,14490
2415,1,14491
2415,2,14492
2415,3,14493
2415,4,14494
2415,5,14495
2416,0,14496
2416,1,14497
2416,2,14498
2416,3,14499
2416,4,14500
2416,5,14501
2417,0,14502
2417,1,14503
2417,2,14504
2417,3,14505
2417,4,14506
2417,5,14507
2418,0,14508
2418,1,14509
2418,2,14510
2418,3,14511
2418,4,14512
2418,5,14513
2419,0,14514
2419,1,14515
2419,2,14516
2419,3,14517
2419,4,14518
2419,5,14519
2420,0,14520
2420,1,14521
2420,2,14522
2420,3,14523
2420,4,14524
2420,5,14525
2421,0,14526
2421,1,14527
2421,2,14528
2421,3,14529
2421,4,14530
2421,5,14531
2422,0,14532
2422,1,14533
2422,2,14534
2422,3,14535
2422,4,14536
2422,5,14537
2423,0,14538
2423,1,14539
2423,2,14540
2423,3,14541
2423,4,14542
2423,5,14543
2424,0,14544
2424,1,14545
2424,2,14546
2424,3,14547
2424,4,14548
2424,5,14549
2425,0,14550
2425,1,14551
2425,2,14552
2425,3,14553
2425,4,14554
2425,5,14555
2426,0,14556
2426,1,14557
2426,2,14558
2426,3,14559
2426,4,14560
2426,5,14561
2427,0,14562
2427,1,14563
2427,2,14564
2427,3,14565
2427,4,14566
2427,5,14567
2428,0,14568
2428,1,14569
2428,2,14570
2428,3,14571
2428,4,14572
2428,5,14573
2429,0,14574
2429,1,14575
2429,2,14576
2429,3,14577
2429,4,14578
2429,5,14579
2430,0,14580
2430,1,14581
2430,2,14582
2430,3,14583
2430,4,14584
2430,5,14585
2431,0,14586
2431,1,14587
2431,2,14588
2431,3,14589
2431,4,14590
2431,5,14591
2432,0,14592
2432,1,14593
2432,2,14594
2432,3,14595
2432,4,14596
2432,5,14597
2433,0,14598
2433,1,14599
2433,2,14600
2433,3,14601
2433,4,14602
2433,5,14603
2434,0,14604
2434,1,14605
2434,2,14606
2434,3,14607
2434,4,14608
2434,5,14609
2435,0,14610
2435,1,14611
2435,2,14612
2435,3,14613
2435,4,14614
2435,5,14615
2436,0,14616
2436,1,14617
2436,2,14618
2436,3,14619
2436,4,14620
2436,5,14621
2437,0,14622
2437,1,14623
2437,2,14624
2437,3,14625
2437,4,14626
2437,5,14627
2438,0,14628
2438,1,14629
2438,2,14630
2438,3,14631
2438,4,14632
2438,5,14633
2439,0,14634
2439,1,14635
2439,2,14636
2439,3,14637
2439,4,14638
2439,5,14639
2440,0,14640
2440,1,14641
2440,2,14642
2440,3,14643
2440,4,14644
2440,5,14645
2441,0,14646
2441,1,14647
2441,2,14648
2441,3,14649
2441,4,14650
2441,5,14651
2442,0,14652
2442,1,14653
2442,2,14654
2442,3,14655
2442,4,14656
2442,5,14657
2443,0,14658
2443,1,14659
2443,2,14660
2443,3,14661
2443,4,14662
2443,5,14663
2444,0,14664
2444,1,14665
2444,2,14666
2444,3,14667
2444,4,14668
2444,5,14669
2445,0,14670
2445,1,14671
2445,2,14672
2445,3,14673
2445,4,14674
2445,5,14675
2446,0,14676
2446,1,14677
2446,2,14678
2446,3,14679
2446,4,14680
2446,5,14681
2447,0,14682
2447,1,14683
2447,2,14684
2447,3,14685
2447,4,14686
2447,5,14687
2448,0,14688
2448,1,14689
2448,2,14690
2448,3,14691
2448,4,14692
2448,5,14693
2449,0,14694
2449,1,14695
2449,2,14696
2449,3,14697
2449,4,14698
2449,5,14699
2450,0,14700
2450,1,14701
2450,2,14702
2450,3,14703
2450,4,14704
2450,5,14705
2451,0,14706
2451,1,14707
2451,2,14708
2451,3,14709
2451,4,14710
2451,5,14711
2452,0,14712
2452,1,14713
2452,2,14714
2452,3,14715
2452,4,14716
2452,5,14717
2453,0,14718
2453,1,14719
2453,2,14720
2453,3,14721
2453,4,14722
2453,5,14723
2454,0,14724
2454,1,14725
2454,2,14726
2454,3,14727
2454,4,14728
2454,5,14729
2455,0,14730
2455,1,14731
2455,2,14732
2455,3,14733
2455,4,14734
2455,5,14735
2456,0,14736
2456,1,14737
2456,2,14738
2456,3,14739
2456,4,14740
2456,5,14741
2457,0,14742
2457,1,14743
2457,2,14744
2457,3,14745
2457,4,14746
2457,5,14747
2458,0,14748
2458,1,14749
2458,2,14750
2458,3,14751
2458,4,14752
2458,5,14753
2459,0,14754
2459,1,14755
2459,2,14756
2459,3,14757
2459,4,14758
2459,5,14759
2460,0,14760
2460,1,14761
2460,2,14762
2460,3,14763
2460,4,14764
2460,5,14765
2461,0,14766
2461,1,14767
2461,2,14768
2461,3,14769
2461,4,14770
2461,5,14771
2462,0,14772
2462,1,14773
2462,2,14774
2462,3,14775
2462,4,14776
2462,5,14777
2463,0,14778
2463,1,14779
2463,2,14780
2463,3,14781
2463,4,14782
2463,5,14783
2464,0,14784
2464,1,14785
2464,2,14786
2464,3,14787
2464,4,14788
2464,5,14789
2465,0,14790
2465,1,14791
2465,2,14792
2465,3,14793
2465,4,14794
2465,5,14795
2466,0,14796
2466,1,14797
2466,2,14798
2466,3,14799
2466,4,14800
2466,5,14801
2467,0,14802
2467,1,14803
2467,2,14804
2467,3,14805
2467,4,14806
2467,5,14807
2468,0,14808
2468,1,14809
2468,2,14810
2468,3,14811
2468,4,14812
2468,5,14813
2469,0,14814
2469,1,14815
2469,2,14816
2469,3,14817
2469,4,14818
2469,5,14819
2470,0,14820
2470,1,14821
2470,2,14822
2470,3,14823
2470,4,14824
2470,5,14825
2471,0,14826
2471,1,14827
2471,2,14828
2471,3,14829
2471,4,14830
2471,5,14831
2472,0,14832
2472,1,14833
2472,2,14834
2472,3,14835
2472,4,14836
2472,5,14837
2473,0,14838
2473,1,14839
2473,2,14840
2473,3,14841
2473,4,14842
2473,5,14843
2474,0,14844
2474,1,14845
2474,2,14846
2474,3,14847
2474,4,14848
2474,5,14849
2475,0,14850
2475,1,14851
2475,2,14852
2475,3,14853
2475,4,14854
2475,5,14855
2476,0,14856
2476,1,14857
2476,2,14858
2476,3,14859
2476,4,14860
2476,5,14861
2477,0,14862
2477,1,14863
2477,2,14864
2477,3,14865
2477,4,14866
2477,5,14867
2478,0,14868
2478,1,14869
2478,2,14870
2478,3,14871
2478,4,14872
2478,5,14873
2479,0,14874
2479,1,14875
2479,2,14876
2479,3,14877
2479,4,14878
2479,5,14879
2480,0,14880
2480,1,14881
2480,2,14882
2480,3,14883
2480,4,14884
2480,5,14885
2481,0,14886
2481,1,14887
2481,2,14888
2481,3,14889
2481,4,14890
2481,5,14891
2482,0,14892
2482,1,14893
2482,2,14894
2482,3,14895
2482,4,14896
2482,5,14897
2483,0,14898
2483,1,14899
2483,2,14900
2483,3,14901
2483,4,14902
2483,5,14903
2484,0,14904
2484,1,14905
2484,2,14906
2484,3,14907
2484,4,14908
2484,5,14909
2485,0,14910
2485,1,14911
2485,2,14912
2485,3,14913
2485,4,14914
2485,5,14915
2486,0,14916
2486,1,14917
2486,2,14918
2486,3,14919
2486,4,14920
2486,5,14921
2487,0,14922
2487,1,14923
2487,2,14924
2487,3,14925
2487,4,14926
2487,5,14927
2488,0,14928
2488,1,14929
2488,2,14930
2488,3,14931
2488,4,14932
2488,5,14933
2489,0,14934
2489,1,14935
2489,2,14936
2489,3,14937
2489,4,14938
2489,5,14939
2490,0,14940
2490,1,14941
2490,2,14942
2490,3,14943
2490,4,14944
2490,5,14945
2491,0,14946
2491,1,14947
2491,2,14948
2491,3,14949
2491,4,14950
2491,5,14951
2492,0,14952
2492,1,14953
2492,2,14954
2492,3,14955
2492,4,14956
2492,5,14957
2493,0,14958
2493,1,14959
2493,2,14960
2493,3,14961
2493,4,14962
2493,5,14963
2494,0,14964
2494,1,14965
2494,2,14966
2494,3,14967
2494,4,14968
2494,5,14969
2495,0,14970
2495,1,14971
2495,2,14972
2495,3,14973
2495,4,14974
2495,5,14975
2496,0,14976
2496,1,14977
2496,2,14978
2496,3,14979
2496,4,14980
2496,5,14981
