project_id,project_name,latitude,longitude,condo_age_at_transaction,Planning Area
0,# 1 LOFT,1.312763464052447,103.8835188756168,12.0,Geylang
1,# 1 SUITES,1.312390293251894,103.8815041,12.0,Geylang
2,1 KING ALBERT PARK,1.336573517596939,103.7802972559812,14.0,Bukit Timah
3,1 MOULMEIN RISE,1.319086369978965,103.8470535801686,0.0,Novena
4,1 NASSIM,1.306875946373808,103.8265815682114,12.0,Unknown
5,10 EVELYN,1.316154918303991,103.8405338483133,12.0,Novena
6,10 SHELFORD,1.325808254,103.8125169194671,12.0,Bukit Timah
7,105 LORONG G,1.318342495130614,103.9132461279052,11.0,Unknown
8,11 AMBER ROAD,1.299053945483162,103.8994169435621,0.0,Marine Parade
9,111 EMERALD HILL,1.305059009213142,103.8392358068693,12.0,Newton
10,120 GRANGE,1.299979099303527,103.8255228144921,12.0,River Valley
11,15 HOLLAND HILL,1.309649562838779,103.8008705143678,12.0,Bukit Timah
12,16 @ AMBER,1.299652269365899,103.8988292319782,11.0,Marine Parade
13,18 SHELFORD,1.327319525586174,103.8128317707781,12.0,Bukit Timah
14,18 WOODSVILLE,1.329580442121071,103.8681883272707,19.0,Toa Payoh
15,183 LONGHAUS,1.350960635931634,103.8355035425116,13.0,Bishan
16,19 NASSIM,1.306563464,103.8213284335998,12.0,Tanglin
17,1919,1.302776123663863,103.8465709767909,12.0,Rochor
18,1953,1.316477524004925,103.8577508499221,11.0,Kallang
19,2 BELMONT,1.312787416807296,103.7993626886341,12.0,Unknown
20,2 RVG,1.296449956841002,103.8344395352857,12.0,River Valley
21,21 ANDERSON,1.312652153204523,103.828027,12.0,Tanglin
22,21 RICHARDS,1.361880873782779,103.8813983488668,10.0,Hougang
23,21 SHELFORD,1.327400198844696,103.8122567737975,2.0,Bukit Timah
24,24 ONE RESIDENCES,1.280181197806997,103.7848247373462,13.0,Queenstown
25,26 NEWTON,1.315692816472407,103.8416154564453,12.0,Novena
26,28 IMPERIAL RESIDENCES,1.311780119269029,103.8846057701061,12.0,Geylang
27,28 RC SUITES,1.309981792134702,103.8529520054614,11.0,Rochor
28,28 SHELFORD,1.329304902,103.8119992,5.0,Bukit Timah
29,283 STUDIO,1.295704105159305,103.8398117528082,12.0,River Valley
30,3 CUSCADEN,1.303933319307066,103.8293881615773,12.0,River Valley
31,3 ORCHARD BY-THE-PARK,1.303333389,103.8247067,0.0,Orchard
32,33 RESIDENCES,1.311980835282835,103.8865326769039,12.0,Geylang
33,336 RIVER VALLEY,1.296109706576531,103.8385064573827,15.0,River Valley
34,35 GILSTEAD,1.317110239047437,103.8379568447488,12.0,Novena
35,368 THOMSON,1.327091331647113,103.8419785737449,12.0,Novena
36,38 AMBER,1.300731991420642,103.9008743,0.0,Unknown
37,38 I SUITES,1.311693081563968,103.8963067,11.0,Geylang
38,38 JERVOIS,1.294094464980632,103.8227155548514,12.0,Tanglin
39,3@PHILLIPS,1.363375393299385,103.8745311233204,10.0,Hougang
40,448@EAST COAST,1.308824336109033,103.9134499914823,11.0,Bedok
41,57 @ KOVAN,1.357342857239746,103.8805188885172,10.0,Hougang
42,6 DERBYSHIRE,1.315681725511559,103.8458804173756,12.0,Novena
43,7 ON CHAPEL,1.306641233192551,103.9076077292966,0.0,Unknown
44,70@TRURO,1.314914092,103.8490899,11.0,Kallang
45,75BR,1.297079798258526,103.8563988524452,16.0,Downtown Core
46,76 SHENTON,1.273466113485299,103.8455807925103,13.0,Downtown Core
47,77 @ EAST COAST,1.313363564897976,103.9273943213927,11.0,Bedok
48,8 @ MOUNT SOPHIA,1.302085985157081,103.8493668835983,12.0,Rochor
49,8 BASSEIN,1.323537480143905,103.8481082174648,12.0,Novena
50,8 EDEN GROVE,1.344773006460214,103.8723188679188,10.0,Serangoon
51,8 FARRER SUITES,1.314989574352803,103.8547092379093,11.0,Kallang
52,8 HULLET,1.303010940489705,103.8387183224815,12.0,Newton
53,8 NAPIER,1.306910371,103.8206826995249,12.0,Tanglin
54,8 RAJA,1.327241412172905,103.8425397137529,0.0,Novena
55,8 RODYK,1.290210504219286,103.8375618214798,12.0,Singapore River
56,8 SAINT THOMAS,1.296143479772473,103.8362924540365,0.0,River Valley
57,833 M B RESIDENCES,1.302632811812162,103.8983979804421,11.0,Marine Parade
58,8@WOODLEIGH,1.335917964631366,103.8696887006684,19.0,Toa Payoh
59,8M RESIDENCES,1.299289488871622,103.8886934850525,11.0,Marine Parade
60,91 MARSHALL,1.306531823987131,103.9009869856433,11.0,Marine Parade
61,A TREASURE TROVE,1.406043828788483,103.8993797465771,10.0,Punggol
62,AALTO,1.298724142,103.897227,11.0,Marine Parade
63,ABELIA,1.309668471576647,103.8280427,6.0,Newton
64,ACORN,1.293791745378814,103.8415894804215,12.0,Unknown
65,ADAM GREEN,1.325207934362363,103.8132749,0.0,Unknown
66,ADAM PARK CONDOMINIUM,1.327843271234074,103.8133143350866,0.0,Bukit Timah
67,ADAM PLACE,1.325222897537494,103.8130215626287,7.0,Bukit Timah
68,ADANA @ THOMSON,1.369557149179187,103.8276579605288,13.0,Ang Mo Kio
69,ADELPHI PARK ESTATE,1.353337622971265,103.8294076,16.0,Bishan
70,ADRIA,1.316446354954906,103.8462585518234,12.0,Novena
71,AFFINITY AT SERANGOON,1.366323266425455,103.8740539009689,10.0,Serangoon
72,AFFLUENCE COURT,1.350149929732728,103.8830623396093,9.0,Hougang
73,AIRSTREAM,1.327326614390157,103.8640356,10.0,Kallang
74,ALBA,1.307415352400871,103.8397173101394,12.0,Newton
75,ALEGRIA,1.324303006058385,103.8410180688427,0.0,Novena
76,ALESSANDREA,1.290505663,103.8225873414022,0.0,Bukit Merah
77,ALEX RESIDENCES,1.290569996815877,103.8190007817279,12.0,Bukit Merah
78,ALEXANDRA CENTRE,1.291639130778865,103.8124689,19.0,Queenstown
79,ALEXIS,1.291303792434754,103.8073509780536,12.0,Queenstown
80,ALLAN VILLE,1.282315306360968,103.8470077412775,23.0,Unknown
81,ALLSWORTH PARK,1.319876646565663,103.7811304,12.0,Bukit Timah
82,ALOCASSIA APARTMENTS,1.319436459521771,103.8273473018823,3.0,Tanglin
83,ALPHA APARTMENTS,1.311838079637791,103.9054032431691,0.0,Marine Parade
84,ALTEZ,1.274617941038219,103.8443195536877,13.0,Downtown Core
85,AMANINDA,1.324624905,103.8413415123316,0.0,Novena
86,AMARANDA GARDENS,1.349374344597028,103.8663871207831,0.0,Serangoon
87,AMARYLLIS VILLE,1.314717530385139,103.8414285226247,0.0,Novena
88,AMBER 45,1.302349978931127,103.9012679007679,11.0,Marine Parade
89,AMBER PARK,1.300473373040062,103.8999123585504,11.0,Marine Parade
90,AMBER POINT,1.298861319,103.8985229,8.0,Marine Parade
91,AMBER RESIDENCES,1.301256235372565,103.9008260879491,11.0,Marine Parade
92,AMBER SKYE,1.299629789819179,103.8981143443826,11.0,Marine Parade
93,AMPAS APARTMENTS,1.326194872444459,103.8510667854546,9.0,Novena
94,AMSTERDAM APARTMENTS,1.322173554745201,103.7831681193226,12.0,Unknown
95,AN CHUAN BUILDING,1.296204542075298,103.8552567051669,16.0,Unknown
96,ANDERSON 18,1.310839453620271,103.8283253674611,7.0,Newton
97,ANGSANA@21,1.312673704,103.8755943,12.0,Unknown
98,ANGULLIA PARK RESIDENCES @ ORCHARD,1.303613915658266,103.8292421569812,12.0,River Valley
99,ANGULLIA VIEW,1.302517161295541,103.8294692507915,12.0,River Valley
100,APLETON VIEW,1.319069723903276,103.8461014710003,0.0,Novena
101,APOLLO GARDENS,1.338143304,103.9578464246772,15.0,Tampines
102,AQUARINE GARDENS,1.313507900033361,103.9281489233037,0.0,Bedok
103,AQUARIUS BY THE PARK,1.337813100739841,103.9356797221672,0.0,Bedok
104,AQUENE,1.314429521295677,103.9091131286857,11.0,Bedok
105,ARCHIPELAGO,1.33876815,103.9183764874466,13.0,Bedok
106,ARDMORE II,1.309801785805023,103.8275401837977,12.0,Newton
107,ARDMORE PARK,1.308436154231881,103.8285967639333,0.0,Newton
108,ARENA RESIDENCES,1.309676858234857,103.8806427642351,12.0,Geylang
109,ARTHUR 118,1.298817,103.8878728440824,11.0,Marine Parade
110,ARTHUR MANSIONS,1.298901538626466,103.8871515994367,6.0,Marine Parade
111,ARTRA,1.290030670539985,103.8171852739029,12.0,Bukit Merah
112,ASCENT @ 456,1.326573607909094,103.8483599,10.0,Novena
113,ASCENTIA SKY,1.290944732,103.8170001152579,12.0,Bukit Merah
114,ASPEN HEIGHTS,1.294258882787204,103.8408006,1.0,River Valley
115,ASPEN LINQ,1.295341579934305,103.8398443856827,12.0,River Valley
116,ASPEN LOFT,1.314902235561334,103.9047096,0.0,Geylang
117,ASTON LODGE,1.310130611068882,103.8770754119741,3.0,Geylang
118,ASTON MANSIONS,1.314311280297301,103.8907140833227,1.0,Geylang
119,ASTOR,1.328795932673737,103.9129636481272,12.0,Bedok
120,ASTOR GREEN,1.317433758831881,103.7767762,4.0,Bukit Timah
121,ASTORIA PARK,1.321143279319158,103.9118083378522,4.0,Bedok
122,ASTRID MEADOWS,1.318474157409717,103.7942927390981,9.0,Bukit Timah
123,ASTRIDVILLE,1.321327213,103.7941166188355,14.0,Bukit Timah
124,ATHENA VILLE,1.315079465929724,103.8856683,12.0,Unknown
125,ATLAND HOUSE,1.311842706,103.8420733631621,12.0,Unknown
126,ATLASSIA,1.313276577314713,103.9009822,11.0,Geylang
127,ATRIUM RESIDENCES,1.313041135794685,103.8857132,12.0,Geylang
128,ATTITUDE AT KIM YAM,1.295513959242415,103.8389078668437,12.0,River Valley
129,AURA 83,1.310967647021881,103.9062667,11.0,Marine Parade
130,AURALIS,1.310025521471633,103.9160285909917,11.0,Bedok
131,AVA TOWERS,1.322225301869553,103.8517748650786,6.0,Novena
132,AVALON,1.312971205007886,103.8281022081375,0.0,Tanglin
133,AVANT RESIDENCES,1.313535359875808,103.8823628705753,0.0,Geylang
134,AVENUE PARK,1.332132729186863,103.7928954716219,16.0,Bukit Timah
135,AVENUE SOUTH RESIDENCE,1.276390119272137,103.8302713301703,12.0,Bukit Merah
136,AVILA GARDENS,1.360157643342418,103.9651652241909,10.0,Pasir Ris
137,AVON PARK,1.339245606422129,103.8697700608449,8.0,Toa Payoh
138,AXIS @ SIGLAP,1.311864084505838,103.9238263244561,11.0,Bedok
139,AZALEA PARK CONDOMINIUM,1.360736215664109,103.9632993965588,10.0,Pasir Ris
140,BALCON EAST,1.314743267658847,103.9423024,13.0,Bedok
141,BALESTIER 288,1.322976981215703,103.8528113545471,0.0,Novena
142,BALESTIER PLAZA,1.325724725570928,103.8503953740249,16.0,Novena
143,BALESTIER POINT,1.322811937287382,103.8520262742004,13.0,Novena
144,BALESTIER REGENCY,1.325323601618509,103.8517764390377,9.0,Novena
145,BALLOTA PARK CONDOMINIUM,1.358877991203415,103.9685244387701,10.0,Pasir Ris
146,BALMORAL 21,1.315958978640755,103.8329556048591,12.0,Unknown
147,BALMORAL 8,1.314516927460767,103.8322069,12.0,Newton
148,BALMORAL CONDOMINIUM,1.314989877770304,103.8292938202227,7.0,Newton
149,BALMORAL CREST,1.315856289574712,103.8340099738516,0.0,Newton
150,BALMORAL GARDENS,1.314662150298307,103.8341782231214,17.0,Tanglin
151,BALMORAL GATE,1.317114985577519,103.8343509715969,5.0,Tanglin
152,BALMORAL HEIGHTS,1.315062622182419,103.8347412023629,0.0,Newton
153,BALMORAL HILLS,1.316163967189246,103.8277634256948,12.0,Tanglin
154,BALMORAL LUCK,1.314229284548729,103.8318098367662,12.0,Unknown
155,BALMORAL PLACE,1.316604203138085,103.8349296553933,0.0,Newton
156,BALMORAL PLAZA,1.316439630083602,103.8354875844331,5.0,Newton
157,BALMORAL POINT,1.316439545884585,103.8331838354731,25.0,Tanglin
158,BALMORAL RESIDENCES,1.315318262290377,103.8350526835146,0.0,Newton
159,BALMORAL TOWER,1.316657065846615,103.8336405313133,16.0,Tanglin
160,BALMY COURT,1.314158351344347,103.8849495778525,1.0,Geylang
161,BAN GUAN PARK,1.321838376140686,103.7835941,12.0,Bukit Timah
162,BANYAN CONDOMINIUM,1.278465304995431,103.7888298202862,4.0,Queenstown
163,BAODE BUILDING,1.315194010120752,103.8887249799976,8.0,Geylang
164,BARTLEY GROVE,1.344338357297786,103.8722352381271,23.0,Serangoon
165,BARTLEY RESIDENCES,1.343408864027569,103.8810335042809,10.0,Serangoon
166,BARTLEY RIDGE,1.340990766517836,103.8808498201716,19.0,Toa Payoh
167,BARTLEY TERRACE,1.345538051434704,103.8725876,10.0,Serangoon
168,BASSEIN COURT,1.322765608822254,103.8482485000308,6.0,Novena
169,BAYOU RESIDENCE,1.346332029338209,103.8802406703764,10.0,Serangoon
170,BAYSHORE PARK,1.310771932969758,103.9379779,13.0,Bedok
171,BAYVILLE CONDOMINIUM,1.281158607815575,103.7877599736331,13.0,Queenstown
172,BAYWATER,1.337507991932025,103.9326748651846,13.0,Bedok
173,BAYWIND RESIDENCES,1.310946853884022,103.9157333079183,11.0,Bedok
174,BEACH ROAD CONSERVATION AREA,1.298129107508305,103.8565011065441,16.0,Unknown
175,BEACON HEIGHTS,1.326375086466797,103.8621423702997,10.0,Kallang
176,BEAUFORT ON NASSIM,1.308569354970583,103.8247384838634,0.0,Tanglin
177,BEAUTY WORLD CENTRE,1.342412641886426,103.7765393854061,14.0,Bukit Timah
178,BEAUTY WORLD PLAZA,1.341800186,103.7762593598538,17.0,Bukit Timah
179,BEAVERTON COURT,1.316079982592646,103.7760882242737,15.0,Bukit Timah
180,BEDOK COURT,1.322266596608957,103.9446693210782,14.0,Bedok
181,BEDOK RESIDENCES,1.324987776746408,103.9286123663122,13.0,Bedok
182,BEDOK SHOPPING COMPLEX,1.331889591858288,103.9483321828313,22.0,Bedok
183,BEDOKVILLE,1.323219028,103.9462504612734,13.0,Bedok
184,BELLA CASITA,1.311842214779582,103.8947847704213,11.0,Geylang
185,BELLA VISTA,1.344129549245066,103.8703269,19.0,Serangoon
186,BELLE VUE,1.296595788995069,103.8423938728278,13.0,River Valley
187,BELLE VUE RESIDENCES,1.296595788995069,103.8423938728278,12.0,River Valley
188,BELLERIVE,1.316986700639184,103.8305470147078,4.0,Tanglin
189,BELLEZZA @ KATONG,1.306905980085311,103.9020767056161,11.0,Marine Parade
190,BELMOND GREEN,1.315212353871985,103.831989,0.0,Tanglin
191,BELMONDO VIEW,1.323262808530086,103.8512156037168,0.0,Novena
192,BENCOOLEN HOUSE,1.298845585804114,103.8498436068519,16.0,Unknown
193,BENDIGO GARDENS,1.312854388600883,103.9055619778041,15.0,Geylang
194,BERKELEY RESIDENCES,1.309619016545306,103.9092581687129,11.0,Bedok
195,BETA GROVE,1.313158001165546,103.9112072355474,9.0,Bedok
196,BIJOU,1.276853863793598,103.7917421717843,13.0,Queenstown
197,BINJAI PARK,1.335857561284717,103.7865528569786,13.0,Bukit Timah
198,BIRCHWOOD MANSIONS,1.325946872319973,103.8508394793068,9.0,Novena
199,BIRMINGHAM MANSIONS,1.317732620431604,103.8449092112955,12.0,Novena
200,BISHAN 8,1.349180338466708,103.8467025723217,0.0,Bishan
201,BISHAN PARK CONDOMINIUM,1.365534387538372,103.8318939,5.0,Bishan
202,BISHAN POINT,1.359659384785255,103.8326919669199,0.0,Bishan
203,BISHOPSGATE RESIDENCES,1.298434070338142,103.8245187662424,12.0,Tanglin
204,BLAIR PLAIN CONSERVATION AREA,1.276390957373343,103.8366694245864,13.0,Bukit Merah
205,BLEU @ EAST COAST,1.315794917027143,103.9448404733138,13.0,Bedok
206,BLISS LOFT,1.323229455106966,103.8529292613033,10.0,Novena
207,BLISS REGALIA,1.316212739578025,103.8541959998338,11.0,Kallang
208,BLISS RESIDENCES,1.320128798568964,103.9121277292395,12.0,Bedok
209,BLISS VILLE,1.323747156191182,103.9091351227675,12.0,Bedok
210,BLISS@KOVAN,1.362550232906775,103.8835517917785,10.0,Hougang
211,BLISSFUL VIEW,1.309563431539178,103.8027633164035,1.0,Unknown
212,BLOSSOM VIEW,1.311647734845246,103.8850599301044,12.0,Geylang
213,BLOSSOMS @ WOODLEIGH,1.336413574622816,103.8685717,19.0,Toa Payoh
214,BLU CORAL,1.312692864,103.9144193041195,11.0,Bedok
215,BLUE HORIZON,1.296951000139866,103.7654361402117,0.0,Clementi
216,BLUWATERS,1.379760599917817,103.9630778525916,10.0,Pasir Ris
217,BLUWATERS 2,1.380050795803156,103.9639001447296,10.0,Pasir Ris
218,BLUWEL APARTMENTS,1.313232609948358,103.8871121348001,9.0,Geylang
219,BOATHOUSE RESIDENCES,1.375775318791346,103.9025612783982,10.0,Hougang
220,BOON COURT,1.315376581114765,103.9054629479539,23.0,Geylang
221,BOON TECK APARTMENTS,1.327186487161616,103.8506484684414,9.0,Novena
222,BOON TECK TOWER,1.327718504930355,103.8503278,15.0,Novena
223,BOONVIEW,1.351665191623433,103.8415539940093,0.0,Bishan
224,BOTANIC GARDENS MANSION,1.307838508119173,103.8191472440272,12.0,Tanglin
225,BOTANIC GARDENS VIEW,1.308776033744167,103.8187804839908,12.0,Tanglin
226,BOTANIC LODGE,1.311158796100608,103.8180298379736,12.0,Unknown
227,BOTANIKA,1.309843134803629,103.8081369654616,12.0,Tanglin
228,BOTANIQUE AT BARTLEY,1.342861990045771,103.8826064748899,10.0,Serangoon
229,BOTANNIA,1.318071300857288,103.7544729,13.0,Clementi
230,BOUGAINVILLA APARTMENTS,1.313452868909552,103.8794584016942,12.0,Geylang
231,BOULEVARD 88,1.304954320765624,103.8276274712634,12.0,Orchard
232,BOWMONT CENTRE,1.315656253916772,103.9192457361072,0.0,Bedok
233,BRADDELL PARK,1.346805827,103.8649564,16.0,Serangoon
234,BRADDELL VIEW,1.341692433274475,103.8420461332407,21.0,Toa Payoh
235,BREEZE BY THE EAST,1.314137574362908,103.9377424774057,13.0,Bedok
236,BREEZY MANSIONS,1.362241503379965,103.8780147,0.0,Hougang
237,BRIGHTON VIEW,1.360510713354711,103.8729474087014,14.0,Serangoon
238,BRISTOL LODGE,1.313676341019117,103.8495092707903,6.0,Kallang
239,BUCKLEY 18,1.318295621437962,103.8410633,12.0,Novena
240,BUCKLEY CLASSIQUE,1.317856828018878,103.8400481413774,12.0,Novena
241,BUCKLEY RESIDENCE,1.317200270509671,103.8405328923347,0.0,Novena
242,BUGIS VILLAGE,1.300902526074626,103.8552626792454,16.0,Unknown
243,BUKIT 828,1.373835917358969,103.7631247647649,11.0,Bukit Panjang
244,BUKIT REGENCY,1.347134740668533,103.7709393769889,4.0,Bukit Timah
245,BUKIT TIMAH MANSIONS,1.317478128955183,103.8332826691635,15.0,Tanglin
246,BULLION PARK,1.390736240304626,103.8370366934676,6.0,Ang Mo Kio
247,BUONA LODGE,1.281686596072723,103.7867231379857,7.0,Queenstown
248,BUONA VISTA GARDENS,1.282517083,103.7869104253765,10.0,Queenstown
249,BURLINGTON SQUARE,1.302243270743033,103.8527002149894,1.0,Rochor
250,BUTTERWORTH 33,1.312794895554212,103.8956637723679,11.0,Geylang
251,BUTTERWORTH 8,1.312122377278122,103.8946635694021,0.0,Geylang
252,BUTTERWORTH VIEW,1.31271778,103.8952716761703,0.0,Geylang
253,CADENCE LIGHT,1.312451777061744,103.9110151325435,11.0,Bedok
254,CAIRNHILL 16,1.308510308403468,103.8379724494127,12.0,Newton
255,CAIRNHILL ASTORIA,1.306929885605985,103.8397161505838,16.0,Newton
256,CAIRNHILL CONSERVATION AREA,1.303157651628276,103.8379783299647,12.0,Newton
257,CAIRNHILL CREST,1.305578298348788,103.8381407686255,0.0,Newton
258,CAIRNHILL HEIGHTS,1.307525584273304,103.8364878902577,14.0,Newton
259,CAIRNHILL NINE,1.303486854249721,103.8374443875817,12.0,Orchard
260,CAIRNHILL PLAZA,1.306162225016184,103.8369945378017,21.0,Newton
261,CAIRNHILL RESIDENCES,1.308031268,103.8361831072844,12.0,Newton
262,CALARASI,1.323773061,103.8543632341135,0.0,Novena
263,CALIN MANSIONS,1.315524963718822,103.8879754691338,7.0,Geylang
264,CALLIDORA VILLE,1.309723215851226,103.9097080403497,11.0,Bedok
265,CAMBIO SUITES,1.355210151623143,103.8764588299559,10.0,Serangoon
266,CAMBRIDGE VILLAGE,1.313194528037233,103.8474459512422,16.0,Kallang
267,CAMELLIA LODGE,1.315355370448744,103.8865358879312,2.0,Geylang
268,CAMELODGE,1.313169525952437,103.9293060817198,3.0,Bedok
269,CAMELOT BY-THE-WATER,1.297407538078527,103.8754381466352,0.0,Kallang
270,CANARY VILLE,1.314630664,103.9144449475287,0.0,Bedok
271,CANBERLIN APARTMENTS,1.310684449139915,103.8798347054715,0.0,Geylang
272,CANBERLIN LODGE,1.309446408972717,103.8769288961978,0.0,Geylang
273,CANBERRA RESIDENCES,1.444479549448527,103.8254373248439,12.0,Sembawang
274,CANDEVILLE,1.310947667184227,103.9106398657167,5.0,Bedok
275,CANNAVILLE,1.309112821414018,103.9054365520407,6.0,Marine Parade
276,CANNE LODGE,1.314174851250088,103.8732782396914,4.0,Kallang
277,CANNE VILLE,1.311938187719925,103.8745844549405,12.0,Unknown
278,CANTIZ @ RAMBAI,1.310888892316654,103.9058692554328,11.0,Marine Parade
279,CAPE ROYALE,1.241856114061232,103.8395857045683,0.0,Southern Islands
280,CARABELLE,1.317243279569825,103.7559782,13.0,Clementi
281,CARDIFF RESIDENCE,1.355172365,103.8664471071408,10.0,Serangoon
282,CARIBBEAN AT KEPPEL BAY,1.267470198,103.8155429913737,0.0,Bukit Merah
283,CARISSA PARK CONDOMINIUM,1.359171214,103.9636315161682,0.0,Pasir Ris
284,CARLISLE COURT,1.313392655165911,103.8481445900582,13.0,Kallang
285,CARLYX GREEN,1.313180918154042,103.8478058164169,0.0,Kallang
286,CARLYX RESIDENCE,1.313268619946088,103.8479556630974,11.0,Kallang
287,CARMI MANSIONS,1.315724970445722,103.8880375,7.0,Geylang
288,CARPMAEL LODGE,1.314320482338085,103.8971931824914,11.0,Unknown
289,CARPMAEL THIRTY-EIGHT,1.313157201027962,103.8978037,11.0,Geylang
290,CASA AERATA,1.312323937943784,103.8850330904986,12.0,Geylang
291,CASA AL MARE,1.377856296,103.9570896199723,10.0,Pasir Ris
292,CASA AROMA,1.313682354795638,103.9061550728808,0.0,Geylang
293,CASA CAIRNHILL,1.308107931744438,103.8395460628818,8.0,Newton
294,CASA CAMBIO,1.353688230400228,103.8764446159033,10.0,Serangoon
295,CASA EMERALD,1.312126847915035,103.8872202211173,12.0,Geylang
296,CASA ESPANIA,1.344858549837706,103.8751007785862,8.0,Serangoon
297,CASA ESPERANZA,1.334908896383512,103.7834521180897,7.0,Bukit Timah
298,CASA FELIZ,1.312090527743508,103.9043763,9.0,Geylang
299,CASA FLORA,1.321445179,103.9503075974038,12.0,Bedok
300,CASA FORTUNA,1.328493588474664,103.8481694019554,10.0,Novena
301,CASA IRRAWADDY,1.324937124135467,103.8460689,10.0,Novena
302,CASA JERVOIS,1.294735536047428,103.8189893377708,12.0,Tanglin
303,CASA MELWANI,1.316251777926419,103.8425841651072,12.0,Unknown
304,CASA MERAH,1.329742066321526,103.9456704242307,13.0,Bedok
305,CASA MEYA,1.330890087454209,103.8668966507798,19.0,Toa Payoh
306,CASA NOVACREST,1.309148886020496,103.8380103178528,1.0,Newton
307,CASA PASIR RIS,1.379391951879978,103.9636877453096,2.0,Pasir Ris
308,CASA RIVIERA,1.354855196926196,103.8757605685468,2.0,Serangoon
309,CASA ROSA,1.346235403841609,103.8796434621999,10.0,Serangoon
310,CASA ROSITA,1.315012069054265,103.8361682023528,14.0,Newton
311,CASA SARINA,1.320189672209149,103.9068659282692,1.0,Bedok
312,CASA UNO,1.315092612656751,103.8258358523126,12.0,Unknown
313,CASABELLA,1.324144770429589,103.7998252745474,0.0,Bukit Timah
314,CASABLANCA,1.430515580928358,103.7855301042691,0.0,Woodlands
315,CASAFINA,1.316681943,103.9338780748914,0.0,Bedok
316,CASCADALE,1.345525482014229,103.9632693254221,5.0,Tampines
317,CASCATA,1.328402035224417,103.9086063,0.0,Bedok
318,CASERO @ DUNMAN,1.309713795421653,103.8938136934917,11.0,Geylang
319,CASHEW PARK CONDOMINIUM,1.370630585534802,103.7675117,16.0,Bukit Panjang
320,CASPIAN,1.342657401585821,103.7181747627214,10.0,Jurong West
321,CASSIA EDGE,1.311574249125497,103.8858281181656,12.0,Geylang
322,CASSIA VIEW,1.311032761122312,103.8866301408137,1.0,Geylang
323,CASTLE GREEN,1.385835340984651,103.8415708,2.0,Ang Mo Kio
324,CASTLE LOFT,1.314046663791641,103.9146707351047,3.0,Bedok
325,CASUARINA COVE,1.297514305659745,103.8745144798091,3.0,Kallang
326,CAVAN SUITES,1.310998559309964,103.8611551867033,11.0,Kallang
327,CAVENAGH COURT,1.309908607337185,103.8431506526587,12.0,Newton
328,CAVENAGH FORTUNA,1.306788889,103.8409663408154,12.0,Unknown
329,CAVENAGH GARDENS,1.304746037670801,103.8408776443239,12.0,Newton
330,CAVENAGH HOUSE,1.307902702423274,103.8406357501485,12.0,Newton
331,CAVENAGH LODGE,1.306071792787274,103.8407646087803,3.0,Unknown
332,CAVENDISH PARK,1.316695863934347,103.7759944039796,14.0,Bukit Timah
333,CELADON VIEW,1.378349857063732,103.9565913518801,0.0,Pasir Ris
334,CELESTIA,1.314673160918132,103.904415,11.0,Geylang
335,CENTENNIA SUITES,1.292933919609031,103.8335900381622,12.0,Singapore River
336,CENTRA HEIGHTS,1.316293977628898,103.8865741839498,12.0,Geylang
337,CENTRA LOFT,1.314817439506251,103.8883769779863,12.0,Geylang
338,CENTRA RESIDENCE,1.312846209179009,103.8759363213321,12.0,Geylang
339,CENTRA STUDIOS,1.314440001484359,103.8823240031578,12.0,Geylang
340,CENTRA SUITES,1.314651667818574,103.8832881494268,12.0,Geylang
341,CENTRAL GREEN CONDOMINIUM,1.285312017949594,103.8282193562218,4.0,Bukit Merah
342,CENTRAL GROVE,1.315810127063078,103.8844739243892,0.0,Geylang
343,CENTRAL IMPERIAL,1.311942667813461,103.8792139709635,12.0,Geylang
344,CENTRAL MEADOWS,1.312258259328576,103.8881617905348,0.0,Geylang
345,CENTRAL SQUARE,1.288428486667113,103.8423003,23.0,Unknown
346,CENTRAL VIEW,1.353137746570523,103.8785255378499,0.0,Hougang
347,CENTRINA,1.316092733399647,103.9016825883571,11.0,Geylang
348,CENTRO MANSIONS,1.313096334016558,103.8867547276052,0.0,Geylang
349,CENTRO RESIDENCES,1.370304303,103.8483863138867,13.0,Ang Mo Kio
350,CENTURY MANSIONS,1.357389514234169,103.7620880630209,1.0,Bukit Batok
351,CEYLON CREST,1.306323123933151,103.9029053975126,0.0,Marine Parade
352,CEYLON POINT,1.308517216359919,103.9008754798836,11.0,Marine Parade
353,CEYLON RESIDENCE,1.308997290890266,103.899835,11.0,Marine Parade
354,CHANCERY CORNER,1.317789663894509,103.8370059117684,13.0,Novena
355,CHANCERY COURT,1.317294906256875,103.8360248649274,18.0,Novena
356,CHANCERY ESQUIRE,1.317654628798308,103.8365350430049,3.0,Novena
357,CHANCERY PARK,1.318994205708122,103.8368534,8.0,Novena
358,CHANGI COMPLEX,1.341623027887823,103.9648620960843,20.0,Bedok
359,CHANGI COURT,1.342915329442883,103.9624914198671,2.0,Tampines
360,CHANGI GARDEN,1.318238847772822,103.9101203,10.0,Tampines
361,CHANGI GREEN,1.344520809,103.9626832361162,13.0,Tampines
362,CHANGI RISE CONDOMINIUM,1.34675636,103.9599239547025,0.0,Tampines
363,CHANTILLY RISE,1.359010202999056,103.7632365164967,1.0,Bukit Batok
364,CHAPEL COURT,1.305489374731468,103.9074265698656,2.0,Marine Parade
365,CHAPEL LODGE,1.308710470694247,103.9061045444625,11.0,Marine Parade
366,CHARISMA VIEW,1.344403193298167,103.7683950455958,0.0,Bukit Timah
367,CHARLESTON,1.295322494911211,103.8278186196617,12.0,Tanglin
368,CHARLTON CORNER,1.355576514720769,103.8815524863312,8.0,Hougang
369,CHARMING GARDEN,1.316752343,103.8035611324191,15.0,Bukit Timah
370,CHATEAU LE FAME,1.316586221,103.8292355577224,12.0,Tanglin
371,CHATELET,1.319975458917497,103.8243043627525,6.0,Tanglin
372,CHELSEA GARDENS,1.312965409222947,103.8273576278026,0.0,Tanglin
373,CHELSEA GROVE,1.324040930930576,103.8510810000906,10.0,Novena
374,CHELSEA LODGE,1.305314494789086,103.8959380581262,0.0,Marine Parade
375,CHEN FANG MANSIONS,1.315382217559027,103.8879364814203,2.0,Geylang
376,CHEN JING JUE MANSIONS,1.364999914007966,103.877717,10.0,Unknown
377,CHERRY GARDENS,1.350028795805041,103.8787263575705,0.0,Serangoon
378,CHERRYHILL,1.350484759,103.8777433363244,5.0,Serangoon
379,CHERRYLOFT,1.316875055571472,103.8532322052721,0.0,Unknown
380,CHIANG'S COURT,1.312989154079408,103.9289769166201,11.0,Unknown
381,CHIKU MANSIONS,1.313936036,103.9059687402808,16.0,Geylang
382,CHILTERN PARK,1.350463921006505,103.8641642145466,4.0,Serangoon
383,CHIVERTON,1.317366275401658,103.8291510064681,0.0,Tanglin
384,CHNG MANSIONS,1.298591283852746,103.8878836226295,3.0,Marine Parade
385,CHOON MOEY MANSIONS,1.315539899316467,103.8870524164565,12.0,Geylang
386,CHUN TIN COURT,1.342077472726966,103.7747480149314,15.0,Bukit Timah
387,CHUNG CHIN FLATS,1.308346955467954,103.9104941963715,11.0,Bedok
388,CITIGATE RESIDENCE,1.316606809405996,103.8533255778103,11.0,Kallang
389,CITY EDGE,1.319533288970716,103.8466260227796,12.0,Novena
390,CITY GATE,1.302315905045754,103.8623316610334,16.0,Kallang
391,CITY LOFT,1.315061059737596,103.8566798636438,11.0,Kallang
392,CITY PLAZA,1.314786897197704,103.8934721151185,18.0,Geylang
393,CITY REGENCY,1.326380914563499,103.8638406549694,10.0,Kallang
394,CITY SQUARE RESIDENCES,1.311105358466653,103.8574798608122,11.0,Kallang
395,CITY STUDIOS,1.310122337,103.8528147792791,11.0,Rochor
396,CITY SUITES,1.321291434290099,103.8521794561175,10.0,Novena
397,CITYLIGHTS,1.308895767326591,103.8630686034252,11.0,Kallang
398,CITYSCAPE @FARRER PARK,1.318021993877547,103.8515937066344,11.0,Kallang
399,CITYVALE,1.302045845344262,103.8481010363652,0.0,Rochor
400,CITYVISTA RESIDENCES,1.309143455929495,103.8375796611798,12.0,Newton
401,CLAREMONT,1.296123716294147,103.837597,12.0,River Valley
402,CLAVON,1.308912438037322,103.7670551358192,13.0,Clementi
403,CLAYMORE PLAZA,1.306814551404484,103.8316117927299,16.0,Orchard
404,CLEMENTI PARK,1.327291292410478,103.7668034012077,16.0,Clementi
405,CLEMENTIWOODS CONDOMINIUM,1.295624184084991,103.7674338304846,13.0,Clementi
406,CLIFTEN,1.317712058979294,103.8291548896711,12.0,Tanglin
407,CLIVEDEN AT GRANGE,1.299446442076108,103.8267922385446,12.0,River Valley
408,CLOVER BY THE PARK,1.359242486329976,103.8453775757039,13.0,Bishan
409,CLOVER PARK,1.349229041146608,103.8423610313534,14.0,Bishan
410,CLUNY COURT,1.322573169349141,103.8142455422543,2.0,Tanglin
411,CLUNY PARK RESIDENCE,1.321936081502784,103.8138708689287,12.0,Tanglin
412,CLYDES RESIDENCE,1.317349412074783,103.8522129216003,0.0,Kallang
413,CLYDESVIEW,1.294092228227197,103.8181075858825,8.0,Tanglin
414,CLYDESWOOD,1.344402676924752,103.8662765,6.0,Serangoon
415,COASTAL BREEZE RESIDENCES,1.378167403809884,103.9572482340371,10.0,Pasir Ris
416,COASTAL VIEW RESIDENCES,1.379054821846396,103.9610977449728,10.0,Pasir Ris
417,COASTARINA,1.309559059539097,103.9183486214308,11.0,Bedok
418,COASTLINE RESIDENCES,1.299190999877004,103.8989288281873,11.0,Marine Parade
419,COCO PALMS,1.371501587,103.9453234593036,8.0,Pasir Ris
420,COLIWOO BALESTIER 320,1.323767364702694,103.8521874931312,10.0,Unknown
421,COMFORT GARDEN,1.377899684602032,103.7468666372506,22.0,Choa Chu Kang
422,COMMONWEALTH TOWERS,1.295734334744147,103.8060301989734,12.0,Queenstown
423,COMPASS HEIGHTS,1.391351118982306,103.8959975345311,0.0,Sengkang
424,CONCOURSE SKYLINE,1.300266899066546,103.8618655898007,16.0,Kallang
425,CORALIS,1.304508831448443,103.9054509231037,11.0,Marine Parade
426,CORALS AT KEPPEL BAY,1.266039735643263,103.8169171916295,15.0,Bukit Merah
427,CORONA VILLE,1.322527841128057,103.7950445790488,16.0,Bukit Timah
428,CORONATION ARCADE,1.323298290766047,103.8105275741431,5.0,Bukit Timah
429,CORONATION GROVE,1.322940302674106,103.8025947,14.0,Bukit Timah
430,CORONATION SHOPPING PLAZA,1.323835121787596,103.8099995700472,20.0,Bukit Timah
431,COSMO,1.309576439971947,103.8810396209321,12.0,Geylang
432,COSTA DEL SOL,1.311994856831802,103.9402728588735,0.0,Bedok
433,COSTA ESTE,1.312282746728997,103.9095597568896,11.0,Bedok
434,COSTA RHU,1.295454954998243,103.8671496781574,2.0,Kallang
435,COSY 23,1.312577657,103.8864923426363,0.0,Geylang
436,COSY LODGE,1.315194964650526,103.8865740116098,0.0,Geylang
437,COTE D'AZUR,1.301168755723559,103.9039314290593,0.0,Marine Parade
438,COUNTRY ESQUIRE,1.360026169721578,103.8311116819994,7.0,Bishan
439,COUNTRY GRANDEUR,1.360561293828053,103.8313226478424,3.0,Bishan
440,COUNTRY PARK CONDOMINIUM,1.321487327888763,103.9537456845383,13.0,Bedok
441,CRADELS,1.324671464750066,103.8539102775159,10.0,Novena
442,CRAIG PLACE,1.278031247126998,103.8423879126401,0.0,Outram
443,CRANE COURT,1.312162505822702,103.8981641715986,0.0,Geylang
444,CRESCENDO BUILDING,1.313125197,103.9263257346837,3.0,Bedok
445,CRESCENDO PARK,1.313388862887066,103.9263577629393,3.0,Bedok
446,CRESCENT BUILDING,1.325882210017731,103.8938563186072,10.0,Novena
447,CRESTON RESIDENCES,1.308828490470392,103.9076937,11.0,Unknown
448,CROWN CENTRE,1.323046668376595,103.8111607,15.0,Bukit Timah
449,CRYSTAL COURT,1.294146309605875,103.8269880344331,16.0,Tanglin
450,CRYSTAL DE AZURE,1.343518756755615,103.8819054519859,0.0,Serangoon
451,CRYSTAL DEW,1.316014588469002,103.8853058653507,0.0,Geylang
452,CRYSTAL HEIGHTS,1.281560041521743,103.7857095954207,13.0,Queenstown
453,CRYSTAL LODGE,1.311398879945046,103.8796711157148,12.0,Geylang
454,CRYSTAL MANSIONS,1.311152029631773,103.8766747629577,7.0,Geylang
455,CRYSTAL RHU,1.298843762830008,103.8838347938542,0.0,Kallang
456,CUBE 8,1.328363608889204,103.8414183623213,12.0,Novena
457,CUBIK,1.313438091939135,103.9120125209599,11.0,Bedok
458,CUSCADEN RESERVE,1.303610112285875,103.8251671604272,12.0,Orchard
459,CUSCADEN RESIDENCES,1.304900087439591,103.8268499350375,12.0,Orchard
460,CYAN,1.318261579611728,103.8303529871775,12.0,Tanglin
461,D - HERITAGE APARTMENTS,1.328311871010773,103.9126742376045,0.0,Bedok
462,D' ALMIRA,1.344905495,103.8679423097018,19.0,Serangoon
463,D' CASITA,1.321896028552655,103.9093527498963,12.0,Bedok
464,D' CASTILIA,1.312974209167565,103.9032531945966,11.0,Geylang
465,D' DALVEY,1.321204501999264,103.8215655411312,0.0,Tanglin
466,D' FRESCO,1.312328040359889,103.9038122105724,11.0,Geylang
467,D' HILLSIDE LOFT,1.281221398625943,103.7853482,0.0,Queenstown
468,D' IXORAS,1.324113344953332,103.8490406692268,12.0,Novena
469,D' MARINE,1.305043317356444,103.9060942652692,0.0,Marine Parade
470,D' PALMA,1.31995634,103.9117429807871,0.0,Bedok
471,D'CHATEAU @ SHELFORD,1.328096147672027,103.8119882624595,12.0,Bukit Timah
472,D'ECOSIA,1.306440822728206,103.9100624184113,0.0,Bedok
473,D'GROVE VILLAS,1.309133475398026,103.8277260580953,12.0,Newton
474,D'HIRO@HILLSIDE,1.360016032055495,103.8747712883697,0.0,Hougang
475,D'LEEDON,1.316090218636446,103.8023,12.0,Bukit Timah
476,D'LOTUS,1.326118367553015,103.8534960196192,10.0,Novena
477,D'MIRA,1.327518386404429,103.8498539989222,10.0,Novena
478,D'NEST,1.370117532602265,103.9462484068546,8.0,Pasir Ris
479,D'OASIA,1.319669692953085,103.9102612,12.0,Bedok
480,D'PAVILION,1.356323100110793,103.8804022964726,10.0,Hougang
481,D'SUNRISE,1.312006623,103.9010591,0.0,Geylang
482,D'WEAVE,1.315541079077247,103.8904583,12.0,Geylang
483,D'ZIRE,1.368323640198184,103.8821662554546,10.0,Hougang
484,DAHLIA PARK CONDOMINIUM,1.359418098527081,103.9653939237245,0.0,Pasir Ris
485,DAINTREE RESIDENCE,1.338801652986434,103.7698780485901,14.0,Bukit Timah
486,DAIRY FARM RESIDENCES,1.366302647,103.7745015651851,11.0,Bukit Panjang
487,DAISY LODGE,1.344438429667914,103.8675267342998,13.0,Serangoon
488,DAISY SUITES,1.343848762039215,103.8684281353894,19.0,Serangoon
489,DAKOTA RESIDENCES,1.306372709,103.8870854900598,12.0,Geylang
490,DALVEY COURT,1.321025698904427,103.8221728465084,23.0,Tanglin
491,DAWN VILLE,1.312531316946605,103.8945817906599,1.0,Geylang
492,DE CASALLE,1.310057837247729,103.9154831002895,3.0,Bedok
493,DE CENTURION,1.29881006,103.8843502795556,11.0,Kallang
494,DE LENTE,1.311769406582469,103.8017099614828,0.0,Bukit Timah
495,DE PARADISO,1.324082891104944,103.8506292751597,0.0,Novena
496,DE ROYALE,1.327898,103.8493109470371,10.0,Novena
497,DELFI ORCHARD,1.307178872984664,103.8284699943235,14.0,Orchard
498,DELIGHT COURT,1.315141474579819,103.8880428314873,8.0,Geylang
499,DELUXE RESIDENCES,1.31931475,103.9099729832743,12.0,Unknown
500,DENG FU VILLE,1.319071030049171,103.9067276500361,12.0,Bedok
501,DERBYSHIRE HEIGHTS,1.316123411854451,103.8455187790104,0.0,Novena
502,DESKER ROAD CONSERVATION AREA,1.309161787777398,103.8542717531654,11.0,Kallang
503,DEVONSHIRE 12,1.298062379,103.8380191,12.0,River Valley
504,DEVONSHIRE APARTMENTS,1.298028353321247,103.8375389602848,12.0,Unknown
505,DEVONSHIRE BUILDING,1.298256483442365,103.8380314805079,12.0,Unknown
506,DEVONSHIRE RESIDENCES,1.298846472018045,103.8373519593148,12.0,River Valley
507,DLV.,1.315472110145424,103.8251035681749,0.0,Tanglin
508,DOMAIN 21,1.291818656259126,103.8251607413898,12.0,Bukit Merah
509,DOMUS,1.325713038012294,103.8455089,10.0,Novena
510,DONG XING COURT,1.312543390547102,103.9292437244848,15.0,Bedok
511,DORMER PARK,1.294800582559149,103.8219720234586,6.0,Tanglin
512,DORSET MANSIONS,1.313500171065154,103.8499771,7.0,Kallang
513,DORSETT RESIDENCES,1.280045293,103.8403586732533,13.0,Outram
514,DOUBLE BAY RESIDENCES,1.341209804411228,103.9562888499242,8.0,Tampines
515,DOVER PARKVIEW,1.305621915143232,103.7838217263932,13.0,Queenstown
516,DRAGON VIEW PARK,1.296539768196321,103.8288641016308,12.0,Tanglin
517,DRAYCOTT EIGHT,1.311056044901254,103.8320810566089,0.0,Newton
518,DUCHESS CREST,1.324355388291725,103.8052651250364,1.0,Bukit Timah
519,DUCHESS MANOR,1.324560203798761,103.8070570277685,0.0,Bukit Timah
520,DUCHESS RESIDENCES,1.324524112241207,103.8015204185125,12.0,Bukit Timah
521,DUCHESS ROYALE,1.324203099278842,103.8061775147994,12.0,Bukit Timah
522,DUET,1.311325891841931,103.8042391126751,12.0,Tanglin
523,DUKES RESIDENCE,1.321547798083932,103.8112866419648,12.0,Bukit Timah
524,DUKU APARTMENTS,1.310705476274559,103.9061239748708,1.0,Marine Parade
525,DUKU COURT,1.310645727567467,103.9060291,8.0,Marine Parade
526,DUNEARN 386,1.324439989976727,103.8118362915499,12.0,Bukit Timah
527,DUNEARN COURT,1.317294906256875,103.8360248649274,12.0,Bukit Timah
528,DUNEARN ESTATE,1.323528487853928,103.8208559666304,7.0,Novena
529,DUNEARN LODGE,1.324963378217469,103.8103171156768,2.0,Bukit Timah
530,DUNEARN REGENCY,1.324622730300172,103.8108917943746,12.0,Unknown
531,DUNEARN SUITES,1.324733513410359,103.8107247,12.0,Bukit Timah
532,DUNMAN PLACE,1.309995999283283,103.8957613406682,0.0,Geylang
533,DUNMAN REGENCY,1.309607727548141,103.8933482769242,11.0,Geylang
534,DUNMAN VIEW,1.309953699496716,103.8970738863982,0.0,Geylang
535,DUO RESIDENCES,1.299162959678172,103.8578595369466,16.0,Downtown Core
536,DYNASTY GARDEN,1.323325941959704,103.7920458376859,20.0,Bukit Timah
537,DYNASTY LODGE,1.323824294266948,103.7924065895761,14.0,Bukit Timah
538,E MAISON,1.343282866704713,103.8692173443389,19.0,Serangoon
539,E-SPACE,1.314070214545523,103.9148493699809,11.0,Bedok
540,E7 LODGE,1.321675202723714,103.9105928150241,8.0,Bedok
541,EAST 25 APARTMENTS,1.314227061218205,103.8832675977892,6.0,Geylang
542,EAST BAY GARDENS,1.318149979712568,103.9121894,4.0,Bedok
543,EAST COAST MANSIONS,1.311124432413632,103.9208730200524,8.0,Bedok
544,EAST COAST RESIDENCES,1.314167947264937,103.9397321937213,13.0,Bedok
545,EAST COAST VILLE,1.314317536960497,103.9382576,15.0,Bedok
546,EAST COURT,1.309978153906558,103.9229522194429,16.0,Geylang
547,EAST ELEGANCE,1.314928274625242,103.9055808878042,0.0,Geylang
548,EAST GALLERIA,1.305799873718396,103.9072847037514,11.0,Marine Parade
549,EAST GROVE,1.316858775725086,103.8877611593886,24.0,Bedok
550,EAST MEADOWS,1.328267015158239,103.9444201643824,0.0,Bedok
551,EAST MEWS,1.303197005,103.8992671985429,11.0,Marine Parade
552,EAST PALM,1.313465649944766,103.9314265509297,0.0,Bedok
553,EAST SHINE,1.322775146897369,103.9098115532576,0.0,Bedok
554,EAST SIGNATURE,1.312255052661998,103.9317723266841,11.0,Bedok
555,EAST TREASURE,1.309451025374942,103.9107883705253,0.0,Bedok
556,EAST VIEW,1.277906350421438,103.8528516697942,11.0,Marine Parade
557,EAST VIEW 18,1.313281747284728,103.9048522553538,0.0,Geylang
558,EAST VILLAGE,1.331775815030507,103.9462012415909,13.0,Bedok
559,EASTBAY,1.312878568921875,103.9292591912749,11.0,Bedok
560,EASTCOVE RESIDENCES,1.314439854257815,103.9088494492173,0.0,Bedok
561,EASTELLAR,1.314479903457752,103.8973220703932,11.0,Unknown
562,EASTERN LAGOON,1.312994405601199,103.9330779517109,14.0,Bedok
563,EASTERN LODGE,1.315333478279486,103.8852234167848,12.0,Unknown
564,EASTERN RESIDENCE,1.314947209448709,103.9076320645607,0.0,Bedok
565,EASTPAC BUILDING,1.326833276770986,103.8433491696635,16.0,Novena
566,EASTPOINT GREEN,1.339545204182573,103.9510221117053,0.0,Tampines
567,EASTSIDE LOFT,1.310695209291133,103.8938299135307,0.0,Geylang
568,EASTVILLE APARTMENTS,1.312843589867858,103.9030113583389,33.0,Geylang
569,EASTWIND MANSIONS,1.314272996399436,103.9023720140996,7.0,Geylang
570,EASTWOOD CENTRE,1.321542498815489,103.9555356179602,1.0,Bedok
571,EASTWOOD GREEN,1.322359267119294,103.9547414997991,1.0,Bedok
572,EASTWOOD LODGE,1.320700650962098,103.9569216258006,1.0,Bedok
573,EASTWOOD REGENCY,1.321126635422939,103.9575205770273,13.0,Bedok
574,EBER GARDENS,1.298748657445479,103.8403152072107,8.0,River Valley
575,EBONY MANSIONS,1.310127005270517,103.9104015650805,11.0,Bedok
576,ECHELON,1.290963991487791,103.8179898557076,12.0,Bukit Merah
577,ECM BUILDING,1.314904232709301,103.8829024712254,12.0,Unknown
578,ECO,1.324240628574881,103.9451661527484,13.0,Bedok
579,ECO SANCTUARY,1.370845691125222,103.7757190363961,11.0,Bukit Panjang
580,ECOVILLE,1.323830243622236,103.8508903393658,10.0,Novena
581,EDELWEISS PARK CONDOMINIUM,1.357113139994182,103.9671583702069,0.0,Pasir Ris
582,EDEN CREST,1.345106400096657,103.8720677863156,0.0,Serangoon
583,EDEN RESIDENCES CAPITOL,1.292987753822214,103.8510468298429,4.0,Downtown Core
584,EDEN VIEW,1.344242770541842,103.8725628414777,10.0,Serangoon
585,EDENZ LOFT,1.312317847491516,103.8835323179583,12.0,Geylang
586,EDENZ SUITES,1.312869316128544,103.8857531418846,12.0,Geylang
587,EDWARD LEE APARTMENTS,1.296734325834328,103.8303352982701,12.0,Unknown
588,EIGHT COURTYARDS,1.439116526770237,103.8315901140057,12.0,Yishun
589,EIGHT RIVERSUITES,1.321820407466112,103.8647441347118,10.0,Kallang
590,EIGHT@18FORT,1.299214863451723,103.8857911150012,11.0,Unknown
591,EIS RESIDENCES,1.307653070609315,103.8994899931298,11.0,Marine Parade
592,ELIAS GREEN,1.371417133430278,103.9414691180725,8.0,Pasir Ris
593,ELIZABETH HEIGHTS,1.307525584273304,103.8364878902577,16.0,Newton
594,ELIZABETH TOWER,1.306263309550286,103.8362609730879,19.0,Newton
595,ELLIOT AT THE EAST COAST,1.311510223198564,103.9308172837207,11.0,Bedok
596,EMERALD APARTMENTS,1.305141227437228,103.8396587,12.0,Newton
597,EMERALD EAST,1.299622925498686,103.8837766096408,0.0,Kallang
598,EMERALD GARDEN,1.281548629244838,103.8464725700609,0.0,Outram
599,EMERALD HILL CONSERVATION AREA,1.301920001471921,103.8389771403668,12.0,Newton
600,EMERALD PARK,1.289752904054112,103.8303497138199,6.0,Bukit Merah
601,EMERY POINT,1.311585871237517,103.8958237890355,0.0,Geylang
602,EMILY RESIDENCE,1.304075355212069,103.8491848254147,12.0,Rochor
603,EMPRADO SUITES,1.310876317,103.9154850737334,0.0,Bedok
604,ENG APARTMENTS,1.314185136166076,103.8829052627173,4.0,Geylang
605,ENG AUN MANSION,1.323160714,103.842053,12.0,Novena
606,ENG HOON MANSIONS,1.283505894837439,103.8344927525353,12.0,Bukit Merah
607,ENG KONG GREEN,1.335955706230667,103.7692903201986,0.0,Bukit Timah
608,ENG KONG PARK,1.336459909919002,103.7689064842557,14.0,Bukit Timah
609,ENVIO,1.314882722965558,103.9075033213231,11.0,Bedok
610,EON SHENTON,1.273886603639456,103.8462355422443,13.0,Downtown Core
611,EQUATORIAL APARTMENTS,1.298114940900571,103.8879903,18.0,Marine Parade
612,EQUITY HEIGHTS,1.302141987766315,103.8463731448173,12.0,Unknown
613,ESCADA VIEW,1.328993446644895,103.9134773,2.0,Bedok
614,ESPA,1.369515168973197,103.7652019453829,11.0,Bukit Panjang
615,ESPADA,1.297341970958291,103.8367416,12.0,River Valley
616,ESPANA,1.325675845924269,103.8392546936063,12.0,Unknown
617,ESPIRA RESIDENCE,1.312894797273862,103.9123356253548,11.0,Bedok
618,ESPIRA SPRING,1.317424941,103.9104449799318,11.0,Bedok
619,ESPIRA SUITES,1.317058766238826,103.9128570004741,11.0,Bedok
620,ESTA RUBY,1.313900065076761,103.8936172,12.0,Geylang
621,ESTELLA GARDENS,1.360285340555019,103.9665161982602,10.0,Pasir Ris
622,ESTERINA,1.307767319566888,103.8998807297463,0.0,Marine Parade
623,ESTILO,1.302585394,103.8472293162709,12.0,Rochor
624,ESTIQUE,1.310034445990998,103.8937481672576,11.0,Geylang
625,ETON COURT,1.310054930829791,103.9113355546072,0.0,Bedok
626,EUHABITAT,1.328258894488771,103.9066115284962,12.0,Bedok
627,EUNOS GREEN,1.318692888087842,103.9057495,12.0,Bedok
628,EUNOS PARK,1.318463906530395,103.9060767956999,4.0,Bedok
629,EUPHONY GARDENS,1.425470055933254,103.8249697465418,0.0,Mandai
630,EURO-ASIA COURT,1.294771724478152,103.8376933084597,5.0,River Valley
631,EURO-ASIA LODGE,1.314317772,103.9020095286197,11.0,Geylang
632,EURO-ASIA PARK,1.336381475081857,103.8676872093059,3.0,Toa Payoh
633,EVANIA,1.350111165246171,103.8791346795555,10.0,Serangoon
634,EVELYN MANSIONS,1.316494650099123,103.8391038839271,2.0,Novena
635,EVER LODGE,1.314983727397177,103.8890702,0.0,Geylang
636,EVERGREEN PARK,1.368493813316481,103.8991176753399,0.0,Hougang
637,EVERGREEN VIEW,1.313526577645008,103.8885476809163,12.0,Geylang
638,EVERITT EDGE,1.313760622487862,103.9017629,11.0,Geylang
639,EVERITT GREEN,1.316204649841944,103.9018616589763,0.0,Geylang
640,EVERTON COURT,1.276733771934549,103.8375545,13.0,Unknown
641,EWART PARK,1.324457133889456,103.7825633724508,12.0,Bukit Timah
642,EWE BOON REGENT,1.316490115033271,103.8304732933786,0.0,Tanglin
643,EXCELLENCE MANSIONS,1.314339857129244,103.8835706,8.0,Geylang
644,FABER CREST,1.323570722368024,103.7566656065109,0.0,Clementi
645,FABER GARDEN CONDOMINIUM,1.361943047326528,103.8301834111552,15.0,Bishan
646,FABER HILLS,1.318046280311905,103.7576193561408,22.0,Clementi
647,FAIRLODGE,1.311788084458451,103.8014941666984,12.0,Bukit Timah
648,FAIRMOUNT CONDOMINIUM,1.320988419236671,103.9558821199697,0.0,Bedok
649,FAIRWAYS,1.342033917416887,103.7969011661151,15.0,Bukit Merah
650,FAMILIE MANSIONS,1.309836692408854,103.8775032151649,6.0,Geylang
651,FAR EAST PLAZA,1.307176980711882,103.8337929,12.0,Unknown
652,FAR HORIZON GARDENS,1.383208774450535,103.8385515456974,13.0,Ang Mo Kio
653,FARRER PARK SUITES,1.313297683045402,103.8536334041041,0.0,Kallang
654,FENARA COURT,1.318501248370169,103.9118078,3.0,Bedok
655,FENG LAI MANSION,1.311674423580248,103.8865492634805,12.0,Unknown
656,FERN LODGE,1.311115806922487,103.8760682482605,6.0,Geylang
657,FERNHILL COURT,1.313797594236974,103.8233869620577,18.0,Tanglin
658,FERNHILL PLACE,1.314725280510162,103.8255566570361,12.0,Tanglin
659,FERNHILL RESIDENCES,1.313704905407026,103.8245935450299,12.0,Unknown
660,FERNWOOD TOWERS,1.309426543601041,103.9252485252506,5.0,Bedok
661,FERRARIA PARK CONDOMINIUM,1.357364204755757,103.9639720499346,10.0,Pasir Ris
662,FERRELL RESIDENCES,1.317699237096512,103.8323402248786,12.0,Tanglin
663,FIFTEEN ROBIN,1.318013782136712,103.8286498,0.0,Unknown
664,FIFTH AVENUE CONDOMINIUM,1.329905575151868,103.7958224618985,12.0,Bukit Timah
665,FIFTY-TWO STEVENS,1.315024326059941,103.8265703128088,12.0,Tanglin
666,FINLAND GARDENS,1.310520471030332,103.9242668467698,15.0,Bedok
667,FIORENZA,1.363622569257263,103.8859792545186,10.0,Hougang
668,FIRST POINT SUITES,1.316467516084177,103.9101896,11.0,Bedok
669,FIVENINE,1.313071065970838,103.9096598,11.0,Bedok
670,FLAME TREE PARK,1.360990604832917,103.8289743558856,10.0,Bishan
671,FLAMINGO VALLEY,1.317693244,103.9230025711197,13.0,Bedok
672,FLO RESIDENCE,1.391846751071938,103.9130390393864,10.0,Punggol
673,FLORA EAST,1.314497026985193,103.9057328100209,6.0,Geylang
674,FLORAVIEW,1.391492267613892,103.8504549750849,13.0,Ang Mo Kio
675,FLORAVILLE,1.391852356847093,103.8511798777857,15.0,Ang Mo Kio
676,FLORIDIAN,1.333151488794881,103.7848017,14.0,Bukit Timah
677,FONTAINE PARRY,1.366782344854568,103.8801253,10.0,Hougang
678,FONTANA HEIGHTS,1.315369554639197,103.7769425924472,14.0,Bukit Timah
679,FOOK HAI BUILDING,1.284974882399226,103.8464391330763,23.0,Outram
680,FORESQUE RESIDENCES,1.368773588813147,103.7760596578334,11.0,Bukit Panjang
681,FOREST HILLS CONDOMINIUM,1.404944510163218,103.8175845077931,0.0,Yishun
682,FOREST WOODS,1.3510575,103.8768357,10.0,Serangoon
683,FORETT@BUKIT TIMAH,1.339908538823957,103.7675231507624,14.0,Bukit Timah
684,FORT GARDENS,1.299138572794909,103.8848759859134,6.0,Kallang
685,FORTE SUITES,1.317827995988628,103.8519704973932,11.0,Kallang
686,FORTUNE JADE,1.309917518417007,103.8948384521846,0.0,Geylang
687,FORTUNE PARK,1.361698917041054,103.8908401060919,3.0,Hougang
688,FORTUNE SPRING,1.312682824,103.9313714449117,0.0,Bedok
689,FORTVILLE,1.299659308952726,103.8849492095131,0.0,Unknown
690,FOUR SEASONS PARK,1.303258777483059,103.8284692460444,5.0,River Valley
691,FOURTH AVENUE RESIDENCES,1.329314592644302,103.7968513,12.0,Bukit Timah
692,FRAGRANCE COURT,1.277285588243213,103.7931221566604,2.0,Queenstown
693,FRAGRANT GARDENS,1.317448222699569,103.8164052875049,8.0,Serangoon
694,FRANKEL ESTATE,1.318872588851294,103.9147408372894,10.0,Bedok
695,FRASER RESIDENCE ORCHARD SINGAPORE,1.301673056613842,103.8300287213956,0.0,River Valley
696,FRASER RESIDENCE SINGAPORE,1.301673056613842,103.8300287213956,12.0,Unknown
697,FREESIA WOODS,1.323819839793257,103.7668783886551,0.0,Clementi
698,FRUITION,1.314315809444035,103.9036634712993,0.0,Geylang
699,FULCRUM,1.298688313598768,103.8848534034525,11.0,Kallang
700,FUQING BUILDING,1.310733666384053,103.8593512878291,11.0,Unknown
701,FUTURA,1.298124445500571,103.8340664493771,23.0,River Valley
702,FUYUEN COURT,1.315927106244223,103.8889487,12.0,Geylang
703,FYVE DERBYSHIRE,1.316277367554415,103.845724,12.0,Novena
704,G RESIDENCES,1.316798230337613,103.9099163209956,11.0,Bedok
705,GAIA,1.327845108510115,103.8437094357349,10.0,Novena
706,GALAXY TOWERS,1.314871321021315,103.8972077992543,10.0,Geylang
707,GALLERY 8,1.311784985840827,103.9060348542815,0.0,Marine Parade
708,GALLERY FIFTEEN,1.327561401046822,103.8437055072413,0.0,Novena
709,GALLOP COURT,1.313425912684521,103.8119236,12.0,Unknown
710,GALLOP GABLES,1.314302416967658,103.8085321772623,2.0,Tanglin
711,GALLOP GREEN,1.315371636763477,103.8084301028261,0.0,Tanglin
712,GAMBIER COURT,1.292851408574689,103.8397631503897,0.0,River Valley
713,GAMBIR RIDGE,1.344394279981953,103.8754237636665,10.0,Serangoon
714,GARDEN APARTMENT,1.312520681994724,103.8251920459627,12.0,Unknown
715,GARDEN PARK RESIDENCES,1.310791694,103.9100635280899,11.0,Bedok
716,GARDENVILLE,1.312461730860249,103.8273029480516,0.0,Tanglin
717,GARDENVISTA,1.338212731251759,103.7805816424272,14.0,Bukit Timah
718,GEM RESIDENCES,1.338748117880548,103.8508819323232,10.0,Toa Payoh
719,GEMINI APARTMENTS,1.317251977817345,103.9248913437381,10.0,Bedok
720,GEMS VILLE,1.312978386705437,103.8777576213509,12.0,Geylang
721,GENESIS,1.327483260488255,103.7210437595304,12.0,Unknown
722,GEYLANG CONSERVATION AREA,1.313010579405616,103.8840711658195,12.0,Geylang
723,GEYLANG HERITAGE,1.313021423558768,103.8875214081885,12.0,Geylang
724,GEYLANG MANSION,1.311674423580248,103.8865492634805,16.0,Geylang
725,GIDEON'S LODGE,1.312898122902985,103.9035560160681,7.0,Geylang
726,GIFFARD MANSIONS,1.326197178073301,103.8491006564896,9.0,Novena
727,GILLENIA,1.362904019611558,103.8788864217152,10.0,Hougang
728,GILSTEAD 38,1.318141869506042,103.8391510857104,12.0,Novena
729,GILSTEAD COURT,1.318060661920416,103.8396202758142,10.0,Novena
730,GILSTEAD MANSION,1.317422380465893,103.8386856878959,12.0,Novena
731,GILSTEAD TWO,1.314960350378716,103.8384594026868,12.0,Novena
732,GISBORNE LIGHT,1.316249470591463,103.8304280522695,0.0,Tanglin
733,GLAMOUR VILLE,1.309384437,103.9084807048342,0.0,Bedok
734,GLASGOW RESIDENCE,1.361899214229631,103.8786128077793,10.0,Hougang
735,GLENDALE PARK,1.362556906738862,103.7652338091441,0.0,Bukit Batok
736,GLENFIELD APARTMENTS,1.314903654030093,103.9080657750827,8.0,Bedok
737,GLENTREES,1.315854318014161,103.7846292022083,0.0,Bukit Timah
738,GLOBAL VILLE,1.327516687618383,103.8426037587658,0.0,Novena
739,GLOUCESTER MANSIONS,1.313693155853568,103.8403874580857,0.0,Novena
740,GOLD COAST CONDOMINIUM,1.290546920586578,103.7746060376825,5.0,Queenstown
741,GOLD LEAF MANSIONS,1.311460723281935,103.9160693727376,6.0,Bedok
742,GOLD PALM MANSIONS,1.314075310967191,103.9151967040266,11.0,Unknown
743,GOLDEN HEIGHTS,1.349609718950333,103.8659254,0.0,Serangoon
744,GOLDENHILL PARK CONDOMINIUM,1.352875441009017,103.8622912168988,0.0,Serangoon
745,GOLDHILL TOWERS,1.320634278889844,103.8335120835255,10.0,Novena
746,GOODLAND BUILDING,1.310662108543966,103.8537395,11.0,Unknown
747,GOODLINK PARK,1.426386055520056,103.8255654992148,10.0,Mandai
748,GOODVIEW APARTMENTS,1.311638858804731,103.8768380734901,5.0,Geylang
749,GOODWILL COURT,1.313362077,103.9275690435592,16.0,Bedok
750,GOODWOOD GARDENS,1.314662150298307,103.8341782231214,0.0,Newton
751,GOODWOOD GRAND,1.314906587383764,103.8336567885609,12.0,Newton
752,GOODWOOD RESIDENCE,1.314251231173334,103.836042,12.0,Newton
753,GRACE APARTMENTS,1.325535466382286,103.8822071936456,6.0,Geylang
754,GRACIOUS MANSIONS,1.306889727,103.9120960742429,15.0,Bedok
755,GRAMERCY PARK,1.298780892306566,103.8266774838589,12.0,Tanglin
756,GRAND CHATEAU,1.343860883623788,103.7685899,14.0,Bukit Timah
757,GRAND REGALIA,1.357072807480994,103.8810903416857,0.0,Hougang
758,GRAND REGENCY,1.343306427867199,103.7688468348485,0.0,Bukit Timah
759,GRAND RESIDENCE,1.316780309288752,103.9102445975954,11.0,Bedok
760,GRANDE VISTA,1.388799122,103.8520353485549,7.0,Ang Mo Kio
761,GRANDEUR 8,1.375444426702402,103.8468176734129,0.0,Ang Mo Kio
762,GRANDEUR PARK RESIDENCES,1.324890401930753,103.9448414467256,13.0,Bedok
763,GRANDLINK SQUARE,1.314191298309406,103.8915005110109,0.0,Geylang
764,GRANDVIEW SUITES,1.312776045805119,103.8824556,12.0,Geylang
765,GRANGE 1866,1.299882622544197,103.8289753,12.0,River Valley
766,GRANGE 70,1.299281242980563,103.8291647122248,0.0,River Valley
767,GRANGE 80,1.299303493411276,103.8282934175945,0.0,Unknown
768,GRANGE HEIGHTS,1.297871083504577,103.8350563332017,24.0,River Valley
769,GRANGE INFINITE,1.299422811423264,103.8347767745819,12.0,River Valley
770,GRANGE RESIDENCES,1.303695213392242,103.8230810414112,0.0,Tanglin
771,GRANGE ROAD APARTMENTS,1.299822196614785,103.8246779351626,12.0,Unknown
772,GREAT WORLD CITY,1.293422726500028,103.8320221466545,12.0,Unknown
773,GREEN COURT,1.313283975297398,103.8850926,16.0,Geylang
774,GREENDALE COURT,1.331611363843162,103.8072179458234,10.0,Bukit Timah
775,GROSVENOR VIEW,1.327302817346488,103.9113592514741,12.0,Bedok
776,GUILIN COURT,1.312258546739767,103.8846624815234,12.0,Geylang
777,GUILIN MANSIONS,1.315787773610059,103.8899595066752,12.0,Geylang
778,GUILIN VIEW,1.356062745893786,103.7527669627617,0.0,Bukit Batok
779,GUILLEMARD APARTMENTS,1.311597506469872,103.8846919906771,14.0,Geylang
780,GUILLEMARD EDGE,1.312004437444721,103.8859493771543,12.0,Geylang
781,GUILLEMARD SUITES,1.310945218527262,103.8827210977206,12.0,Geylang
782,GUILLEMARD VIEW,1.311316081,103.8846158848412,5.0,Geylang
783,H RESIDENCES,1.315708301102155,103.9088827014874,11.0,Bedok
784,H2O RESIDENCES,1.392390119458971,103.8795320734188,15.0,Sengkang
785,HAI SING PARK,1.365781058279989,103.8936659611816,10.0,Hougang
786,HAIG 162,1.306337840116539,103.8987729345636,11.0,Marine Parade
787,HAIG APARTMENTS,1.306177729713223,103.8995821255441,8.0,Marine Parade
788,HAIG COURT,1.306564714201577,103.8982922049277,0.0,Marine Parade
789,HAIG ELEVEN,1.308470148669483,103.8995241059696,0.0,Marine Parade
790,HAIG GARDENS,1.308104250080207,103.8987553654728,10.0,Geylang
791,HAIG LODGE,1.308209705885929,103.8986728752399,3.0,Marine Parade
792,HAIG RESIDENCES,1.306952237565326,103.8991031544176,11.0,Marine Parade
793,HAIG TEN,1.310096715179829,103.8977699459118,11.0,Geylang
794,HALLMARK RESIDENCES,1.316280031598817,103.8310369553779,12.0,Tanglin
795,HANSON COURT,1.323981286643596,103.8528635544709,10.0,Unknown
796,HANSVILLE,1.324569587235932,103.7934204190763,16.0,Bukit Timah
797,HAPPY MANSION,1.330482277734902,103.8801125680685,22.0,Geylang
798,HARBOUR SUITES,1.272242892884647,103.827479,15.0,Bukit Merah
799,HARBOUR VIEW GARDENS,1.278920373,103.7853518545983,14.0,Queenstown
800,HARBOUR VIEW TOWERS,1.272012388483132,103.8085143168802,5.0,Bukit Merah
801,HARBOURLIGHTS,1.266185899945553,103.8227446614266,2.0,Bukit Merah
802,HARMONY @ 1A,1.363518760429068,103.8880201771625,0.0,Hougang
803,HARVEST MANSIONS,1.289830341981021,103.8318434169088,12.0,Bukit Merah
804,HAUS ON HANDY,1.300623002234019,103.8467665536079,12.0,Museum
805,HAWAII TOWER,1.296803808521273,103.8899259447603,15.0,Marine Parade
806,HAZEL PARK CONDOMINIUM,1.372757335065354,103.7653866407884,0.0,Bukit Panjang
807,HEDGES PARK CONDOMINIUM,1.355210952842519,103.9664220450665,10.0,Pasir Ris
808,HEJI GARDENS,1.313360491795741,103.9114815,16.0,Bedok
809,HELIOS RESIDENCES,1.306562596504951,103.8378007310456,12.0,Newton
810,HENRY PARK,1.314272022901887,103.7833022929111,21.0,Bukit Timah
811,HERITAGE APARTMENTS,1.308665644617115,103.8290813902848,4.0,Newton
812,HERITAGE EAST,1.307218903287256,103.9071519154758,11.0,Bedok
813,HERITAGE PLACE,1.298589265836773,103.8564050580902,1.0,Downtown Core
814,HERITAGE RESIDENCES,1.312557609973246,103.9129555,0.0,Bedok
815,HERITAGE VIEW,1.303715530888503,103.7838585831969,0.0,Queenstown
816,HERTFORD COLLECTION,1.313257320471525,103.8489534273432,11.0,Kallang
817,HERTFORD MANSION,1.312810973537898,103.8483144263215,11.0,Kallang
818,HIGH OAK CONDOMINIUM,1.339046548116431,103.7715877534013,0.0,Bukit Timah
819,HIGH PARK RESIDENCES,1.395337069221494,103.8744603405581,15.0,Sengkang
820,HIGH POINT,1.308454124291257,103.8354561990606,25.0,Newton
821,HIGH STREET CENTRE,1.289988695531654,103.8492171294392,0.0,Downtown Core
822,HIGHGATE,1.339956004159612,103.7663120918507,14.0,Bukit Timah
823,HIGHLAND CENTRE,1.355387751949749,103.8772595,4.0,Hougang
824,HIGHLAND CONDOMINIUM,1.359425381110659,103.8799864049462,6.0,Hougang
825,HIGHLINE RESIDENCES,1.284013886608141,103.8297566420206,12.0,Bukit Merah
826,HIJAUAN,1.303600720084408,103.8411169,12.0,Newton
827,HILBRE28,1.360802668,103.8750189552062,10.0,Hougang
828,HILL COURT,1.300343216139163,103.8256848667711,24.0,Newton
829,HILLBROOKS,1.358885770099242,103.7626186,0.0,Bukit Batok
830,HILLCREST ARCADIA,1.333777985427115,103.8088066067613,19.0,Bukit Timah
831,HILLCREST PARK,1.327692565417992,103.8061382213465,27.0,Bukit Timah
832,HILLINGTON GREEN,1.359000479414891,103.7644067887381,0.0,Bukit Batok
833,HILLION RESIDENCES,1.378616545393764,103.7626155,11.0,Bukit Panjang
834,HILLS APARTMENT,1.321229729021353,103.8338592463632,24.0,Novena
835,HILLS TWOONE,1.352449245860916,103.7584210560326,11.0,Bukit Batok
836,HILLSIDE MANSIONS,1.358275404892932,103.8771195190161,7.0,Hougang
837,HILLSTA,1.376366814245937,103.7572237078025,11.0,Bukit Batok
838,HILLTOP GROVE,1.357149972346843,103.7591357122466,11.0,Bukit Batok
839,HILLTOPS,1.307261755085798,103.8385362743955,12.0,Newton
840,HILLVIEW 128,1.357226960515829,103.7608505717787,0.0,Bukit Batok
841,HILLVIEW APARTMENTS,1.356015377927507,103.7625877631816,11.0,Bukit Batok
842,HILLVIEW GREEN,1.358061337651229,103.7645964846516,1.0,Bukit Batok
843,HILLVIEW HEIGHTS,1.361188148790821,103.7650530746867,3.0,Bukit Batok
844,HILLVIEW PARK,1.362556906738862,103.7652338091441,4.0,Bukit Batok
845,HILLVIEW REGENCY,1.352026273964812,103.7573721661523,0.0,Bukit Batok
846,HILLVIEW RESIDENCE,1.355909051785293,103.7607353,0.0,Bukit Batok
847,HILLVISTA,1.359921524042724,103.7633922992326,11.0,Bukit Batok
848,HMLET@PORTOFINO,1.314051847,103.8362800142533,0.0,Newton
849,HOA NAM BUILDING,1.31270184,103.8599687590189,16.0,Kallang
850,HOCK MANSION,1.302444824595145,103.8485542958617,24.0,Rochor
851,HOKIEN KIU LEONG TONG BUILDING,1.311113513074864,103.8775543689189,12.0,Unknown
852,HOLLAND 100,1.311859458372542,103.8020525839343,0.0,Unknown
853,HOLLAND COURT,1.313307618,103.7980392712934,12.0,Bukit Timah
854,HOLLAND GEMS,1.310016889856734,103.8074749573502,12.0,Unknown
855,HOLLAND HILL LODGE,1.309830606028843,103.8029137615404,2.0,Bukit Timah
856,HOLLAND HILL PARK,1.309211458007123,103.8012771258192,7.0,Bukit Timah
857,HOLLAND MANSION,1.312130296,103.8012496151096,12.0,Unknown
858,HOLLAND MEWS,1.309330840345246,103.8062359004127,0.0,Tanglin
859,HOLLAND PEAK,1.308730525059492,103.8011019985936,5.0,Bukit Timah
860,HOLLAND RESIDENCES,1.312102865829644,103.7937742789214,12.0,Bukit Timah
861,HOLLAND SUITES,1.311939612361664,103.7993460504482,0.0,Bukit Timah
862,HOLLAND TOWER,1.307574807960559,103.8028911935367,12.0,Tanglin
863,HOLLAND VIEW,1.311730022950483,103.7835466461119,12.0,Bukit Timah
864,HOLLAND VILLAGE,1.312102865829644,103.7937742789214,12.0,Unknown
865,HOLLANDSWOOD COURT,1.310002498208018,103.8036346500351,19.0,Tanglin
866,HOLLYWOOD APARTMENTS,1.296739267753688,103.8427018283975,12.0,River Valley
867,HOLT RESIDENCES,1.294042755021616,103.8260678116283,0.0,Tanglin
868,HOMEY GARDENS,1.309656187565478,103.9087977610527,0.0,Bedok
869,HONG BUILDING,1.317544084248599,103.8529676806132,18.0,Kallang
870,HONG HENG GARDEN,1.404010197662978,103.8175099683966,12.0,Yishun
871,HONG HENG MANSIONS,1.402637784582363,103.8182050330936,3.0,Yishun
872,HOOVER PARK,1.342295167242495,103.7735811107003,14.0,Bukit Timah
873,HORIZON RESIDENCES,1.282179141616264,103.7840827189296,13.0,Queenstown
874,HORIZON TOWERS,1.298290676811739,103.8333776479011,15.0,River Valley
875,HOUGANG GREEN,1.379923769086749,103.8874913618982,1.0,Hougang
876,HUA XIN COURT,1.311518859820903,103.9330864,16.0,Bedok
877,HUA YU MANSION,1.328647770969519,103.9144374973455,17.0,Bedok
878,HULLET RISE,1.303148726,103.8382745270868,12.0,Unknown
879,HUME PARK I,1.354304743241276,103.7682809562066,4.0,Bukit Batok
880,HUNDRED TREES,1.313864643940347,103.7596710126898,13.0,Clementi
881,HYLL ON HOLLAND,1.310496368453788,103.8023922303775,12.0,Bukit Timah
882,ICB SHOPPING CENTRE,1.354584113388729,103.8777899779872,10.0,Hougang
883,ICON,1.282923875322624,103.8464434784975,13.0,Downtown Core
884,ICON @ PASIR PANJANG,1.279486700701858,103.7857561866505,13.0,Queenstown
885,IDYLLIC EAST,1.316087805444295,103.9461128886827,13.0,Bedok
886,IDYLLIC RESIDENCES,1.310675893875752,103.9127601,11.0,Bedok
887,IDYLLIC SUITES,1.312850809108973,103.8864976257635,12.0,Geylang
888,IKIGAI,1.317903824041238,103.8474283549149,12.0,Novena
889,ILLUMINAIRE ON DEVONSHIRE,1.299067640021326,103.8368320374584,12.0,River Valley
890,IMPERIAL HEIGHTS,1.311455375,103.8951696499839,11.0,Geylang
891,INFINI AT EAST COAST,1.309176043274022,103.9113519836579,11.0,Bedok
892,INOVA 100,1.310618018069544,103.9165290881592,11.0,Bedok
893,INTERNATIONAL PLAZA,1.275886743,103.8459238,23.0,Downtown Core
894,INTERO,1.330249158635087,103.8673525171097,19.0,Toa Payoh
895,IRESIDENCES,1.325264346750642,103.8456221,10.0,Novena
896,IRIDIUM,1.315138127496779,103.8426402032349,12.0,Novena
897,IRWELL HILL RESIDENCES,1.297259072990622,103.8310236863164,12.0,River Valley
898,ISLAND VIEW,1.279677206699133,103.7920994237585,15.0,Queenstown
899,ISUITES @ MARSHALL,1.307064562164647,103.9007449559444,11.0,Marine Parade
900,ISUITES @ PALM,1.361223640693754,103.8785531865551,10.0,Hougang
901,ISUITES @ TANI,1.365848499074957,103.8848563278824,10.0,Hougang
902,IVORY,1.311401975504899,103.9004107721787,11.0,Geylang
903,IVORY APARTMENTS,1.310131475850684,103.9156945739066,8.0,Bedok
904,IVORY HEIGHTS,1.335687623988566,103.7370321273084,10.0,Jurong East
905,J C DRAYCOTT,1.309875388644863,103.8309789290862,1.0,Newton
906,J COURT,1.312631919261182,103.9076381378501,10.0,Bedok
907,J GATEWAY,1.335557318,103.7424168153723,10.0,Jurong East
908,JADE MANSION,1.313328677945702,103.797418,17.0,Bukit Timah
909,JADE RESIDENCES,1.349006677772765,103.8777562123587,10.0,Serangoon
910,JADESCAPE,1.351814853838989,103.8382982223318,13.0,Bishan
911,JALAN BESAR PLAZA,1.308657667,103.8580666631754,19.0,Kallang
912,JANSEN 28,1.360310269813775,103.8769067391536,0.0,Hougang
913,JANSEN SPRING,1.359355516291111,103.8780601733942,0.0,Hougang
914,JARDIN,1.337727501168028,103.7800726047979,14.0,Bukit Timah
915,JAYA TOWER,1.320107017315258,103.8239781247498,20.0,Tanglin
916,JC COURT,1.313742672,103.9043592838971,11.0,Geylang
917,JC RESIDENCE,1.312648753,103.9005810344145,11.0,Geylang
918,JERSEY LODGE,1.314419558225848,103.9149573270128,11.0,Bedok
919,JERVOIS COURT,1.294958809884945,103.8179620069238,12.0,Tanglin
920,JERVOIS GROVE,1.294895800720929,103.8185677,13.0,Tanglin
921,JERVOIS JADE,1.292452766161026,103.8252469184313,0.0,Tanglin
922,JERVOIS LODGE,1.293639331476394,103.8234986204388,2.0,Tanglin
923,JERVOIS MEADOWS,1.294889409,103.8166557659121,0.0,Tanglin
924,JERVOIS REGENCY,1.294490977818782,103.8220653285215,0.0,Tanglin
925,JERVOIS TREASURES,1.292820331223828,103.8235319342891,12.0,Tanglin
926,JERVOIS VIEW,1.293893394889583,103.8240891580956,17.0,Tanglin
927,JEWEL @ BUANGKOK,1.381251493681218,103.8923659470067,10.0,Sengkang
928,JEWEL OF BALMORAL,1.315885317078271,103.8274861515729,12.0,Tanglin
929,JI XIANG COURT,1.313568520360124,103.9106445417014,9.0,Bedok
930,JIA,1.302445907736072,103.8475324687758,12.0,Rochor
931,JING SUITES,1.318068794368467,103.9064313306513,12.0,Unknown
932,JJ'S RESIDENCES @ JERVOIS,1.293227490284058,103.8237737291224,12.0,Unknown
933,JJH SERVICE APARTMENT,1.346484274050513,103.8713194797822,19.0,Unknown
934,JK BUILDING,1.340555850141868,103.7743421,14.0,Bukit Timah
935,JLB RESIDENCES,1.379089886983162,103.9605584756783,10.0,Pasir Ris
936,JOO CHIAT LODGE,1.312904269493097,103.9035491,13.0,Geylang
937,JOO CHIAT MANSIONS,1.314143580918388,103.9043646541713,13.0,Geylang
938,JOO CHIAT VERBENA,1.314731431314452,103.9069097587604,3.0,Bedok
939,JOOL SUITES,1.315209057899796,103.8549193071569,11.0,Kallang
940,JUBILEE RESIDENCE,1.289433490708796,103.7753857973946,0.0,Queenstown
941,JUI RESIDENCES,1.326268707276453,103.8661426736134,10.0,Kallang
942,JUNIPER AT ARDMORE,1.308759844,103.8296433558137,8.0,Newton
943,JUNIPER HILL,1.316482033978174,103.8298971534507,12.0,Tanglin
944,JUPITER 18,1.315626171626144,103.900456,11.0,Geylang
945,K GARDENS,1.313446954486531,103.9129261426209,12.0,Bedok
946,K-LODGE,1.312148310413967,103.9092606540294,11.0,Unknown
947,KAI FOOK MANSION,1.285250390473009,103.8292521489405,12.0,Bukit Merah
948,KALLANG RIVERSIDE,1.307104742,103.8670878184767,10.0,Kallang
949,KAMPONG GLAM CONSERVATION AREA,1.300384042234753,103.8594823959775,16.0,Unknown
950,KAMPONG JUNCTION,1.292737949964707,103.7685369072015,13.0,Unknown
951,KANDIS RESIDENCE,1.456436254093128,103.8372185814651,12.0,Sembawang
952,KANOPY @ 77,,,11.0,Unknown
953,KASTURINA LODGE,1.296403005229079,103.8297582924453,0.0,Tanglin
954,KATONG APARTMENTS,1.313016881858956,103.9038073637241,4.0,Geylang
955,KATONG GARDENS,1.308755058122272,103.9056369592104,15.0,Marine Parade
956,KATONG REGENCY,1.315031771087593,103.8947603865419,11.0,Geylang
957,KATONG VILLE,1.313076275186422,103.8935056636576,0.0,Geylang
958,KELIVILLE,1.355382498333311,103.8344203201242,0.0,Unknown
959,KELLOCK LODGE,1.294891587563407,103.8296995580939,2.0,Tanglin
960,KEMBANGAN COURT,1.319622124355996,103.9122887146956,5.0,Bedok
961,KEMBANGAN PLAZA,1.320372556098666,103.9126428496282,6.0,Bedok
962,KEMBANGAN SUITES,1.320152571,103.9127270839605,12.0,Bedok
963,KENG LEE COURT,1.312736803880734,103.8471947,14.0,Kallang
964,KENG LEE VIEW,1.313964575219394,103.8459768786973,17.0,Kallang
965,KENG YEE GARDEN,1.318238847772822,103.9101203,22.0,Bedok
966,KENSINGTON PARK CONDOMINIUM,1.366849180301798,103.8685203327442,9.0,Serangoon
967,KENSINGTON SQUARE,1.345607197472332,103.8826951281084,10.0,Hougang
968,KENT RESIDENCES,1.316005055137712,103.8520682160507,11.0,Kallang
969,KENT RIDGE HILL RESIDENCES,1.280823976340444,103.7907287,13.0,Queenstown
970,KENT VALE,1.302537092477164,103.7687484497186,13.0,Unknown
971,KENTISH COURT,1.315145345294781,103.8523657547079,0.0,Kallang
972,KENTISH GREEN,1.315599978203556,103.8517873240825,0.0,Kallang
973,KENTISH LODGE,1.315795390560595,103.8528045241143,1.0,Kallang
974,KENTVIEW PARK,1.281916943520221,103.7857077,5.0,Queenstown
975,KERRISDALE,1.313122700356808,103.8576562151091,0.0,Kallang
976,KHEAM HOCK GARDENS,1.328659234045927,103.8204220482408,11.0,Novena
977,KI RESIDENCES AT BROOKVALE,1.331029365288784,103.7675199260508,14.0,Clementi
978,KILAT CENTRE,1.341333342026951,103.7723439607299,10.0,Bukit Timah
979,KILAT COURT,1.340827703116531,103.7742156779603,2.0,Bukit Timah
980,KILLINEY 118,1.297968007004116,103.8384080578819,12.0,River Valley
981,KIM COURT,1.312814876603756,103.8762393955508,12.0,Unknown
982,KIM KEAT GARDENS,1.323587477825949,103.8526471354309,0.0,Novena
983,KIM KEAT HOUSE,1.325377593232977,103.8540166875298,0.0,Novena
984,KIM KEAT LODGE,1.324205805189879,103.8524715007294,0.0,Novena
985,KIM SIA COURT,1.305909520632756,103.8339099841776,12.0,Newton
986,KIMLIN MANSION,1.301720745291764,103.8276052,12.0,River Valley
987,KINDOL GARDENS,1.443819766488836,103.8257767424712,12.0,Sembawang
988,KING'S ARCADE,1.323210284679675,103.8107212633659,0.0,Bukit Timah
989,KING'S COURT,1.314641843675609,103.8463425857386,24.0,Kallang
990,KING'S MANSION,1.300613409315252,103.8984087517851,17.0,Marine Parade
991,KINGS APARTMENTS,1.311911543354885,103.9077219561978,5.0,Bedok
992,KINGSFORD . HILLVIEW PEAK,1.364786511465865,103.7647636180008,11.0,Bukit Batok
993,KINGSFORD WATERBAY,1.37610579,103.9041942,10.0,Hougang
994,KINGSGROVE,1.355633252,103.8588174386705,7.0,Serangoon
995,KINGSLEY MANSIONS,1.327194784920299,103.8498800035095,12.0,Novena
996,KINGSTON TERRACE,1.319883339460327,103.9128625864097,5.0,Bedok
997,KINTA SUITES,1.310537996099832,103.8531990791939,11.0,Unknown
998,KISMIS COURT,1.337818263064733,103.7705177504802,14.0,Bukit Timah
999,KISMIS VIEW,1.338284891516244,103.7702135144877,15.0,Bukit Timah
1000,KJ MANSION,1.363148777830769,103.8746603918466,0.0,Hougang
1001,KLIMT CAIRNHILL,1.308937284484731,103.8361385,12.0,Newton
1002,KNOX VIEW,1.310740291072896,103.9096923726337,0.0,Bedok
1003,KOON SENG COURT,1.312950165988694,103.9056674344057,10.0,Geylang
1004,KOON SENG HOUSE,1.312221939820176,103.9045641,11.0,Geylang
1005,KOPAR AT NEWTON,1.312426882683487,103.8410643382455,12.0,Novena
1006,KOVAN 81,1.355316756882116,103.8785166614288,0.0,Hougang
1007,KOVAN APARTMENTS,1.357382090383251,103.8795264140286,5.0,Hougang
1008,KOVAN CENTRE,1.354870368315844,103.8779548950516,7.0,Serangoon
1009,KOVAN CREST,1.358236297,103.8814786342167,0.0,Hougang
1010,KOVAN ESQUIRE,1.358166242684053,103.8811824553427,10.0,Hougang
1011,KOVAN GRANDEUR,1.360745318097697,103.8919858755548,10.0,Hougang
1012,KOVAN JEWEL,1.357802706,103.8810456,10.0,Hougang
1013,KOVAN MELODY,1.360356664706206,103.8836370166493,10.0,Hougang
1014,KOVAN PRIMERA,1.354996097,103.8781120529562,10.0,Hougang
1015,KOVAN REGENCY,1.363048455685708,103.8857524388386,10.0,Hougang
1016,KOVAN RESIDENCES,1.360939058247165,103.8843743279571,10.0,Hougang
1017,KOVANA,1.357555307014278,103.8807818248624,10.0,Hougang
1018,KRETA AYER CONSERVATION AREA,1.284034529029502,103.8440395404999,23.0,Unknown
1019,KUIE PONG LOFT,1.319166793436302,103.8259354947709,0.0,Tanglin
1020,KUM HING COURT,1.302828397109369,103.8260460965258,12.0,River Valley
1021,KURAU COURT,1.312122474823997,103.9111859836741,11.0,Unknown
1022,L'VIV,1.315448385,103.8403548414677,12.0,Novena
1023,LA BRISA,1.311904191436285,103.8853693651545,12.0,Geylang
1024,LA CRYSTAL,1.296177147627771,103.8368776547268,3.0,River Valley
1025,LA DOLCE VITA,1.346090767831811,103.8807184869338,10.0,Serangoon
1026,LA FIESTA,1.389950658499351,103.8956186,10.0,Sengkang
1027,LA FLEUR,1.312444542323244,103.8845765166527,12.0,Geylang
1028,LA MAISON,1.31953349,103.8470298594525,12.0,Novena
1029,LA MARIPOSA,1.312707634182185,103.9046711980214,11.0,Geylang
1030,LA MEYER,1.297681105963172,103.8897293,5.0,Marine Parade
1031,LA NOUVELLE,1.317933469160321,103.8469182518683,0.0,Novena
1032,LA SUISSE,1.346630715107964,103.7894366749316,6.0,Bukit Timah
1033,LA VIDA @ 130,1.313538098630976,103.9149443916689,11.0,Bedok
1034,LAGOON VIEW,1.309506243738985,103.9320824467314,11.0,Bedok
1035,LAGUNA 88,1.321825609810522,103.9585647980443,0.0,Bedok
1036,LAGUNA GREEN,1.312875396561741,103.9347812675693,1.0,Bedok
1037,LAGUNA PARK,1.309092634843166,103.9292892181365,11.0,Bedok
1038,LAKE GRANDE,1.345474491295358,103.7246234499371,10.0,Jurong West
1039,LAKEHOLMZ,1.341897059230708,103.7163090752453,0.0,Jurong West
1040,LAKEPOINT CONDOMINIUM,1.340475094353081,103.7167560169522,10.0,Jurong West
1041,LAKESIDE TOWER,1.337280507992294,103.7254733350234,10.0,Jurong East
1042,LAKEVILLE,1.345657511474261,103.7253145550016,10.0,Jurong West
1043,LANDBAY CONDOMINIUM,1.313604239976346,103.9358105164601,3.0,Bedok
1044,LANDRIDGE CONDOMINIUM,1.279250564132547,103.7871543349762,6.0,Queenstown
1045,LANGSTON VILLE,1.294926036511917,103.8389471849382,0.0,River Valley
1046,LATITUDE,1.296029810167182,103.8285539,12.0,Tanglin
1047,LATTICE ONE,1.372738854591912,103.8281586305008,13.0,Ang Mo Kio
1048,LAUREL TREE,1.352978977686323,103.7582728123174,11.0,Bukit Batok
1049,LAVERNE'S LOFT,1.311269132317298,103.9102778547187,11.0,Bedok
1050,LE ARC,1.312597778370196,103.8845838905039,9.0,Geylang
1051,LE CHATEAU,1.316586221,103.8292355577224,15.0,Newton
1052,LE CONNEY PARK,1.312244550955742,103.9117053940406,4.0,Bedok
1053,LE CRESCENDO,1.330497146740045,103.8884092687808,12.0,Geylang
1054,LE GAMBIR,1.345223478,103.8753413,10.0,Serangoon
1055,LE GROVE,1.313412137053332,103.8257587045959,12.0,Unknown
1056,LE HILL CONDOMINIUM,1.282753825653095,103.7853476,0.0,Queenstown
1057,LE LOYANG,1.378350976,103.9562951132659,5.0,Pasir Ris
1058,LE M RESIDENCE,1.309947922390938,103.9088950322376,0.0,Bedok
1059,LE MARICAN,1.326047506127899,103.9074189483745,12.0,Bedok
1060,LE MERRITT,1.310853268861818,103.9134848893212,11.0,Bedok
1061,LE QUEST,1.356417200194007,103.7409275234464,11.0,Bukit Batok
1062,LE REGAL,1.312502687279985,103.8803681172274,12.0,Geylang
1063,LE REVE,1.318721981789068,103.9063911602141,12.0,Bedok
1064,LE SHANTIER,1.325862916790142,103.8465419911237,2.0,Novena
1065,LE SOMME,1.311192190913466,103.8585039294567,11.0,Kallang
1066,LE WILKIE,1.302845307203864,103.8479030608121,3.0,Rochor
1067,LE WOOD,1.347094743444869,103.7757826468546,0.0,Bukit Panjang
1068,LEEDON 2,1.312919028697562,103.7969842037081,3.0,Bukit Timah
1069,LEEDON GREEN,1.313547552435211,103.8031895961528,12.0,Bukit Timah
1070,LEEDON HEIGHTS,1.316090218636446,103.8023,14.0,Bukit Timah
1071,LEEDON RESIDENCE,1.314284029988121,103.8016683522907,12.0,Bukit Timah
1072,LEGENDA AT JOO CHIAT,1.312590918468702,103.9019952061808,0.0,Geylang
1073,LEICESTER LODGE,1.329985647766802,103.8668754302457,0.0,Toa Payoh
1074,LEICESTER SUITES,1.330404582545127,103.8670932163818,19.0,Toa Payoh
1075,LEIGHWOODS,1.315032875594349,103.7772570420676,14.0,Bukit Timah
1076,LEITH GROVE,1.362309529656484,103.8738534334077,0.0,Hougang
1077,LENTOR MODERN,1.385509070504431,103.8345699332693,10.0,Ang Mo Kio
1078,LEONG HIN BUILDING,1.325959065292955,103.8484303,10.0,Unknown
1079,LEONIE CONDOTEL,1.297025709455367,103.8340376054334,2.0,Unknown
1080,LEONIE GARDENS,1.298379943071622,103.8321903316921,6.0,River Valley
1081,LEONIE HILL RESIDENCES,1.297327602283534,103.8332219101196,0.0,River Valley
1082,LEONIE PARC VIEW,1.298983984007246,103.8342684397545,12.0,River Valley
1083,LEONIE SUITES,1.298767149938811,103.8317743,12.0,River Valley
1084,LEONIE TOWERS,1.298290676811739,103.8333776479011,23.0,River Valley
1085,LEONIE VIEW,1.298983984007246,103.8342684397545,12.0,Unknown
1086,LERMIT LODGE,1.311158796100608,103.8180298379736,12.0,Unknown
1087,LEVENUE,1.328642698244315,103.9137441,12.0,Bedok
1088,LEVILLE ISUITES,1.306116411869743,103.9030632018979,11.0,Marine Parade
1089,LEWIS LODGE,1.318927711388833,103.8226113353355,12.0,Unknown
1090,LIANG SEAH PLACE,1.297912123351931,103.8563369631431,16.0,Unknown
1091,LIGHTHOUSE,1.378468437404248,103.9589526,0.0,Pasir Ris
1092,LIIV RESIDENCES,1.288513699152707,103.7766264364404,13.0,Queenstown
1093,LILY TAN MANSION,1.313372560006028,103.8499016106661,11.0,Kallang
1094,LIMAU PARK,1.322010975,103.9495772818244,8.0,Bedok
1095,LINCOLN SUITES,1.317108641,103.8427431,12.0,Novena
1096,LION TOWERS,1.316573431836699,103.8452935280645,12.0,Novena
1097,LITTLE INDIA CONSERVATION AREA,1.307168985,103.8526329406214,11.0,Rochor
1098,LIV @ MB,1.300262200579641,103.8880919768421,11.0,Marine Parade
1099,LIV ON SOPHIA,1.301067443010144,103.8479936035381,12.0,Rochor
1100,LIV ON WILKIE,1.302807195480354,103.8488403598257,12.0,Rochor
1101,LIVIA,1.372801493854496,103.9443092006492,8.0,Pasir Ris
1102,LIVINGSTON MANSIONS,1.312956134472888,103.9150023467389,0.0,Bedok
1103,LLOYD COURT,1.297589950841591,103.8396052806036,12.0,River Valley
1104,LLOYD MANSION,1.296977949781194,103.8406387054907,12.0,Unknown
1105,LLOYD SIXTYFIVE,1.297272946610454,103.8389403,12.0,River Valley
1106,LOFT 33,1.312784222,103.8872008889525,12.0,Geylang
1107,LOFT @ NATHAN,1.294460986,103.8276209035996,12.0,Tanglin
1108,LOFT @ RANGOON,1.314959350765752,103.8535560898694,11.0,Kallang
1109,LOFT @ STEVENS,1.317839471699672,103.8262236506755,12.0,Tanglin
1110,LOFT@HOLLAND,1.312363681518027,103.7971687596409,12.0,Bukit Timah
1111,LOTUS AT JOO CHIAT,1.313773480666891,103.9023909383917,11.0,Unknown
1112,LOTUS AT PAYA LEBAR (EAST WING),1.315735793533668,103.8915604670403,12.0,Unknown
1113,LOTUS AT PAYA LEBAR (WEST WING),1.315325434927844,103.8913031653891,12.0,Unknown
1114,LOYANG GARDENS,1.377854023133901,103.9566934,5.0,Pasir Ris
1115,LOYANG VALLEY,1.368417441912122,103.9706772636695,14.0,Pasir Ris
1116,LUCIDA,1.314648303,103.8448190932253,12.0,Novena
1117,LUCKY COURT,1.318279175197479,103.9413032029438,13.0,Bedok
1118,LUCKY PLAZA,1.304506046466357,103.8339623398165,18.0,Orchard
1119,LUMA,1.296799108407316,103.8345971,12.0,River Valley
1120,LUMIERE,1.274262456853353,103.8460250873715,13.0,Downtown Core
1121,LUSH ON HOLLAND HILL,1.308877689298608,103.8004687754186,12.0,Bukit Timah
1122,LUTHERAN TOWERS,1.321790791947791,103.8125221884666,12.0,Bukit Timah
1123,LUXE VILLE,1.289548293308927,103.7770892812889,13.0,Queenstown
1124,M SUITES,1.323307519112127,103.9096205218838,12.0,Bedok
1125,M21,1.322522121873029,103.8488911073086,12.0,Novena
1126,M5,1.295666585926809,103.8288597508097,12.0,Tanglin
1127,M66,1.328733672725754,103.8647623363967,10.0,Kallang
1128,MABELLE,1.310589193355579,103.9095134311904,11.0,Bedok
1129,MACKENZIE 138,1.306937434562423,103.8470155855079,12.0,Rochor
1130,MACKENZIE 88,1.306472445002465,103.8476828288443,12.0,Rochor
1131,MACKENZIE REGENCY,1.304536532117514,103.8496404647849,0.0,Rochor
1132,MACPHERSON GREEN,1.332597722646294,103.8866543306613,16.0,Geylang
1133,MADEIRA COURT,1.310146476255154,103.9097945207758,11.0,Bedok
1134,MADISON RESIDENCES,1.318477788707698,103.8299506,12.0,Tanglin
1135,MALVERN SPRINGS,1.305874769,103.9039011561135,0.0,Marine Parade
1136,MANDALAY MANSION,1.323849439223223,103.8492675,12.0,Novena
1137,MANDALAY TOWERS,1.323560175707482,103.8491090729162,25.0,Novena
1138,MANDALE HEIGHTS,1.324334213450619,103.8497179614027,0.0,Novena
1139,MANDARIN GARDENS,1.306699672849558,103.9257539884703,13.0,Bedok
1140,MANDARIN PARK,1.344978738,103.7718696613596,27.0,Bukit Timah
1141,MANHATTAN MANSIONS,1.299780830207959,103.8284891561212,5.0,River Valley
1142,MANSIONS 28,1.315257022516648,103.8871748629779,4.0,Geylang
1143,MAPLE LEAF ELITE 1,1.315329486307426,103.8538041361152,11.0,Unknown
1144,MAPLE LEAF ELITE 2,1.316029604,103.8535413980643,11.0,Unknown
1145,MAPLE WOODS,1.334702657335476,103.7844141632451,2.0,Bukit Timah
1146,MAR THOMA MANSIONS,1.327912171522859,103.8631875619289,4.0,Kallang
1147,MARGARET VILLE,1.299517208084196,103.8028069302233,12.0,Queenstown
1148,MARGATE MANSIONS,1.300132913740936,103.8887682,6.0,Marine Parade
1149,MARGATE POINT,1.299837202916631,103.8887411991141,11.0,Marine Parade
1150,MARINA BAY RESIDENCES,1.279625798918008,103.8549872037732,23.0,Downtown Core
1151,MARINA BAY SUITES,1.280344979995934,103.8521432776714,23.0,Downtown Core
1152,MARINA COLLECTION,1.291573956548436,103.8570269553721,15.0,Southern Islands
1153,MARINA ONE RESIDENCES,1.276714985074746,103.8533269322972,23.0,Downtown Core
1154,MARINE BLUE,1.303863715231331,103.9048818,11.0,Marine Parade
1155,MARINE MANSION,1.305180937272795,103.9070765663295,11.0,Unknown
1156,MARINE MEADOWS,1.304587636535484,103.9068272910461,10.0,Marine Parade
1157,MARINE VIEW MANSIONS,1.303780973678323,103.9054659829425,11.0,Marine Parade
1158,MARINE VILLE,1.304604427306967,103.9066032980662,11.0,Marine Parade
1159,MARSHALL LODGE,1.306344968102532,103.9011434074868,11.0,Marine Parade
1160,MARTIA 8,1.307242096561445,103.9104675031204,0.0,Bedok
1161,MARTIA RESIDENCE,1.307415442496292,103.9111627860726,11.0,Bedok
1162,MARTIN EDGE,1.292335617867361,103.8375492153446,12.0,River Valley
1163,MARTIN MODERN,1.293496663907294,103.8381049100995,12.0,River Valley
1164,MARTIN NO 38,1.292133200153981,103.8380649137307,12.0,River Valley
1165,MARTIN PLACE RESIDENCES,1.294161913035069,103.8384281078831,12.0,River Valley
1166,MARTINA MANSIONS,1.317478128955183,103.8332826691635,12.0,Tanglin
1167,MARYLAND PARK,1.319597653980767,103.7872742510752,18.0,Marine Parade
1168,MARYMOUNT VIEW,1.352821527316915,103.8409167908959,7.0,Bishan
1169,MARZUKI LODGE,1.320538832601832,103.9094480288038,16.0,Bedok
1170,MATTAR RESIDENCES,1.32562146,103.8818116119539,0.0,Geylang
1171,MAYA,1.309248826986511,103.9078157692461,0.0,Marine Parade
1172,MAYBELLE LODGE,1.312233884736721,103.9093949982582,11.0,Bedok
1173,MAYFAIR GARDENS,1.338222485535084,103.7813759651438,14.0,Bukit Timah
1174,MAYFAIR MODERN,1.337188213803689,103.7817364559999,14.0,Bukit Timah
1175,MAYFAIR PARK,1.340860954797878,103.7825010239099,8.0,Bukit Timah
1176,MAYFAIR RESIDENCES,1.309816995,103.9143147263752,11.0,Bedok
1177,MAYSPRINGS,1.377287555,103.7634305774793,1.0,Bukit Panjang
1178,MEADOWLODGE,1.341482011486858,103.7733788723507,0.0,Bukit Timah
1179,MEADOWS @ PEIRCE,1.381356059412735,103.8274246591152,10.0,Ang Mo Kio
1180,MEDGE,1.323374322563552,103.8503808269244,12.0,Novena
1181,MEIER SUITES,1.298775260097983,103.8885176,11.0,Marine Parade
1182,MELINIA COURT,1.310798924999044,103.9129043672293,0.0,Bedok
1183,MELOSA,1.312537332357086,103.8854028,12.0,Geylang
1184,MELROSE PARK,1.293878670198895,103.8302074108909,0.0,Tanglin
1185,MELROSE VILLE,1.310602376101274,103.8932637908649,11.0,Geylang
1186,MELVILLE PARK,1.346731180355844,103.9586074576536,3.0,Tampines
1187,MENDON SPRING,1.278668453296768,103.7877670871552,0.0,Queenstown
1188,MENG GARDEN,1.402715011032016,103.8148191080379,16.0,River Valley
1189,MERA EAST,1.317826040121607,103.9093080659615,12.0,Bedok
1190,MERA SPRINGS,1.315118139,103.8467651481522,11.0,Kallang
1191,MERALODGE,1.354164387124368,103.7614542321153,2.0,Bukit Batok
1192,MERAPRIME,1.287058597675512,103.8277875319796,12.0,Bukit Merah
1193,MERAWOODS,1.356170247,103.7593156730732,0.0,Bukit Batok
1194,MERGUI MANSIONS,1.317169499888802,103.8516822391572,4.0,Kallang
1195,MERIDIAN 38,1.310307543,103.9108572724529,11.0,Bedok
1196,MERLOT VILLE,1.310508486396974,103.9119652599204,11.0,Bedok
1197,METRO LOFT,1.314170315,103.8835621759263,12.0,Geylang
1198,METRORESIDENCES NEWTON,1.316328834960378,103.8419451977794,12.0,Unknown
1199,MEYA LODGE,1.330810374115975,103.8670659985861,19.0,Toa Payoh
1200,MEYER MANSION,1.296472195117778,103.8910346492566,11.0,Marine Parade
1201,MEYER MELODIA,1.298150630047543,103.8866077829701,11.0,Marine Parade
1202,MEYER PARK,1.297831477789522,103.8861789499243,14.0,Marine Parade
1203,MEYER RESIDENCE,1.298587910348034,103.8861945966295,11.0,Marine Parade
1204,MI CASA,1.383849319572619,103.7474817542775,11.0,Choa Chu Kang
1205,MIDTOWN BAY,1.296356664398096,103.8573687691699,16.0,Downtown Core
1206,MIDTOWN MODERN,1.298505223,103.8570884392808,16.0,Downtown Core
1207,MIDTOWN RESIDENCES,1.370735882857099,103.8951208050464,10.0,Hougang
1208,MIDWOOD,1.362862088390264,103.7634339155457,11.0,Bukit Batok
1209,MILL AT 32,1.313574509534266,103.8872440451078,12.0,Unknown
1210,MILL CREEK,1.319553272165713,103.9099376299622,12.0,Bedok
1211,MILL POINT,1.292907092687738,103.8304503659547,0.0,Tanglin
1212,MIMOSA PARK,1.383592486,103.8621338073416,20.0,Serangoon
1213,MINBU COURT,1.325489417669512,103.8483754469433,13.0,Novena
1214,MINBU VILLA,1.32578698,103.8480592536683,18.0,Novena
1215,MINT RESIDENCES @ JANSEN,1.359867357185646,103.8774230984478,10.0,Hougang
1216,MIRAGE TOWER,1.291981118357878,103.8342619098927,3.0,Singapore River
1217,MIRO,1.313933619,103.8423803947074,12.0,Novena
1218,MODA,1.304143921478777,103.9030409228612,11.0,Marine Parade
1219,MODENA,1.342742266498063,103.9548924422147,0.0,Tampines
1220,MON JERVOIS,1.293849075561662,103.8215817498724,12.0,Tanglin
1221,MONARCHY APARTMENTS,1.324792295,103.8501269066095,12.0,Novena
1222,MONT BOTANIK RESIDENCE,1.357560710062816,103.7615594215196,11.0,Bukit Batok
1223,MONTEBLEU,1.323782735098845,103.8501020525408,12.0,Novena
1224,MONTEREY PARK CONDOMINIUM,1.316706292429044,103.7534609103005,0.0,Clementi
1225,MONTROSA,1.356935563342534,103.7600735,0.0,Bukit Batok
1226,MONTVIEW,1.316682765413457,103.7773288711305,12.0,Bukit Timah
1227,MONVILLE MANSIONS,1.327168744742541,103.8455185605975,5.0,Novena
1228,MOOI RESIDENCES,1.312577305990507,103.7983562524593,12.0,Bukit Timah
1229,MOONSTONE RESIDENCES,1.327098635758996,103.8660657272298,0.0,Kallang
1230,MOONSTONE ROYALE,1.327857891,103.8660886227739,0.0,Kallang
1231,MOONSTONE VIEW,1.327274166,103.8656104651233,0.0,Kallang
1232,MORI,1.311312198,103.8829721,12.0,Geylang
1233,MORIMASA GARDENS,1.316089414261211,103.8385798,6.0,Novena
1234,MORO MANSIONS,1.315288105260819,103.8894301016534,6.0,Geylang
1235,MOULMEIN COURT,1.318881387060989,103.8501048035956,12.0,Novena
1236,MOULMEIN STUDIOS,1.318459440566352,103.8474821190288,12.0,Unknown
1237,MOUNT FABER LODGE,1.268900320122818,103.8246355392688,16.0,Bukit Merah
1238,MOUNT ROSIE GARDEN,1.321519512824085,103.8339470294973,16.0,Novena
1239,MOUNT SOPHIA SUITES,1.302039392898669,103.8468419976109,12.0,Rochor
1240,MOUNTBATTEN LODGE,1.300994030836719,103.8888526162246,1.0,Marine Parade
1241,MOUNTBATTEN REGENCY,1.302693025922457,103.8978687274834,11.0,Marine Parade
1242,MOUNTBATTEN SUITES,1.303260899326113,103.8999513728396,11.0,Marine Parade
1243,MULBERRY TREE,1.318184399139074,103.8463942200285,12.0,Novena
1244,MURANO,1.289123455587522,103.7755863919164,13.0,Queenstown
1245,MUTIARA CREST,1.295868405478777,103.8293761717411,0.0,Tanglin
1246,MUTIARA VIEW,1.295375812626158,103.8284843024757,0.0,Tanglin
1247,MY MANHATTAN,1.341303420769851,103.9533477302051,8.0,Tampines
1248,MYRA,1.330562504,103.8678849804498,19.0,Toa Payoh
1249,NADIA MANSIONS,1.328010295257162,103.8478410489084,14.0,Novena
1250,NANYANG PARK,1.363982380235927,103.8743339373316,10.0,Hougang
1251,NASSIM JADE,1.306633498727834,103.8259449546303,2.0,Tanglin
1252,NASSIM MANSION,1.309357108312373,103.8197469793629,22.0,Tanglin
1253,NASSIM PARK,1.308085915308356,103.8237970462418,7.0,Tanglin
1254,NASSIM PARK RESIDENCES,1.308085915308356,103.8237970462418,12.0,Tanglin
1255,NASSIM REGENCY,1.311721261040389,103.8194958,21.0,Unknown
1256,NASSIMVILLE,1.307595718357578,103.8248428924353,12.0,Unknown
1257,NATHAN PLACE,1.295373680577754,103.8262063824841,12.0,Tanglin
1258,NATHAN RESIDENCES,1.294562080854879,103.8273687091313,12.0,Tanglin
1259,NATHAN SUITES,1.295221233224745,103.8271496029007,12.0,Tanglin
1260,NATURA@HILLVIEW,1.353008424053688,103.7591346785561,11.0,Bukit Batok
1261,NATURALIS,1.309714302745735,103.9084964243202,11.0,Bedok
1262,NATURE MANSIONS,1.312326277405894,103.9103923939759,0.0,Bedok
1263,NAUNG RESIDENCE,1.367970198345954,103.8926358023842,10.0,Hougang
1264,NEEM TREE,1.327366468935169,103.8515684,10.0,Novena
1265,NEPTUNE COURT,1.305833660778204,103.9214381038494,24.0,Bedok
1266,NESS,1.312697947140462,103.8867768441287,12.0,Geylang
1267,NEU AT NOVENA,1.319614865926588,103.8459692,12.0,Novena
1268,NEW COURT,1.328128685837455,103.8436750634208,0.0,Novena
1269,NEW FUTURA,1.298313880436114,103.8342698200344,0.0,River Valley
1270,NEWEST,1.316413218925108,103.7574512632992,13.0,Clementi
1271,NEWTON 18,1.314294263753117,103.8411506975849,0.0,Novena
1272,NEWTON 21,1.31490076,103.8404608629232,0.0,Novena
1273,NEWTON EDGE,1.312853769604055,103.8421074258301,12.0,Novena
1274,NEWTON GEMS,1.317352833,103.8420836134141,0.0,Unknown
1275,NEWTON IMPERIAL,1.315348738,103.8414479699195,0.0,Novena
1276,NEWTON LODGE,1.317568699671193,103.8411835393137,9.0,Novena
1277,NEWTON ONE,1.314049868,103.8394527788341,12.0,Novena
1278,NEWTON SUITES,1.317800914165639,103.8423138,12.0,Novena
1279,NICOLE GREEN,1.309304585208699,103.8798510010951,0.0,Geylang
1280,NICON GARDENS,1.377943049586587,103.7582768993471,15.0,Bukit Batok
1281,NIM GARDENS,1.381432381111239,103.8630431301311,13.0,Serangoon
1282,NIM PARK,1.381813808766897,103.8626328,16.0,Serangoon
1283,NIN RESIDENCE,1.332793456263261,103.8697968048227,19.0,Toa Payoh
1284,NINE RESIDENCES,1.432818906062723,103.8414776138411,12.0,Yishun
1285,NIVEN LOFT,1.303981918621183,103.8497831634974,0.0,Rochor
1286,NIVEN SUITES,1.302396691823342,103.8490162571923,0.0,Unknown
1287,NOMA,1.311437342386859,103.8853102953068,12.0,Geylang
1288,NOMU,1.299809173307712,103.8469628536611,12.0,Museum
1289,NORFOLK COURT,1.314641843675609,103.8463425857386,14.0,Kallang
1290,NORMANTON PARK,1.287495053904938,103.7936105945409,13.0,Queenstown
1291,NORTH PARK RESIDENCES,1.4283069,103.8368244104647,12.0,Yishun
1292,NORTHVALE,1.386747096929697,103.7453201453671,1.0,Choa Chu Kang
1293,NORTHWOOD,1.426206124756762,103.8242387270591,12.0,Mandai
1294,NOTTINGHILL SUITES,1.338853909,103.7691829964286,14.0,Bukit Timah
1295,NOUVEL 18,1.310839453620271,103.8283253674611,0.0,Newton
1296,NOUVELLE PARK,1.367217993130329,103.8773562761833,5.0,Hougang
1297,NOVA 48,1.325022036890219,103.8490990346178,10.0,Novena
1298,NOVA 88,1.324726841993011,103.8494702254768,10.0,Novena
1299,NOVENA COURT,1.322931825568729,103.8419870919634,12.0,Novena
1300,NOVENA GARDENS,1.320478931489109,103.8419944607585,13.0,Novena
1301,NOVENA HILL,1.323765681916844,103.8433953790534,12.0,Novena
1302,NOVENA LODGE,1.323571518,103.8411334159317,0.0,Novena
1303,NOVENA REGENCY,1.321146529330889,103.8415504006712,12.0,Novena
1304,NOVENA SUITES,1.320051873427087,103.8525197344443,0.0,Novena
1305,NUTMEG COURT,1.304597074460039,103.8346486567062,12.0,Unknown
1306,NV RESIDENCES,1.370946811,103.9447308998278,8.0,Pasir Ris
1307,NYON,1.299808384936388,103.8984927585965,11.0,Marine Parade
1308,OAKWOOD STUDIOS SINGAPORE,1.306976588789488,103.8361890821404,12.0,Unknown
1309,OASIS @ ELIAS,1.376957145473413,103.9416373724574,8.0,Pasir Ris
1310,OASIS GARDEN,1.338810196359583,103.8830363301405,16.0,Toa Payoh
1311,OCEAN PARK,1.309715316227115,103.9177867802641,15.0,Bedok
1312,OEI TIONG HAM PARK RESIDENCES,1.313765502107884,103.7931884993718,0.0,Unknown
1313,OKIO,1.322133428227486,103.8531996618712,10.0,Novena
1314,OLA RESIDENCES,1.302775592014475,103.8986264,11.0,Marine Parade
1315,OLEANAS RESIDENCE,1.293449615810566,103.8388889157646,0.0,River Valley
1316,OLEANDER TOWERS,1.333184474106154,103.8443417165372,2.0,Toa Payoh
1317,OLLOI,1.314964838685116,103.8995307313543,11.0,Geylang
1318,ONAN COURT,1.309024043959599,103.9021115591056,1.0,Marine Parade
1319,ONAN SUITES,1.311827113539613,103.9000611453877,11.0,Geylang
1320,ONE @ PULASAN,1.312429602154977,103.9060887191089,11.0,Marine Parade
1321,ONE AKYAB,1.322727933,103.8476587883119,14.0,Novena
1322,ONE AMBER,1.301531285658091,103.8987715868434,11.0,Marine Parade
1323,ONE BALMORAL,1.313487946457716,103.8299080984712,6.0,Tanglin
1324,ONE BERNAM,1.273862943505204,103.8437104845058,13.0,Downtown Core
1325,ONE CHATSWORTH,1.299190258,103.8248691465125,23.0,Tanglin
1326,ONE DEVONSHIRE,1.297192855456488,103.8374709299434,12.0,River Valley
1327,ONE DRAYCOTT,1.310084607143862,103.8307156763331,12.0,Newton
1328,ONE DUCHESS,1.324833493357087,103.8083820773317,12.0,Bukit Timah
1329,ONE DUSUN RESIDENCES,1.326965398644829,103.8436742309694,10.0,Novena
1330,ONE EIGHTIES RESIDENCES,1.314796735119026,103.9053352259202,11.0,Geylang
1331,ONE FORT,1.300320219151937,103.8850975656443,0.0,Kallang
1332,ONE HOLLAND VILLAGE RESIDENCES,1.312102865829644,103.7937742789214,12.0,Queenstown
1333,ONE JERVOIS,1.292911887559523,103.8250716321352,12.0,Tanglin
1334,ONE K GREENLANE,1.310994791602906,103.8934423150491,0.0,Geylang
1335,ONE LEICESTER,1.329430695624681,103.8673572518607,19.0,Toa Payoh
1336,ONE MEYER,1.298240182102755,103.8861636358258,11.0,Marine Parade
1337,ONE OXLEY RISE,1.299248119811951,103.8417088954346,12.0,Museum
1338,ONE PEARL BANK,1.282961486595894,103.8398146,12.0,Outram
1339,ONE ROBIN,1.318917756285965,103.8287018173483,0.0,Tanglin
1340,ONE ROSYTH,1.363069304915806,103.8739453663387,10.0,Hougang
1341,ONE SHENTON,1.27929479,103.8505525550745,23.0,Downtown Core
1342,ONE TREE HILL MANSIONS,1.300587022492574,103.8253482199634,12.0,River Valley
1343,ONE TREE HILL RESIDENCE,1.300754819,103.8246572205378,12.0,River Valley
1344,ONE-NORTH EDEN,1.303260504,103.7892097310591,13.0,Queenstown
1345,ONE-NORTH RESIDENCES,1.302204401315241,103.7899075304121,13.0,Queenstown
1346,ONEROBEY,1.366915716717861,103.8818947468313,10.0,Hougang
1347,ONZE @ TANJONG PAGAR,1.274849748368617,103.8421848156174,13.0,Outram
1348,OPAL SUITES,1.327519156234264,103.8672981879608,10.0,Kallang
1349,OPERA ESTATE,1.319402676310459,103.9268059710682,11.0,Bedok
1350,OPTIMA @ TANAH MERAH,1.327964715408524,103.9466570406852,13.0,Bedok
1351,ORANGE GROVE RESIDENCES,1.312906599286708,103.8252159807725,12.0,Tanglin
1352,ORANGE REGENCY,1.311920689667491,103.8246879026471,2.0,Unknown
1353,ORCHARD BEL AIR,1.302318170806861,103.8249734388708,15.0,River Valley
1354,ORCHARD COURT,1.298668176851802,103.8416873756988,12.0,River Valley
1355,ORCHARD PARKSUITES,1.302968523620393,103.8327390933361,3.0,Unknown
1356,ORCHARD SCOTTS,1.310320669305749,103.8384009210411,0.0,Newton
1357,ORCHARD TOWERS,1.307580795227708,103.8294767356279,24.0,Orchard
1358,ORCHARD VIEW,1.302517161295541,103.8294692507915,12.0,River Valley
1359,ORCHID APARTMENTS,1.333779417803204,103.7985708351131,22.0,Bukit Timah
1360,ORCHID PARK CONDOMINIUM,1.412330107641705,103.8348930819789,5.0,Yishun
1361,ORION,1.308605355833597,103.8276166727926,12.0,Newton
1362,OUE TWIN PEAKS,1.2991678,103.8334275679892,12.0,River Valley
1363,OVADA 8,1.313223997235306,103.9060344900533,0.0,Geylang
1364,OWEN 88,1.313457269622539,103.8534994187641,11.0,Unknown
1365,OWEN COURT,1.313751275409762,103.8532395455558,14.0,Kallang
1366,OXFORD SUITES,1.315543739647101,103.8524893654279,11.0,Kallang
1367,OXLEY EDGE,1.295631026575334,103.8416150899923,12.0,River Valley
1368,OXLEY GARDEN,1.297791924299731,103.8425075278714,12.0,River Valley
1369,OXLEY MANSION,1.298699502238786,103.8407502774161,12.0,Unknown
1370,OXLEY RESIDENCE,1.296986873535299,103.8411650471723,0.0,River Valley
1371,PADDY GREEN,1.312078607237811,103.8783993133015,1.0,Geylang
1372,PALAZZETTO,1.299181117385791,103.8838286093979,0.0,Kallang
1373,PALISADES,1.287118753781933,103.7801294294894,14.0,Queenstown
1374,PALM GALLERIA,1.312712587758796,103.9121252393368,11.0,Bedok
1375,PALM GARDENS,1.312674978,103.8150548125733,0.0,Choa Chu Kang
1376,PALM GREEN,1.291234199987066,103.7693303072898,0.0,Queenstown
1377,PALM GROVE CONDOMINIUM,1.359565494485053,103.8786162148474,0.0,Hougang
1378,PALM HAVEN,1.360563296636713,103.8777118548994,0.0,Hougang
1379,PALM ISLES,1.356888655059818,103.9641941471915,10.0,Pasir Ris
1380,PALM LODGE,1.315205702346316,103.8899253138953,7.0,Geylang
1381,PALM LOFT,1.314615336,103.9034158,11.0,Geylang
1382,PALM MANSIONS,1.288880482432826,103.7760961681498,13.0,Queenstown
1383,PALM OASIS,1.316127828159766,103.9084893199121,0.0,Bedok
1384,PALM RESIDENCE,1.343269864605407,103.7691893830428,0.0,Bukit Timah
1385,PALM SPRING,1.316449754741349,103.8321303251377,2.0,Tanglin
1386,PALM VISTA,1.317260917769369,103.9095866140016,0.0,Bedok
1387,PALMERA EAST,1.320882020922461,103.9100920071413,12.0,Bedok
1388,PALMERA RESIDENCE,1.309505445059032,103.9112892794937,11.0,Bedok
1389,PANDAN VALLEY,1.319843719630967,103.7793267363956,21.0,Bukit Timah
1390,PAPILLON,1.326922559007691,103.8492416,0.0,Novena
1391,PARADISE PALMS,1.309955390266097,103.8953204107194,11.0,Geylang
1392,PARBURY HILL CONDOMINIUM,1.316694025950412,103.9440536400817,2.0,Bedok
1393,PARC ASTON,1.330126703552729,103.867598,19.0,Toa Payoh
1394,PARC BLEU,1.314173043367881,103.9076081975545,11.0,Bedok
1395,PARC BOTANNIA,1.397993195728249,103.8752697583623,15.0,Sengkang
1396,PARC CENTENNIAL,1.313175089701732,103.8437959,12.0,Novena
1397,PARC CENTROS,1.403469645880434,103.9044954423628,10.0,Punggol
1398,PARC CLEMATIS,1.317106450525272,103.7589472921943,13.0,Clementi
1399,PARC ELEGANCE,1.317851323450285,103.9089054583575,11.0,Bedok
1400,PARC EMILY,1.304354948465207,103.8487578783086,12.0,Rochor
1401,PARC ESTA,1.318189782203131,103.9022080575038,12.0,Geylang
1402,PARC HAVEN,1.324368361244383,103.8542194510617,10.0,Novena
1403,PARC IMPERIAL,1.281196727554223,103.7834783467182,13.0,Queenstown
1404,PARC KOMO,1.361321310084609,103.9702900776978,10.0,Pasir Ris
1405,PARC MACKENZIE,1.306255419625103,103.8478764831859,0.0,Rochor
1406,PARC MONDRIAN,1.336131594879963,103.8679882039223,19.0,Toa Payoh
1407,PARC OASIS,1.342308693711284,103.7351366560053,5.0,Jurong East
1408,PARC OLYMPIA,1.355581522935894,103.9641199771711,10.0,Pasir Ris
1409,PARC PALAIS,1.356980857626526,103.7659505896691,0.0,Bukit Batok
1410,PARC REGENCY,1.288136249,103.7781158252017,0.0,Queenstown
1411,PARC RIVIERA,1.320817692384934,103.7526673092539,13.0,Clementi
1412,PARC ROSEWOOD,1.428685837123262,103.7857328917626,7.0,Woodlands
1413,PARC SEABREEZE,1.304039853536903,103.9058031968384,11.0,Marine Parade
1414,PARC SOMME,1.311356884110104,103.8585990244359,11.0,Kallang
1415,PARC SOPHIA,1.301563336,103.8473822743115,12.0,Rochor
1416,PARC STEVENS,1.316717626721454,103.8275861297233,0.0,Tanglin
1417,PARC VERA,1.363767144163412,103.8953147418654,10.0,Hougang
1418,PARC VISTA,1.343956138,103.7173103868563,2.0,Jurong West
1419,PARK 1 SUITES,1.314042687920923,103.8893470454453,0.0,Geylang
1420,PARK AVENUE RESIDENCES,1.324890401930753,103.9448414467256,12.0,Unknown
1421,PARK COLONIAL,1.338482692,103.8688465,19.0,Toa Payoh
1422,PARK COURT,1.315596134065022,103.9001941838513,4.0,Geylang
1423,PARK EAST,1.313816045360322,103.9243180726886,11.0,Bedok
1424,PARK HOUSE,1.314841731997864,103.8220054689115,12.0,Orchard
1425,PARK INFINIA AT WEE NAM,1.314869133672799,103.8434800003645,12.0,Novena
1426,PARK NATURA,1.346871952,103.7656370329195,11.0,Bukit Timah
1427,PARK NOVA,1.303686212066617,103.8256290042849,12.0,Orchard
1428,PARK PLACE RESIDENCES AT PLQ,1.315836753636183,103.8927466484271,12.0,Geylang
1429,PARK RESIDENCES KOVAN,1.357933727784313,103.8819320392581,10.0,Hougang
1430,PARK WEST,1.316000936441041,103.7552927062696,14.0,Clementi
1431,PARKSHORE,1.296732087306214,103.8706341975197,4.0,Kallang
1432,PARKSUITES,1.316927863071512,103.7832211517492,12.0,Bukit Timah
1433,PARKVIEW APARTMENTS,1.340935201363108,103.7606676473698,1.0,Bukit Batok
1434,PARKWAY APARTMENT,1.299331851730605,103.8995894316571,11.0,Unknown
1435,PARKWAY VIEW,1.302875471373021,103.9041159347188,23.0,Marine Parade
1436,PARKWOOD RESIDENCES,1.366526614,103.8758283480139,10.0,Hougang
1437,PARRY COURT,1.36396359,103.8805871336005,0.0,Hougang
1438,PARVIS,1.31051229,103.8006902504691,12.0,Bukit Timah
1439,PASADENA,1.315244717920121,103.8454505764061,0.0,Novena
1440,PASIR PANJANG COURT,1.292318083718334,103.7723131813671,13.0,Queenstown
1441,PASIR PANJANG GARDENS,1.308526960924771,103.7615100727962,13.0,Clementi
1442,PASIR PANJANG LODGE,1.291554380524461,103.7723798774831,13.0,Queenstown
1443,PASIR RIS 8,1.37286908,103.9483223855121,8.0,Pasir Ris
1444,PASIR VIEW PARK,1.278809649695204,103.7875539324011,5.0,Queenstown
1445,PASTORAL VIEW,1.322975299820296,103.8478226689818,13.0,Novena
1446,PATENT PLACE,1.342863764699023,103.7678495,14.0,Unknown
1447,PATERSON LINC,1.303194524436487,103.8299849063887,12.0,River Valley
1448,PATERSON RESIDENCE,1.301673056613842,103.8300287213956,12.0,River Valley
1449,PATERSON SUITES,1.301478331781379,103.8307785544665,12.0,River Valley
1450,PAVILION 11,1.324347122066268,103.8484017138376,12.0,Novena
1451,PAVILION SQUARE,1.312978000608597,103.8797708,12.0,Geylang
1452,PAYA LEBAR RESIDENCES,1.317521438,103.8914756547327,0.0,Geylang
1453,PEACH GARDEN,1.297658863102105,103.8960990127404,24.0,Marine Parade
1454,PEAK RESIDENCE,1.325344604296001,103.8407244261379,12.0,Novena
1455,PEAKVIEW ESTATE,1.330912549,103.9428239599504,13.0,Bedok
1456,PEBBLE BAY,1.297570375902425,103.8722713952706,2.0,Kallang
1457,PEIRCE VIEW,1.371756973613385,103.8281798540715,3.0,Ang Mo Kio
1458,PENANG SERVICE APARTMENTS,1.313364340166428,103.8875974074858,5.0,Geylang
1459,PENG'S COURT,1.308216691424737,103.9042380799117,14.0,Marine Parade
1460,PENROSE,1.319412781909416,103.8794959605997,12.0,Geylang
1461,PEOPLE'S GARDEN,1.368079733192995,103.8877023865316,10.0,Hougang
1462,PEOPLE'S PARK CENTRE,1.285709648980963,103.8438274,23.0,Outram
1463,PEOPLE'S PARK COMPLEX,1.284133971784198,103.8425199726656,27.0,Outram
1464,PEPPERMINT GROVE,1.318216772648814,103.8414936677365,2.0,Novena
1465,PEPYS HILL CONDOMINIUM,1.277746374,103.7937839263017,11.0,Queenstown
1466,PERMAI RESIDENCES,1.272074090338704,103.8271879073384,15.0,Unknown
1467,PERPETUAL APARTMENTS,1.312479160777005,103.8835163667123,12.0,Geylang
1468,PETAIN COURT,1.311821332750047,103.8590057648135,5.0,Kallang
1469,PETIT JERVOIS,1.292997128252083,103.8231176784371,12.0,Tanglin
1470,PHOENIX HEIGHTS,1.376450342691151,103.7575668014854,19.0,Bukit Batok
1471,PHOENIX RESIDENCES,1.375254594694136,103.757531,11.0,Bukit Batok
1472,PICARDY GARDENS,1.333431184831604,103.9479258395228,13.0,Bedok
1473,PICCADILLY GRAND,1.311696482912372,103.8525765031082,11.0,Kallang
1474,PIN MANSIONS,1.364544415936025,103.8859434166465,7.0,Hougang
1475,PINE COURT,1.311265616339965,103.9094822370864,18.0,Bedok
1476,PINE GROVE,1.317433758831881,103.7767762,14.0,Bukit Timah
1477,PINE RESIDENCES,1.295352589865749,103.8399049280784,12.0,Unknown
1478,PINE SPRINGS,1.315020894661228,103.8306630718798,1.0,Unknown
1479,PINEHURST CONDOMINIUM,1.312231854,103.9151871258326,6.0,Bedok
1480,PINETREE CONDOMINIUM,1.314989877770304,103.8292938202227,3.0,Tanglin
1481,PINEWOOD GARDENS,1.31586838,103.8297192362446,9.0,Tanglin
1482,PINNACLE 16,1.324497216451242,103.8462225263784,10.0,Novena
1483,PLATINA GARDENS,1.427686240564908,103.8258613422281,12.0,Mandai
1484,PLATINUM EDGE,1.330493747,103.8668478599587,19.0,Toa Payoh
1485,PLATINUM RESIDENCE,1.314642485020354,103.8872704659679,12.0,Unknown
1486,POH HENG COURT,1.313751965104514,103.9291214946805,13.0,Bedok
1487,POINT LOMA,1.329631416043546,103.8116901792114,15.0,Unknown
1488,POSHGROVE EAST,1.308750898127973,103.9094816835858,11.0,Bedok
1489,PRESIDIO,1.310774755754522,103.8996431864601,11.0,Geylang
1490,PRESTIGE HEIGHTS,1.325329777939505,103.8524116902645,0.0,Novena
1491,PRESTIGE LOFT,1.310379828935139,103.9113936881324,11.0,Bedok
1492,PRESTIGE POINT,1.349639828059122,103.8801901963084,10.0,Hougang
1493,PRESTIGE RESIDENCE,1.316835017,103.9100806185759,0.0,Bedok
1494,PRESTO@UPPER SERANGOON,1.345716882256089,103.8715553633528,10.0,Serangoon
1495,PRIME RESIDENCE,1.311189814284327,103.8824665359256,12.0,Geylang
1496,PRIMEDGE,1.312531299009634,103.8881399391242,12.0,Geylang
1497,PRINCE APARTMENT,1.291675976990053,103.7796243594535,16.0,Novena
1498,PRINCIPAL GARDEN,1.292375067481787,103.8228367,12.0,Bukit Merah
1499,PRISTINE HEIGHTS,1.316939354,103.8518950658037,11.0,Kallang
1500,PROSPERO VILLE,1.313983863739906,103.9144456365102,11.0,Bedok
1501,PROXIMO,1.317362238779223,103.8287532422193,0.0,Tanglin
1502,Q BAY RESIDENCES,1.350210130287625,103.9272745736649,8.0,Tampines
1503,QUBE SUITES,1.329872095530223,103.9081239754457,0.0,Bedok
1504,QUEEN ASTRID GARDENS,1.31811473,103.7886471556185,10.0,Bukit Timah
1505,QUEENS,1.292996046816058,103.8056655631731,0.0,Queenstown
1506,QUEENS PEAK,1.294746118266819,103.8068302901831,12.0,Queenstown
1507,QUEENSBERRY LODGE,1.295065956,103.8274227912769,0.0,Tanglin
1508,QUESTA @ DUNMAN,1.309842706100856,103.8965994664534,11.0,Geylang
1509,QUINTERRA,1.318630817990858,103.7806868221156,12.0,Bukit Timah
1510,R MAISON,1.343323569038438,103.8698482049584,19.0,Serangoon
1511,R66 APARTMENTS,1.313955438,103.8544802053257,11.0,Kallang
1512,RACE COURSE 138,1.309818782097496,103.8522996455218,0.0,Rochor
1513,RACE COURSE MANSION,1.309553112610151,103.8521036457486,0.0,Rochor
1514,RADIX,1.317935198322757,103.9114050175623,11.0,Bedok
1515,RAFFLES PARK,1.335664580927492,103.8028701615429,12.0,Bukit Timah
1516,RAFFLESIA CONDOMINIUM,1.347992607604343,103.8433152472047,0.0,Bishan
1517,RANGOON 88,1.314381893471473,103.8542330882726,11.0,Kallang
1518,RANGOON COURT,1.314674437904831,103.8536710508444,0.0,Kallang
1519,RANGOON VIEW,1.317823909415704,103.8522250927167,0.0,Kallang
1520,REFLECTIONS AT KEPPEL BAY,1.268162167,103.8143799045519,15.0,Bukit Merah
1521,REGAL 35,1.315672003605247,103.8883506014558,0.0,Geylang
1522,REGAL COURT,1.324672193569563,103.8528504240735,10.0,Novena
1523,REGENCY LODGE,1.295655030852637,103.8270704373484,1.0,Tanglin
1524,REGENCY PARK,1.297219807240574,103.8249284707906,12.0,Tanglin
1525,REGENCY SUITES,1.284341287858562,103.8291260488692,12.0,Bukit Merah
1526,REGENT GROVE,1.39931152,103.7488066664211,0.0,Choa Chu Kang
1527,REGENT HEIGHTS,1.352120890716545,103.7567047835629,0.0,Bukit Batok
1528,REGENT PARK,1.317259561032635,103.7615450590679,2.0,Clementi
1529,REGENT RESIDENCES,1.324233409162693,103.864556,10.0,Kallang
1530,REGIS MANSIONS,1.342950265298624,103.7682453984609,1.0,Bukit Timah
1531,REIGNWOOD HAMILTON SCOTTS,1.311413798576152,103.8359663649218,12.0,Newton
1532,RESIDENCE 118,1.312078383591649,103.9140868015042,0.0,Bedok
1533,RESIDENCE 66,1.316425631177999,103.9086643314808,11.0,Bedok
1534,RESIDENCE TWENTY-TWO,1.311012250371444,103.9110422,11.0,Bedok
1535,RESIDENCES 88,1.326279735,103.9078114837583,12.0,Bedok
1536,RESIDENCES @ EVELYN,1.315825551714871,103.8392447674781,12.0,Novena
1537,RESIDENCES @ JANSEN,1.359867357185646,103.8774230984478,0.0,Hougang
1538,RESIDENCES @ KILLINEY,1.296718641348853,103.8381732597445,12.0,River Valley
1539,RESIDENCES @ SOMME,1.311510348,103.8587179944353,0.0,Kallang
1540,RESIDENCES AT 338A,1.296356171574069,103.8379910729809,0.0,River Valley
1541,RESIDENCES AT EMERALD HILL,1.305381735873015,103.8390615532358,0.0,Newton
1542,RESIDENCES BOTANIQUE,1.357182627007734,103.8760358294958,10.0,Hougang
1543,REZI 24,1.311564225009452,103.883576,12.0,Geylang
1544,REZI 26,1.312774853296072,103.8851046340236,12.0,Geylang
1545,REZI 35,1.315721209376193,103.8888371312678,12.0,Geylang
1546,REZI 3TWO,1.312127531432595,103.8868142755824,12.0,Geylang
1547,RHAPSODY ON MOUNT ELIZABETH,1.30669217,103.8361833954249,12.0,Newton
1548,RIA APARTMENTS,1.276543091152551,103.7925204304733,13.0,Queenstown
1549,RICCHEZZA,1.311281861149724,103.9153086429605,11.0,Bedok
1550,RICH EAST GARDEN,1.314165187540698,103.9369094155366,16.0,Bedok
1551,RICH MANSIONS,1.317344006094383,103.8335576,5.0,Tanglin
1552,RICHMOND PARK,1.304962789484471,103.8364079039072,3.0,Newton
1553,RIDGE COURT,1.330673259772661,103.8674545923156,0.0,Toa Payoh
1554,RIDGEWOOD,1.317735832328063,103.7785544392779,18.0,Bukit Timah
1555,RIO GARDENS,1.326612850688208,103.8643396863107,0.0,Kallang
1556,RIO VISTA,1.373050381786474,103.9020394071088,0.0,Hougang
1557,RIPPLE BAY,1.377279878435897,103.9609951,8.0,Pasir Ris
1558,RIS GRANDEUR,1.373753717429198,103.939636,0.0,Pasir Ris
1559,RISING COURT,1.307239013230148,103.9043543613134,25.0,Marine Parade
1560,RISING SUITES,1.314334648,103.8365853135246,1.0,Newton
1561,RITZ @ FARRER,1.309936708259525,103.8523955295012,11.0,Rochor
1562,RITZ MANSIONS,1.324949880583052,103.8526045564582,4.0,Novena
1563,RITZ REGENCY,1.311368070310352,103.8947667673295,11.0,Geylang
1564,RIVA LODGE,1.296627231241922,103.8321908076122,5.0,River Valley
1565,RIVAGE,1.299594623382551,103.8887258,11.0,Marine Parade
1566,RIVER ISLES,1.397083634576464,103.9127157,10.0,Punggol
1567,RIVER PLACE,1.287245676648697,103.8524442083349,0.0,Singapore River
1568,RIVER VALLEY APARTMENTS,1.295311131169873,103.8289367257412,12.0,Tanglin
1569,RIVER VALLEY CONSERVATION AREA,1.295263425661362,103.8389080014657,12.0,Unknown
1570,RIVER VALLEY COURT,1.295949024730049,103.8378072467494,5.0,River Valley
1571,RIVERBANK @ FERNVALE,1.39459642,103.8811172,15.0,Sengkang
1572,RIVERBAY,1.327987321170533,103.8625405,10.0,Kallang
1573,RIVERDALE RESIDENCE,1.296794930776121,103.8349341442824,0.0,Unknown
1574,RIVEREDGE,1.300905149492439,103.8819312135929,11.0,Kallang
1575,RIVERFRONT RESIDENCES,1.370170752522364,103.8999986,10.0,Hougang
1576,RIVERGATE,1.290344001306834,103.8364592622862,12.0,Singapore River
1577,RIVERIA GARDENS,1.297281660215843,103.8346906066463,0.0,River Valley
1578,RIVERSAILS,1.378119953429487,103.9022962516099,10.0,Hougang
1579,RIVERSHIRE,1.296737447608277,103.8330057154148,8.0,River Valley
1580,RIVERSIDE 48,1.290926172,103.8397999,0.0,Singapore River
1581,RIVERSIDE MELODIES,1.327308328408371,103.8644767860999,10.0,Kallang
1582,RIVERSOUND RESIDENCE,1.381284454557011,103.9028775658408,10.0,Sengkang
1583,RIVERTREES RESIDENCES,1.394020921224993,103.8812150580618,15.0,Sengkang
1584,RIVERVALE CREST,1.390867810702791,103.9041888802124,0.0,Sengkang
1585,RIVIERA 38,1.328163378517108,103.863446,10.0,Kallang
1586,RIVIERA RESIDENCES,1.316062514081691,103.9426081375189,0.0,Bedok
1587,RIZ HAVEN,1.379894649501859,103.9627439771896,10.0,Pasir Ris
1588,ROBERTSON 100,1.291112089155921,103.8378213443006,0.0,Singapore River
1589,ROBERTSON BLUE,1.290263074738526,103.8371589,12.0,Singapore River
1590,ROBERTSON EDGE,1.293092291523265,103.8405385645378,12.0,River Valley
1591,ROBERTSON WALK,1.291863336524083,103.8413597868719,12.0,Unknown
1592,ROBIN REGALIA,1.316708618,103.8283576773487,0.0,Tanglin
1593,ROBIN RESIDENCES,1.318469202133326,103.8281437,12.0,Tanglin
1594,ROBIN SUITES,1.317691725,103.8287694863146,12.0,Tanglin
1595,ROBINSON SUITES,1.280934744561978,103.8498224657338,23.0,Downtown Core
1596,ROCCA BALESTIER,1.321295632325026,103.8525261095274,0.0,Novena
1597,ROCHALIE RESIDENCES,1.302539295866652,103.8218021912444,12.0,Unknown
1598,ROCHELLE AT NEWTON,1.314044256784974,103.8419229099232,12.0,Novena
1599,ROOTS @ TRANSIT,1.404878055046872,103.8180881788251,0.0,Yishun
1600,ROSALIA PARK,1.348862428988832,103.8788791417049,4.0,Serangoon
1601,ROSE MAISON,1.307619269296358,103.8997154318166,0.0,Marine Parade
1602,ROSE VILLE,1.310486481,103.8938237633052,11.0,Geylang
1603,ROSELANE COURT,1.310561904209509,103.8934658907214,11.0,Unknown
1604,ROSEVALE,1.315968220291158,103.8433915180601,0.0,Novena
1605,ROSEWOOD,1.430515580928358,103.7855301042691,0.0,Woodlands
1606,ROSEWOOD SUITES,1.429457293372219,103.7858398248188,7.0,Woodlands
1607,ROSYTH LODGE,1.363153425711957,103.8744119098227,1.0,Hougang
1608,ROSYTH RESIDENCE,1.362898024772345,103.8791064,10.0,Hougang
1609,ROSYTH VILLE,1.363165526712811,103.8741663992856,10.0,Hougang
1610,ROXY SQUARE,1.304325999048991,103.9040511203053,8.0,Marine Parade
1611,ROYAL COURT,1.343676777308983,103.7690643632681,14.0,Bukit Timah
1612,ROYAL HALLMARK,1.309074211454459,103.8983199195063,11.0,Marine Parade
1613,ROYAL PALM MANSIONS,1.289842450331132,103.7780751971631,13.0,Unknown
1614,ROYALE MANSIONS,1.312230391818504,103.9063768690873,7.0,Marine Parade
1615,ROYALGREEN,1.331144120309298,103.7941961589058,12.0,Bukit Timah
1616,ROYCE RESIDENCES,1.311287604231711,103.8762859,12.0,Geylang
1617,RV ALTITUDE,1.296535660018929,103.8351794590493,12.0,River Valley
1618,RV EDGE,1.294883828770997,103.8280873284137,12.0,Tanglin
1619,RV POINT,1.293800931072832,103.8421450332876,12.0,Singapore River
1620,RV RESIDENCES,1.294341050333859,103.8284402824237,12.0,Tanglin
1621,RV SUITES,1.295605203035591,103.8294069383236,12.0,Tanglin
1622,RYMDEN 77,1.316710127989572,103.9114279206275,11.0,Bedok
1623,SAGE,1.307339650135334,103.8243564769227,12.0,Tanglin
1624,SAI HO BUILDING,1.354976862298056,103.8785479425922,13.0,Hougang
1625,SALLIM LODGE,1.325749311,103.8826219,4.0,Geylang
1626,SAM KIANG MANSIONS,1.298401644341919,103.8353572882842,12.0,River Valley
1627,SAM LEONG MANSION,1.309227512495395,103.8566965,21.0,Kallang
1628,SANCTUARY @ 813,1.357205875770315,103.8808997483635,10.0,Hougang
1629,SANCTUARY GREEN,1.295970747763908,103.8717504240407,0.0,Kallang
1630,SANDALWOOD,1.310090675502394,103.9029570090396,0.0,Marine Parade
1631,SANDY EIGHT,1.312051624804661,103.8932236332215,11.0,Geylang
1632,SANDY PALM,1.378898539,103.9596288,0.0,Pasir Ris
1633,SANT RITZ,1.329644103,103.8692331129331,19.0,Toa Payoh
1634,SANTA FE MANSIONS,1.300132913740936,103.8887682,2.0,Marine Parade
1635,SAPPHIRE 99,1.302227896408067,103.8466316211693,0.0,Unknown
1636,SAPPHIRE COURT,1.312624591169822,103.9112487160728,7.0,Bedok
1637,SARHAD VILLE,1.280537498227451,103.7885341289179,5.0,Queenstown
1638,SARKIES GARDENS,1.313615859229595,103.8364787332061,2.0,Unknown
1639,SARKIES GREEN,1.313749257826485,103.8359752271549,0.0,Unknown
1640,SARKIES MANSIONS,1.313375297453386,103.8362958705685,12.0,Unknown
1641,SAVANNAH CONDOPARK,1.348593985009888,103.9622712390096,0.0,Tampines
1642,SCENIC HEIGHTS,1.321625884539614,103.8521700597685,0.0,Novena
1643,SCK VILLE,1.307581070544068,103.8993708935788,2.0,Marine Parade
1644,SCOTTS 28,1.309808987383656,103.8349179138367,1.0,Newton
1645,SCOTTS HIGHPARK,1.312361690566536,103.8367273,12.0,Newton
1646,SCOTTS SQUARE,1.305799429935449,103.8330747062191,12.0,Orchard
1647,SEA AVENUE MANSIONS,1.305568200371319,103.9066966237176,11.0,Marine Parade
1648,SEA AVENUE RESIDENCES,1.306164045599196,103.9069690047989,11.0,Marine Parade
1649,SEA ESTA,1.377427792656165,103.9598772258771,8.0,Pasir Ris
1650,SEA PAVILION RESIDENCES,1.315075780939337,103.9431389872439,13.0,Bedok
1651,SEAHILL,1.298846987293438,103.7649177,13.0,Clementi
1652,SEASCAPE,1.239784946205823,103.8372771,15.0,Southern Islands
1653,SEASIDE PARK,1.310794499399177,103.9203122346177,11.0,Bedok
1654,SEASIDE RESIDENCES,1.307818504351665,103.9282090484811,11.0,Bedok
1655,SEASONS PARK,1.385002282294269,103.8403006962671,2.0,Ang Mo Kio
1656,SEASONS VIEW,1.352224424905069,103.8415443243825,0.0,Bishan
1657,SEASTRAND,1.376522511285319,103.9611045871488,8.0,Pasir Ris
1658,SEASUITES,1.282420832701859,103.7831427320089,13.0,Queenstown
1659,SEAVIEW POINT,1.299530883669345,103.8998174689405,5.0,Marine Parade
1660,SECOND AVENUE JUNCTION,1.329825446933347,103.7994699132826,3.0,Bukit Timah
1661,SELANTING GREEN,1.342965563863979,103.7685289631797,1.0,Bukit Timah
1662,SELEGIE CENTRE,1.300144924911953,103.8498712418777,14.0,Rochor
1663,SELETAR GARDEN,1.390008303636975,103.8510849,14.0,Ang Mo Kio
1664,SELETAR HILLS ESTATE,1.382926287808367,103.8712722694248,15.0,Serangoon
1665,SELETAR PARK RESIDENCE,1.386539986270007,103.8692078,15.0,Serangoon
1666,SELETAR SPRINGS CONDOMINIUM,1.387581220744192,103.8784834551759,0.0,Hougang
1667,SELETARIS,1.436645948504782,103.8248362995038,0.0,Sembawang
1668,SEMBAWANG COTTAGE,1.426907812997703,103.8260518960171,2.0,Mandai
1669,SEMBAWANG HILLS ESTATE,1.373035697787796,103.8280020104723,13.0,Ang Mo Kio
1670,SEMBAWANG PARK,1.428256498509598,103.8259221936864,32.0,Mandai
1671,SEMBAWANG SPRINGS ESTATE,1.439176960633354,103.8261566968929,12.0,Sembawang
1672,SEMBAWANG STRAITS ESTATE,1.457853322290543,103.8362558900134,12.0,Sembawang
1673,SENGKANG GRAND RESIDENCES,1.382989399633019,103.8918492996302,10.0,Sengkang
1674,SENNETT ESTATE,1.332502248549275,103.8758869659036,19.0,Toa Payoh
1675,SENNETT RESIDENCE,1.330581369567687,103.8693673547027,19.0,Toa Payoh
1676,SERANGOON GARDEN ESTATE,1.366110987762274,103.8684325659117,10.0,Serangoon
1677,SERANGOON PARK,1.347375163365822,103.8685235002479,19.0,Serangoon
1678,SERANGOON VILLE,1.369433518238315,103.8705114070408,10.0,Serangoon
1679,SERAYA 9,1.307186302,103.8996659476418,11.0,Marine Parade
1680,SERAYA BREEZE,1.305926503963088,103.8998018004689,0.0,Marine Parade
1681,SERAYA COURT,1.306508093469192,103.8997870998908,5.0,Marine Parade
1682,SERAYA LODGE,1.306377243047786,103.9006704532068,11.0,Unknown
1683,SERAYA RESIDENCES,1.306558384532803,103.8999801888055,11.0,Marine Parade
1684,SERAYA VILLE,1.307511398704513,103.8999987474663,8.0,Marine Parade
1685,SERENE CENTRE,1.322524644,103.8137065295714,12.0,Unknown
1686,SERENITY BREEZE,1.313601875478948,103.9122037057301,11.0,Bedok
1687,SERENITY PARK,1.390304269934836,103.8594712906864,4.0,Serangoon
1688,SETIA RESIDENCES,1.315906663309076,103.8399477998172,0.0,Novena
1689,SEVEN PALMS SENTOSA COVE,1.240058485469285,103.8309363222582,15.0,Southern Islands
1690,SEVENTY SAINT PATRICK'S,1.308385841,103.9152694,11.0,Bedok
1691,SHAMROCK PARK,1.324365106442324,103.7991622,12.0,Bukit Timah
1692,SHAN GATE APARTMENTS,1.325912758518315,103.8468645675365,8.0,Novena
1693,SHANGHAI LODGE,1.295065956,103.8274227912769,5.0,Tanglin
1694,SHANGHAI ONE,1.294848038369409,103.8275482204123,12.0,Tanglin
1695,SHANGRI-LA RESIDENCES,1.310646770295515,103.8252267,12.0,Unknown
1696,SHAW PLAZA - TWIN HEIGHTS,1.324719843273876,103.8517228,0.0,Novena
1697,SHEARES VILLE,1.293374997774804,103.8254004848845,0.0,Tanglin
1698,SHEBA LODGE,1.313335098625894,103.8976759316256,1.0,Geylang
1699,SHELFORD 23,1.327835654885815,103.8122344959464,12.0,Bukit Timah
1700,SHELFORD GREEN,1.324565545543248,103.8121870103078,17.0,Bukit Timah
1701,SHELFORD MANSIONS,1.328324810948222,103.8117001,12.0,Bukit Timah
1702,SHELFORD REGENCY,1.326597305018122,103.8113329077821,1.0,Bukit Timah
1703,SHELFORD SUITES,1.326601354324632,103.8126548503268,0.0,Bukit Timah
1704,SHELFORD VIEW,1.328901528073785,103.8121003340909,16.0,Bukit Timah
1705,SHERIDAN COURT,1.310280904663716,103.9149030184155,14.0,Bedok
1706,SHERWOOD CONDOMINIUM,1.345029320556309,103.7680004552495,14.0,Bukit Timah
1707,SHIRO,1.315413135429954,103.9079864394279,11.0,Bedok
1708,SIGLAP CENTRE,1.312581729426636,103.9232502072965,11.0,Unknown
1709,SIGLAP COURT,1.309582182267321,103.9261698289017,15.0,Bedok
1710,SIGLAP LODGE,1.313662644292771,103.9286295,11.0,Bedok
1711,SIGLAP V,1.312847064101501,103.9237885809008,11.0,Bedok
1712,SIGNATURE AT LEWIS,1.320843793859047,103.8232062165676,12.0,Tanglin
1713,SIGNATURE CREST,1.312259031713689,103.8931397647876,0.0,Geylang
1714,SIGNATURE PARK,1.340523815894548,103.7671834,1.0,Bukit Timah
1715,SIGNATURE RESIDENCE,1.311070927886742,103.8924152698326,0.0,Geylang
1716,SILAHIS APARTMENTS,1.313892507928324,103.9142608433585,6.0,Bedok
1717,SILVERSCAPE,1.312569986587627,103.8872092257703,12.0,Geylang
1718,SILVERSEA,1.299995919673226,103.9031006162186,11.0,Marine Parade
1719,SIMON PLAZA,1.361976029209209,103.8849928016691,9.0,Hougang
1720,SIMS DORADO,1.315780221658173,103.8903389730571,12.0,Geylang
1721,SIMS EDGE,1.316404856698675,103.8879067636708,12.0,Geylang
1722,SIMS GREEN,1.314410386547719,103.8846296898634,0.0,Geylang
1723,SIMS MEADOWS,1.314813429231084,103.8880468876207,0.0,Geylang
1724,SIMS POINT,1.313122170279153,103.8794747790001,6.0,Geylang
1725,SIMS RESIDENCES,1.316074129474185,103.8910928373541,0.0,Geylang
1726,SIMS URBAN OASIS,1.318974953841948,103.8808271655608,12.0,Geylang
1727,SIMSVILLE,1.316866351973837,103.8888645818152,1.0,Geylang
1728,SIN CHUAN GARDEN,1.322232463043524,103.9185415,12.0,Bedok
1729,SIN MING CENTRE,1.360180171349813,103.8404433764552,13.0,Bishan
1730,SIN MING PLAZA,1.352482302799053,103.8357469735082,7.0,Bishan
1731,SIN THAI HIN BUILDING,1.301856449089239,103.8518323352966,15.0,Rochor
1732,SING LIAN BUILDING,1.31835145,103.9109786712212,17.0,Bedok
1733,SINGA COURT,1.290637488752606,103.8509489066542,14.0,Bedok
1734,SINGA HILLS,1.330132629115615,103.9082849935445,12.0,Bedok
1735,SIXTEEN35 RESIDENCES,1.315474070180629,103.8888276,12.0,Geylang
1736,SIXTH AVENUE CENTRE,1.331430495,103.7950025332895,13.0,Bukit Timah
1737,SIXTH AVENUE VILLE,1.329533906070255,103.7952317152989,0.0,Bukit Timah
1738,SKIES MILTONIA,1.418071394958342,103.8479067824892,12.0,Yishun
1739,SKT MANSIONS,1.314696847471761,103.8826289374239,6.0,Geylang
1740,SKY EDEN@BEDOK,1.324967912473074,103.9323662200381,13.0,Bedok
1741,SKY EVERTON,1.275889767875465,103.8381517091216,13.0,Bukit Merah
1742,SKY GREEN,1.332597722646294,103.8866543306613,19.0,Geylang
1743,SKY HABITAT,1.352542386743246,103.8517168485413,13.0,Bishan
1744,SKY VUE,1.352316656777678,103.8507192441551,13.0,Bishan
1745,SKY@ELEVEN,1.331270798,103.8410218966471,12.0,Toa Payoh
1746,SKYLINE @ ORCHARD BOULEVARD,1.303154281,103.8295775484459,12.0,River Valley
1747,SKYLINE ANGULLIA,1.303154281,103.8295775484459,12.0,Unknown
1748,SKYLINE RESIDENCES,1.272476943265769,103.8078174918375,15.0,Bukit Merah
1749,SKYPARK,1.283422979453017,103.8607951409095,12.0,River Valley
1750,SKYSUITES@ANSON,1.274643978047123,103.8447415873149,13.0,Downtown Core
1751,SLOANE RESIDENCES,1.315688872192941,103.8323179488976,12.0,Tanglin
1752,SMAILING COURT,1.322188378445262,103.9112367,12.0,Bedok
1753,SMART SUITES,1.315144483719481,103.8840502827314,12.0,Geylang
1754,SOHO 188,1.311192073255725,103.8532757428302,11.0,Rochor
1755,SOHO @ FARRER,1.310763560028088,103.8529527529409,11.0,Rochor
1756,SOLEIL @ SINARAN,1.319600200045294,103.8452717383841,12.0,Novena
1757,SOMMERVILLE GRANDEUR,1.313866543560554,103.8064572465592,12.0,Tanglin
1758,SOMMERVILLE LOFT,1.343669588754383,103.8697898274224,0.0,Serangoon
1759,SOMMERVILLE PARK,1.312005370555643,103.8063459330421,14.0,Tanglin
1760,SONG LANG GREEN,1.310773657835897,103.9036025223251,11.0,Unknown
1761,SOO CHOW GARDEN,1.353780932254544,103.8297544503697,13.0,Bishan
1762,SOPHIA 98,1.302344685249702,103.8471160025665,0.0,Rochor
1763,SOPHIA CREST,1.301574243621044,103.8482004982656,12.0,Unknown
1764,SOPHIA FLATS,1.302156509,103.8488542,12.0,Rochor
1765,SOPHIA HILLS,1.300690581427467,103.8481293037304,12.0,Rochor
1766,SOPHIA LODGE,1.301672686086656,103.8480361719524,12.0,Rochor
1767,SOPHIA RESIDENCE,1.301580834910537,103.8485079956711,12.0,Rochor
1768,SOPHIA VIEW,1.302440100679019,103.8469565137056,2.0,Rochor
1769,SOUTH BEACH RESIDENCES,1.294385183752485,103.8560297970998,0.0,Downtown Core
1770,SOUTH UNION PARK,1.315022068413213,103.9230744405034,11.0,Bedok
1771,SOUTHAVEN I,1.347260291443142,103.7733208,2.0,Bukit Panjang
1772,SOUTHAVEN II,1.346767800742994,103.7731966721007,0.0,Bukit Panjang
1773,SOUTHBANK,1.306312031129328,103.8643083344373,16.0,Kallang
1774,SPA BUILDING,1.310043296008507,103.8559028329743,13.0,Kallang
1775,SPACE @ KOVAN,1.354665219,103.8768836,10.0,Serangoon
1776,SPANISH VILLAGE,1.314877763496738,103.8063177924569,12.0,Tanglin
1777,SPAZIO @ KOVAN,1.354698954247955,103.8783298257485,10.0,Hougang
1778,SPOTTISWOODE 18,1.275595285272561,103.8375599,13.0,Bukit Merah
1779,SPOTTISWOODE PARK,1.27472973,103.8362354900026,13.0,Bukit Merah
1780,SPOTTISWOODE RESIDENCES,1.275271152231314,103.8368322250497,13.0,Bukit Merah
1781,SPOTTISWOODE SUITES,1.276035116061894,103.8375020463613,13.0,Bukit Merah
1782,SPRING @ KATONG,1.305609708822148,103.9034008967487,11.0,Marine Parade
1783,SPRING @ LANGSAT,1.315115608478606,103.9002763479453,11.0,Geylang
1784,SPRING COURT,1.303599536350674,103.8240702947633,10.0,Bukit Timah
1785,SPRING GARDENS,1.308104250080207,103.8987553654728,0.0,Marine Parade
1786,SPRING GROVE,1.298137086158027,103.8271709662386,3.0,Tanglin
1787,SPRING RESIDENCES,1.315927738563174,103.8304290409923,12.0,Unknown
1788,SPRINGDALE CONDOMINIUM,1.348295210028081,103.7723028,1.0,Bukit Panjang
1789,SPRINGLEAF GARDEN,1.398163412683349,103.8255496748758,10.0,Yishun
1790,SPRINGLEAF TOWER,1.275084754722964,103.8462462833596,13.0,Unknown
1791,SPRINGVALE,1.312914966832455,103.9247216777546,11.0,Bedok
1792,SPRINGWELL MANSIONS,1.320650612200024,103.9523898358391,16.0,Bedok
1793,ST FRANCIS COURT,1.324379662748559,103.8638338626785,5.0,Kallang
1794,ST REGIS RESIDENCES SINGAPORE,1.305569894136787,103.8266022652349,12.0,Orchard
1795,STADIA,1.355652103576235,103.8760157636391,10.0,Serangoon
1796,STARFIRE @ SOPHIA,1.301856814914834,103.8476796701344,12.0,Unknown
1797,STARLIGHT SUITES,1.293715327642058,103.8372767105074,12.0,River Valley
1798,STARPOINT,1.288457428260237,103.7773443465417,13.0,Queenstown
1799,STARS OF KOVAN,1.361509601542451,103.8876270030557,10.0,Hougang
1800,STARVILLE,1.327739372257176,103.9112724539843,12.0,Bedok
1801,STELLAR RV,1.295104586798032,103.8285113526764,12.0,Tanglin
1802,STEVENS COURT,1.319553251183877,103.8258219,12.0,Unknown
1803,STEVENS LOFT,1.317932612825596,103.8264905903883,0.0,Tanglin
1804,STEVENS SUITES,1.315500473837551,103.8256241861075,12.0,Tanglin
1805,STILL 123,1.316060276144358,103.9052219258326,0.0,Geylang
1806,STILL MANSIONS,1.308544027178243,103.9088757,32.0,Bedok
1807,STILLZ RESIDENCE,1.316277265152948,103.9049487425143,11.0,Geylang
1808,STIRLING RESIDENCES,1.296772026,103.8007129275885,12.0,Queenstown
1809,STRAITS MANSIONS,1.305317882,103.9068217670078,11.0,Marine Parade
1810,STRAITS RESIDENCES,1.313555786390687,103.9045170132703,11.0,Geylang
1811,STRATA,1.317409763348128,103.8449138404231,12.0,Novena
1812,STRATFORD COURT,1.328473243203479,103.9513562161495,1.0,Bedok
1813,STRATUM,1.378775930120852,103.9433802854854,8.0,Pasir Ris
1814,STUDIO 3,1.295709937133355,103.8275683872831,0.0,Tanglin
1815,STUDIO8,1.311109374776778,103.8730259544249,12.0,Kallang
1816,STUDIOS @ MARNE,1.312915639939835,103.8569246812776,11.0,Kallang
1817,STUDIOS@TEMBELING,1.308161313,103.9049834919359,11.0,Marine Parade
1818,STURDEE RESIDENCES,1.312916952507517,103.8590471,11.0,Kallang
1819,STURDEE VIEW,1.313802861047264,103.8577638756375,11.0,Kallang
1820,SUFFOLK PREMIER,1.314243997927163,103.8446867300133,12.0,Novena
1821,SUI GENERIS,1.316201285064783,103.8346967625799,12.0,Newton
1822,SUITES 123,1.315149945,103.8534781640469,11.0,Kallang
1823,SUITES 28,1.312684591755703,103.8859411114303,12.0,Geylang
1824,SUITES @ AMBER,1.300291914499312,103.9000760383657,11.0,Marine Parade
1825,SUITES @ CAIRNHILL,1.310006451342849,103.8365164,12.0,Newton
1826,SUITES @ EASTCOAST,1.314378954473958,103.9322483107002,11.0,Bedok
1827,SUITES @ EUNOS,1.320533404142608,103.9057724220581,12.0,Bedok
1828,SUITES @ GUILLEMARD,1.312519698680811,103.8917601888514,11.0,Geylang
1829,SUITES @ KOVAN,1.362099467403106,103.8868354304033,10.0,Hougang
1830,SUITES @ NEWTON,1.316400355746191,103.8416718339324,12.0,Novena
1831,SUITES @ OWEN,1.314092130278094,103.8529465235008,11.0,Kallang
1832,SUITES @ PAYA LEBAR,1.350394082033477,103.8799794,10.0,Hougang
1833,SUITES @ SHREWSBURY,1.318198995923667,103.8489060822146,12.0,Novena
1834,SUITES @ SIMS,1.315747260764306,103.8871882031565,12.0,Geylang
1835,SUITES @ SOPHIA,1.302384932021851,103.8464891822505,12.0,Unknown
1836,SUITES @ SURREY,1.315951675609222,103.8418546128289,12.0,Novena
1837,SUITES @ TOPAZ,1.328625846,103.8651331453576,10.0,Kallang
1838,SUITES AT BUKIT TIMAH,1.340548478865511,103.7736491295924,14.0,Bukit Timah
1839,SUITES AT ORCHARD,1.300420061623949,103.8459575529214,12.0,Museum
1840,SUITES DE LAUREL,1.339171697391516,103.7801274433574,14.0,Bukit Timah
1841,SUITES@ KATONG,1.307802766939541,103.8955512676469,11.0,Marine Parade
1842,SUITES@BRADDELL,1.343547961069106,103.8686584347842,19.0,Serangoon
1843,SUITES@CHANGI,1.317041377544015,103.9047482815385,12.0,Geylang
1844,SULTAN GATE PLACE,1.301141621381152,103.8607714608072,10.0,Rochor
1845,SUMMER GREEN,1.326970701129822,103.8497165070798,3.0,Novena
1846,SUMMER SCENT,1.365820155809865,103.8822470382695,10.0,Hougang
1847,SUMMER VIEW,1.311709152643951,103.8784631604258,1.0,Geylang
1848,SUMMERHILL,1.358260605305413,103.7661683683508,0.0,Bukit Batok
1849,SUN COURT,1.340855783603014,103.7731393669794,14.0,Bukit Timah
1850,SUN PLAZA,1.448195354,103.8195021271551,0.0,Sembawang
1851,SUNBIRD VIEW,1.339368019968415,103.9562374390863,5.0,Tampines
1852,SUNDANCE SUITES,1.309293660450192,103.9061158606332,11.0,Unknown
1853,SUNDANCE VISTA,1.312788598296974,103.9053925326244,11.0,Unknown
1854,SUNFLOWER COURT,1.310649277926699,103.8764022,0.0,Geylang
1855,SUNFLOWER GRANDEUR,1.316080753123424,103.8904847239841,0.0,Geylang
1856,SUNFLOWER LODGE,1.313598136143822,103.8879124492272,0.0,Geylang
1857,SUNFLOWER MANSIONS,1.312081498651075,103.8850524,12.0,Geylang
1858,SUNFLOWER REGENCY,1.311284403200396,103.8815160893636,12.0,Geylang
1859,SUNFLOWER RESIDENCE,1.312413265183632,103.8871481,12.0,Geylang
1860,SUNFLOWER VIEW,1.312884441983281,103.8883272903246,12.0,Geylang
1861,SUNGLADE,1.348975831868048,103.8709845,0.0,Serangoon
1862,SUNHAVEN,1.348139387085114,103.9620849,0.0,Tampines
1863,SUNNY GROVE,1.315582611768873,103.8894620405807,3.0,Geylang
1864,SUNNY LODGE,1.324494712401058,103.9069463255945,12.0,Bedok
1865,SUNNY PALMS,1.317435353131899,103.9108380164479,0.0,Bedok
1866,SUNNY PARC,1.313370052,103.9147562181531,0.0,Bedok
1867,SUNNYVALE RESIDENCES,1.313360268706572,103.9153112,11.0,Bedok
1868,SUNRISE GARDENS,1.389690730935665,103.8571700175548,1.0,Ang Mo Kio
1869,SUNSET LODGE,1.324408815136251,103.7657482909238,21.0,Clementi
1870,SUNSHINE GRANDEUR,1.313049050095953,103.9100540144472,0.0,Bedok
1871,SUNSHINE GROVE,1.346263203920979,103.8739321513236,0.0,Serangoon
1872,SUNSHINE LODGE,1.345315885015167,103.8713986,10.0,Serangoon
1873,SUNSHINE LOFT,1.310998319062993,103.9080468908447,0.0,Bedok
1874,SUNSHINE MANSIONS,1.314890958596119,103.9077921379464,11.0,Bedok
1875,SUNSHINE PLAZA,1.300467354,103.8505560619489,0.0,Rochor
1876,SUNSHINE REGENCY,1.311416310823838,103.9053380167288,11.0,Marine Parade
1877,SUNSHINE RESIDENCE,1.313012058922287,103.9098685984383,11.0,Bedok
1878,SUNSTONE HILL,1.282069337335538,103.7836807,13.0,Unknown
1879,SUNSTONE RESIDENCES,1.325849067834057,103.9091846005172,12.0,Unknown
1880,SUNVILLE,1.326562032453898,103.8636589715617,0.0,Kallang
1881,SURREY 21,1.315785502340811,103.8435522341518,12.0,Unknown
1882,SURREY COURT,1.315801762,103.8423088036835,12.0,Unknown
1883,SUTTON PLACE,1.312848927167751,103.8054159483374,10.0,Tanglin
1884,SYCAMORE TREE,1.307561081016846,103.9034796413064,11.0,Marine Parade
1885,SYLVAN LODGE,1.312634487137184,103.7980645842635,12.0,Bukit Timah
1886,SYMPHONY HEIGHTS,1.356013065305385,103.7669730488213,1.0,Bukit Batok
1887,SYMPHONY SUITES,1.434561915497254,103.8443628429572,12.0,Yishun
1888,TACPLAS HOUSE,1.313929572652339,103.8815263245598,12.0,Unknown
1889,TAI PENG GARDENS,1.362648940075414,103.8885386146193,10.0,Hougang
1890,TAIPAN GRAND,1.311529612874629,103.9335082,0.0,Bedok
1891,TAIPAN JADE,1.310016762,103.8940206227825,0.0,Geylang
1892,TAIPAN REGENCY,1.307158673,103.8990829071177,0.0,Marine Parade
1893,TALIB CENTRE,1.296521271676019,103.8549386515989,16.0,Unknown
1894,TALIB COURT,1.296822617402096,103.8549782936695,16.0,Unknown
1895,TAN CHONG TOWER,1.298026533707219,103.8526872370267,16.0,Unknown
1896,TAN TONG MENG TOWER,1.327767198935214,103.8416144528799,23.0,Novena
1897,TANAMERA CREST,1.332104945199761,103.9420795426361,0.0,Bedok
1898,TANGERINE GROVE,1.349813537637291,103.8807454848706,10.0,Hougang
1899,TANGLIN HILL CONDOMINIUM,1.301768127440634,103.8175459552604,17.0,Tanglin
1900,TANGLIN HILL MEADOWS,1.300967416779053,103.8175310281848,12.0,Tanglin
1901,TANGLIN PARK,1.300243521297154,103.8165824856667,11.0,Tanglin
1902,TANGLIN REGENCY,1.292044062493537,103.8159975443847,1.0,Bukit Merah
1903,TANGLIN RESIDENCES,1.305569894136787,103.8266022652349,0.0,Tanglin
1904,TANGLIN VIEW,1.291828779530157,103.8183668933961,0.0,Bukit Merah
1905,TANJONG PAGAR COMPLEX,1.272156114439079,103.8421146815245,13.0,Unknown
1906,TANJONG RIA CONDOMINIUM,1.296624037088693,103.8743045,2.0,Kallang
1907,TANQUEELAN SUITES,1.298310832776878,103.8566522739015,0.0,Downtown Core
1908,TEACHER'S HOUSING ESTATE,1.381665049224768,103.8300761850776,10.0,Unknown
1909,TEDGE,1.318067267758906,103.9088115,12.0,Bedok
1910,TELOK BLANGAH HOUSE,1.266177272803923,103.8233887420553,16.0,Bukit Merah
1911,TELOK KURAU APARTMENTS,1.313892507928324,103.9142608433585,11.0,Unknown
1912,TELOK KURAU LODGE,1.316417640312704,103.9098101137236,8.0,Bedok
1913,TELOK KURAU MANSIONS,1.312956134472888,103.9150023467389,6.0,Bedok
1914,TELOK MANSION,1.311692066842495,103.9116124177501,22.0,Bedok
1915,TEMBELINA,1.309330486758854,103.9032990712311,2.0,Marine Parade
1916,TEMBELING CENTRE,1.306465869313088,103.9053182557438,14.0,Marine Parade
1917,TEMBELING COURT,1.311854875894535,103.9015004438595,11.0,Geylang
1918,TEMBELING GROVE,1.307535839838579,103.9045906130134,6.0,Marine Parade
1919,TEMBELING MANSIONS,1.307985819651097,103.9042700116596,3.0,Marine Parade
1920,TEMBELING RESIDENCE,1.307339577795981,103.9048022838578,11.0,Marine Parade
1921,TEN @ SUFFOLK,1.314589997985499,103.8444533966724,12.0,Novena
1922,TEOCHEW SAIHO RESIDENCE,1.295638755628124,103.8397664,12.0,Unknown
1923,TERESA VILLE,1.276316436,103.8236793804075,13.0,Bukit Merah
1924,TERRACE VIEW,1.306261435466946,103.9034551644922,11.0,Unknown
1925,TERRASSE,1.368862536365062,103.8773077832103,10.0,Hougang
1926,TERRENE AT BUKIT TIMAH,1.341015289329463,103.7709773399197,14.0,Bukit Timah
1927,TESSA LODGE,1.302826822678374,103.8983557803243,0.0,Marine Parade
1928,TEXTILE CENTRE,1.303938356456172,103.8616307920936,22.0,Kallang
1929,TG MANSION,1.300078177214362,103.8980119597053,8.0,Bedok
1930,THE 101,1.297752450869938,103.8569495313991,13.0,Downtown Core
1931,THE ABERDEEN,1.325534017532367,103.8654980933094,2.0,Kallang
1932,THE ABODE AT DEVONSHIRE,1.297638488833867,103.8376967426476,0.0,River Valley
1933,THE ACACIAS,1.344544377040073,103.8689234,19.0,Serangoon
1934,THE ADARA,1.306437054854255,103.9077728,11.0,Marine Parade
1935,THE ADDITION,1.330756806974378,103.8672306434792,19.0,Toa Payoh
1936,THE ALCOVE,1.314006552607429,103.8840153289375,0.0,Geylang
1937,THE ALPS RESIDENCES,1.355055826370976,103.9299219255952,8.0,Tampines
1938,THE AMARELLE,1.313394234537768,103.8923617255856,11.0,Geylang
1939,THE AMBRA,1.316909265421497,103.9126542,11.0,Bedok
1940,THE AMBROSIA,1.310365600755562,103.9166332794836,11.0,Bedok
1941,THE AMERALD STUDIO,1.306786274044641,103.8991710835402,11.0,Marine Parade
1942,THE AMERY,1.311993388194062,103.9081921816883,11.0,Bedok
1943,THE AMSTON,1.356821790026348,103.7604639940025,1.0,Bukit Batok
1944,THE ANCHORAGE,1.289690045855907,103.8054704150624,2.0,Queenstown
1945,THE ANSLEY,1.323274343331375,103.8488350154606,0.0,Novena
1946,THE ANTARES,1.325500141709534,103.8828914635023,12.0,Geylang
1947,THE ARC AT DRAYCOTT,1.309214167,103.8308962615019,12.0,Newton
1948,THE ARCADIA,1.333374743995465,103.8112756315586,16.0,Bukit Timah
1949,THE ARDEN,1.377224746716902,103.7568021691381,11.0,Bukit Batok
1950,THE ARIEL,1.315925320717172,103.9029874603604,11.0,Geylang
1951,THE ARISTO @ AMBER,1.300251659889091,103.9008233872373,11.0,Marine Parade
1952,THE ARIZON,1.313718622661753,103.8865888678623,12.0,Geylang
1953,THE ARMADALE,1.318567653300951,103.8402688084023,0.0,Novena
1954,THE ARRIS,1.275501068821503,103.8415960229412,0.0,Outram
1955,THE ARTE,1.328100628507284,103.84235,10.0,Novena
1956,THE ASANA,1.321886138483441,103.8110662,12.0,Bukit Timah
1957,THE ASCOTT,1.310995266258876,103.8387330387931,12.0,Unknown
1958,THE ASTERIA,1.307221460426438,103.9110752377582,11.0,Bedok
1959,THE ASTON,1.295936458118639,103.8298498151566,12.0,Tanglin
1960,THE ATELIER,1.312830391449249,103.8415442877715,12.0,Novena
1961,THE ATRIA AT MEYER,1.296681855158373,103.8891001130732,3.0,Marine Parade
1962,THE AVENIR,1.294740759560737,103.8365837093058,12.0,River Valley
1963,THE AXIS,1.324621943198964,103.8499575882547,12.0,Novena
1964,THE AZURE,1.251777309041668,103.8476719390127,15.0,Southern Islands
1965,THE AZZURO,1.317219315295549,103.9137920415539,11.0,Bedok
1966,THE BALE,1.315078100956588,103.9063724604215,11.0,Bedok
1967,THE BALMORAL,1.315736226073273,103.8285612626026,13.0,Tanglin
1968,THE BALMORAL SPRING,1.315466361810299,103.8342957505936,0.0,Newton
1969,THE BAYCOURT,1.315781481,103.9414245160246,5.0,Bedok
1970,THE BAYRON,1.297830326924648,103.8375447782381,0.0,River Valley
1971,THE BAYSHORE,1.312761039,103.9398711390189,13.0,Bedok
1972,THE BEACON,1.275874835214168,103.8404809943486,13.0,Bukit Merah
1973,THE BEACON EDGE,1.307134962755853,103.9049576554102,11.0,Marine Parade
1974,THE BEAUMONT,1.299418390795168,103.8361887,14.0,River Valley
1975,THE BECCAGAYLE,1.309639559,103.9094432059253,11.0,Bedok
1976,THE BELLEFORTE,1.327009643321769,103.8449912482901,0.0,Novena
1977,THE BELMONT,1.313277664,103.7985447846306,12.0,Bukit Timah
1978,THE BELVEDERE,1.297048647717622,103.8876447778093,11.0,Marine Parade
1979,THE BENCOOLEN,1.301661888236515,103.8533561236935,0.0,Rochor
1980,THE BERTH BY THE COVE,1.250048494,103.8463193,15.0,Southern Islands
1981,THE BEVERLY,1.339333940419632,103.7673300218403,14.0,Bukit Timah
1982,THE BLISS,1.309676220037804,103.8521942270999,0.0,Rochor
1983,THE BLOSSOMVALE,1.336739350832533,103.7828207358459,1.0,Bukit Timah
1984,THE BOTANIC ON LLOYD,1.296891770423548,103.8398406753322,12.0,River Valley
1985,THE BOULEVARD RESIDENCE,1.303927783375397,103.8287702485492,12.0,River Valley
1986,THE BOUTIQ,1.296604430353836,103.8388424740503,12.0,River Valley
1987,THE BOX,1.282477810557967,103.8472371,23.0,Unknown
1988,THE BROOKS I,1.404809115055941,103.8194655001422,0.0,Yishun
1989,THE BROOKS II,1.403938591072317,103.8188499579343,0.0,Yishun
1990,THE CAIRNHILL,1.308031268,103.8361831072844,15.0,Unknown
1991,THE CALLISTA,1.327515191755028,103.8628256,0.0,Kallang
1992,THE CALROSE,1.382329606440519,103.8376563162752,10.0,Ang Mo Kio
1993,THE CALYPSO,1.315015661713969,103.9434705,0.0,Bedok
1994,THE CANOPY,1.424478419,103.8479621178294,12.0,Yishun
1995,THE CAPE,1.300460792871474,103.9011977022917,11.0,Marine Parade
1996,THE CAPRI,1.318347904,103.8260655002178,1.0,Tanglin
1997,THE CARPMAELINA,1.312564812,103.8979864954358,0.0,Geylang
1998,THE CASCADIA,1.333808226154373,103.7877781467708,14.0,Bukit Timah
1999,THE CASSANDRA,1.276868880471384,103.7931768294369,0.0,Queenstown
2000,THE CATHAY RESIDENCE,1.2995709,103.8476941788664,0.0,Unknown
2001,THE CENTREN,1.313939830425819,103.8835609512522,12.0,Geylang
2002,THE CENTREPOINT,1.302188694955395,103.8395862435968,16.0,Orchard
2003,THE CENTRIO,1.325314331338871,103.8461329,10.0,Novena
2004,THE CENTRIS,1.339149788474939,103.7054973596931,10.0,Jurong West
2005,THE CHAMPAGNE,1.318370942772112,103.9106012965159,0.0,Bedok
2006,THE CHUAN,1.349887761,103.8604517832037,10.0,Serangoon
2007,THE CITRINE,1.327335167565172,103.8433238690872,10.0,Novena
2008,THE CLAYMORE,1.307974865395708,103.8303254716829,14.0,Newton
2009,THE CLAYTON,1.317269174408042,103.8295035895755,1.0,Tanglin
2010,THE CLEARWATER,1.337400939485227,103.9346985,0.0,Bedok
2011,THE CLEMENT CANOPY,1.306676248115695,103.7685369229317,13.0,Clementi
2012,THE CLIFT,1.279400142886165,103.8473295791477,23.0,Downtown Core
2013,THE COAST AT SENTOSA COVE,1.246786876683641,103.8444020939912,15.0,Southern Islands
2014,THE COLONNADE,1.299739441732002,103.8275606729374,11.0,Unknown
2015,THE COMMODORE,1.441213593738426,103.8277840489972,12.0,Sembawang
2016,THE CONCOURSE,1.300817817282399,103.8619390796983,16.0,Unknown
2017,THE CORNWALL,1.312094770140113,103.8006271934935,0.0,Bukit Timah
2018,THE COSMOPOLITAN,1.295781978322206,103.8324161925409,12.0,Singapore River
2019,THE COTERIE @ HOLLAND,1.310912097735705,103.8046422950679,12.0,Tanglin
2020,THE COTZ,1.313354976727752,103.9108582215984,11.0,Bedok
2021,THE COURTYARD,1.363573803107235,103.8866273579182,4.0,Hougang
2022,THE CREEK @ BUKIT,1.338641361,103.7693787,14.0,Bukit Timah
2023,THE CREST,1.293117405825216,103.8205055324721,12.0,Bukit Merah
2024,THE CRISTALLO,1.312662908037936,103.9115090042517,11.0,Bedok
2025,THE DAFFODIL,1.316021645562444,103.9456755893094,1.0,Bedok
2026,THE DAIRY FARM,1.364461684924605,103.7695891094161,14.0,Bukit Panjang
2027,THE DIAMOND,1.312984804535387,103.8761900362044,2.0,Geylang
2028,THE DOMAIN,1.312059282089518,103.9244498,4.0,Bedok
2029,THE DRAYCOTT,1.310993220973183,103.8312349116824,19.0,Newton
2030,THE EASTSIDE,1.305678730882563,103.9056463516108,11.0,Marine Parade
2031,THE EBONY,1.320385158367266,103.9084872045962,12.0,Bedok
2032,THE EDGE ON CAIRNHILL,1.308830875500606,103.8371302471953,0.0,Newton
2033,THE EDGEWATER,1.380290809095873,103.9646745963418,0.0,Pasir Ris
2034,THE ELEMENT @ STEVENS,1.318106483790701,103.8261656417982,0.0,Tanglin
2035,THE ELYSIA,1.326600815882092,103.8619582,0.0,Kallang
2036,THE ENCLAVE . HOLLAND,1.312135220585927,103.7990110375304,12.0,Bukit Timah
2037,THE EQUATORIAL,1.320305178608261,103.8248083842096,0.0,Tanglin
2038,THE ESPIRA,1.312091433073079,103.9145962798192,11.0,Bedok
2039,THE ESSENCE,1.403455270313303,103.8171660638193,10.0,Yishun
2040,THE ESTA,1.302149490124208,103.9004682235863,11.0,Marine Parade
2041,THE ESTIVA,1.287834910119039,103.7783432995387,13.0,Queenstown
2042,THE ESTRELLA,1.289930983760132,103.7768732583386,0.0,Unknown
2043,THE ESTUARY,1.411048263325364,103.8325132450258,12.0,Yishun
2044,THE ETAGE,1.313548847394335,103.8879313247014,12.0,Unknown
2045,THE FERNHILL,1.314351687,103.8259655,12.0,Tanglin
2046,THE FLORENCE RESIDENCES,1.366403994860837,103.8869282941339,10.0,Hougang
2047,THE FLORENTINE,1.366358543005546,103.8858150916945,10.0,Hougang
2048,THE FOLIAGE,1.290884737772503,103.7743196087189,13.0,Queenstown
2049,THE FORD @ HOLLAND,1.313515061533601,103.7936897422521,12.0,Bukit Timah
2050,THE FORESTA @ MOUNT FABER,1.270350255097288,103.8139673197718,15.0,Bukit Merah
2051,THE GALE,1.359069937602252,103.9665913094094,10.0,Pasir Ris
2052,THE GARDEN RESIDENCES,1.366206959870255,103.8704053077349,10.0,Serangoon
2053,THE GARDENS AT BISHAN,1.363988827556563,103.8324545280239,0.0,Bishan
2054,THE GAZANIA,1.344786916819292,103.8787788487824,10.0,Serangoon
2055,THE GERANIUM,1.313323036,103.9043604023675,11.0,Geylang
2056,THE GILSTEAD,1.317924647650403,103.8392572089504,12.0,Unknown
2057,THE GLACIER,1.314250129589063,103.9073216188681,0.0,Bedok
2058,THE GLADES,1.327676588,103.9498051730677,13.0,Bedok
2059,THE GLYNDEBOURNE,1.322225333520393,103.8235978250347,12.0,Novena
2060,THE GRANDHILL,1.281626321042417,103.7848694524036,13.0,Queenstown
2061,THE GRANDIFLORA,1.312715358954002,103.9137848945938,0.0,Bedok
2062,THE GRANGE,1.301374872118312,103.8238103306712,12.0,River Valley
2063,THE GREENWICH,1.387188416918717,103.8693372149259,15.0,Serangoon
2064,THE HACIENDA,1.313711462161968,103.9267823713756,14.0,Bedok
2065,THE HELICONIA,1.326352944840683,103.9089002449377,0.0,Bedok
2066,THE HERMITAGE,1.314585889193678,103.8368773293853,0.0,Newton
2067,THE HILLFORD,1.344435456632151,103.7698469229112,14.0,Bukit Timah
2068,THE HILLSIDE,1.352740986153188,103.7676268397919,14.0,Bukit Batok
2069,THE HOLLAND COLLECTION,1.308880915,103.8076693786586,12.0,Tanglin
2070,THE HORIZON,1.294511936377194,103.8267582355448,0.0,Tanglin
2071,THE HUNTINGTON,1.318802242284136,103.8453187076644,0.0,Novena
2072,THE HYDE,1.314326316565834,103.8310652135266,12.0,Tanglin
2073,THE IMPERIAL,1.295304257107405,103.8427494797788,12.0,Museum
2074,THE INFINITI,1.319534540037006,103.7550410653147,13.0,Clementi
2075,THE INFLORA,1.357118278517382,103.9662254563232,10.0,Pasir Ris
2076,THE INSPIRA,1.291883736,103.8389455679152,12.0,River Valley
2077,THE INTERLACE,1.282201354220074,103.8030237560963,15.0,Bukit Merah
2078,THE INTERWEAVE,1.325380805261773,103.8531118789469,10.0,Novena
2079,THE IVERIA,1.295278681258869,103.8385673,12.0,River Valley
2080,THE JADE,1.349000733274197,103.7489078847786,0.0,Bukit Batok
2081,THE JOVELL,1.358230322803219,103.9655731323819,10.0,Pasir Ris
2082,THE LADYHILL,1.310437673280565,103.8250400847523,0.0,Tanglin
2083,THE LAKEFRONT RESIDENCES,1.343352399678048,103.7193035770006,10.0,Jurong West
2084,THE LAKESHORE,1.345808535008101,103.7233823349188,10.0,Jurong West
2085,THE LANAI,1.355997560988811,103.7612522683391,11.0,Bukit Batok
2086,THE LANDMARK,1.286170844858286,103.8395676266433,12.0,Outram
2087,THE LATTIZ,1.324231805911142,103.9062344931863,12.0,Bedok
2088,THE LAURELS,1.304774349958167,103.8374318582902,12.0,Newton
2089,THE LEGACY,1.321045083452449,103.8226397195073,0.0,Tanglin
2090,THE LEGEND,1.318281079,103.8293825204186,3.0,Tanglin
2091,THE LENOX,1.318243762739251,103.9113511653332,12.0,Bedok
2092,THE LEVELZ,1.313532335275055,103.8049967350832,12.0,Tanglin
2093,THE LIGHT @ CAIRNHILL,1.306448329335577,103.8384130785853,0.0,Newton
2094,THE LILIUM,1.345534206824518,103.8807374185274,10.0,Serangoon
2095,THE LINC,1.314494521871664,103.8425058986732,12.0,Novena
2096,THE LINCOLN MODERN,1.315323125855588,103.8430559,0.0,Novena
2097,THE LINCOLN RESIDENCES,1.315374759029202,103.8423998742572,12.0,Novena
2098,THE LINE @ TANJONG RHU,1.298437300606147,103.8844080210829,11.0,Kallang
2099,THE LINEAR,1.375394616809071,103.7628464235044,11.0,Bukit Panjang
2100,THE LINQ @ BEAUTY WORLD,1.340745850016246,103.7762842,14.0,Bukit Timah
2101,THE LOFT,1.307134809710682,103.8221188,0.0,Tanglin
2102,THE LUCENT,1.311144995486104,103.9161230586923,11.0,Bedok
2103,THE LUMOS,1.299066007680583,103.8320686086986,12.0,River Valley
2104,THE LUSH,1.309134021835903,103.9049777923466,11.0,Marine Parade
2105,THE LUXE,1.299649864419283,103.8471854973088,0.0,Unknown
2106,THE LUXURIE,1.388608887853289,103.8959311973136,10.0,Sengkang
2107,THE M,1.297714856688135,103.8557197,16.0,Downtown Core
2108,THE MADEIRA,1.35740789,103.7499669269363,0.0,Bukit Batok
2109,THE MAKENA,1.297692663028706,103.8944460700699,1.0,Marine Parade
2110,THE MARBELLA,1.314721472629008,103.7787739896446,0.0,Bukit Timah
2111,THE MARQ ON PATERSON HILL,1.300484447276843,103.8285437,12.0,River Valley
2112,THE MARQUE @ IRRAWADDY,1.325904582,103.8459979854563,10.0,Novena
2113,THE MAYFAIR,1.345041790525218,103.7334205,0.0,Jurong East
2114,THE MAYLEA,1.280709388089575,103.7853232490715,13.0,Queenstown
2115,THE MEDLEY,1.317172531915279,103.9111276490258,0.0,Bedok
2116,THE MERASAGA,1.311962984845895,103.7979772034036,4.0,Bukit Timah
2117,THE MERCURY,1.296139861113852,103.8272317916827,12.0,Tanglin
2118,THE MERLOT,1.314238862553745,103.846334,0.0,Kallang
2119,THE METROPOLITAN CONDOMINIUM,1.290553402036023,103.8156328978792,12.0,Bukit Merah
2120,THE METZ,1.299388098507786,103.8369590887912,12.0,River Valley
2121,THE MEYER PLACE,1.298411082033775,103.8867715,6.0,Marine Parade
2122,THE MEYERISE,1.296937933965783,103.8927086825756,11.0,Marine Parade
2123,THE MEZZO,1.320524526998525,103.8524473269855,10.0,Novena
2124,THE MIDAS,1.312873273225771,103.8861144626308,12.0,Geylang
2125,THE MILTONIA RESIDENCES,1.417507345343794,103.8476594182235,12.0,Yishun
2126,THE MINT RESIDENCES,1.314974530243167,103.9049583772671,11.0,Geylang
2127,THE MINTON,1.352308890424276,103.8810884811045,10.0,Hougang
2128,THE MKZ,1.306522128664773,103.8465874,12.0,Newton
2129,THE MONTAGE,1.310645000700048,103.9122689017174,11.0,Bedok
2130,THE MONTANA,1.296222078441624,103.8290854485498,12.0,Tanglin
2131,THE MORNING GLORY,1.356768004023025,103.8766896343165,0.0,Hougang
2132,THE MORNINGSIDE,1.295386392,103.8358491383087,7.0,River Valley
2133,THE MORNINGTON,1.326186058638237,103.8639935967586,0.0,Kallang
2134,THE NASSIM,1.307134809710682,103.8221188,0.0,Tanglin
2135,THE NAUTICAL,1.442817007779111,103.8247376547768,12.0,Sembawang
2136,THE NAVIAN,1.327808877665827,103.9063995844816,12.0,Bedok
2137,THE NCLAVE,1.310715873667413,103.9151086256197,11.0,Bedok
2138,THE NEXUS,1.334174311394105,103.7867836025267,14.0,Bukit Timah
2139,THE OCEANFRONT @ SENTOSA COVE,1.244403000680469,103.8425184568726,15.0,Southern Islands
2140,THE OCTET,1.312069991360361,103.8835624222937,12.0,Geylang
2141,THE ODEON KATONG,1.304684709707137,103.9018885716314,16.0,Marine Parade
2142,THE OLD HOUSE,1.362694808546443,103.8874279053618,0.0,Hougang
2143,THE OLIV,1.314836293255365,103.8315784868708,12.0,Tanglin
2144,THE OPUS,1.291925541493691,103.8415409219307,11.0,Unknown
2145,THE ORANGE GROVE,1.310140069,103.8264095218906,13.0,Tanglin
2146,THE ORCHARD RESIDENCES,1.303836915596882,103.8317078043605,12.0,Orchard
2147,THE ORIENT,1.280947717603631,103.7835466038666,13.0,Queenstown
2148,THE OXLEY,1.299043654226799,103.8421612,3.0,Museum
2149,THE PALETTE,1.370265907567055,103.9452044737828,8.0,Pasir Ris
2150,THE PALLADIUM,1.303359623009025,103.9038857302487,0.0,Marine Parade
2151,THE PANORAMA,1.375855387725777,103.8350785215538,13.0,Ang Mo Kio
2152,THE PARC CONDOMINIUM,1.310460940883794,103.7620344218159,13.0,Clementi
2153,THE PARK VALE,1.329995136681724,103.8116231981975,2.0,Bukit Timah
2154,THE PATERSON,1.300467222140348,103.8305878895858,0.0,River Valley
2155,THE PATERSON EDGE,1.302592848776152,103.8296758360549,0.0,River Valley
2156,THE PEAK @ CAIRNHILL I,1.308192732757484,103.8383742232275,12.0,Newton
2157,THE PEAK @ CAIRNHILL II,1.308120383507714,103.8379408395284,0.0,Newton
2158,THE PEAK@BALMEG,1.282767744497765,103.7833478433043,13.0,Queenstown
2159,THE PEARL @ MOUNT FABER,1.270892731518416,103.8241443563629,0.0,Bukit Merah
2160,THE PETALS,1.353674205801849,103.7605498726435,0.0,Bukit Batok
2161,THE PIER AT ROBERTSON,1.291286508170154,103.8404801668337,12.0,Singapore River
2162,THE PLATINUM,1.284252723445319,103.8446907635236,23.0,Unknown
2163,THE PLAZA,1.299620227815904,103.8606472655079,20.0,Kallang
2164,THE POIZ RESIDENCES,1.331544680206995,103.8669964654176,19.0,Toa Payoh
2165,THE PRIMERO,1.313003382609085,103.8791599441368,12.0,Unknown
2166,THE PRINCETON,1.316650124742186,103.8327159155446,0.0,Tanglin
2167,THE PROMENADE@PELIKAT,1.355309041782432,103.8878571832613,10.0,Hougang
2168,THE PROMINENCE,1.310496472457886,103.8975013820077,0.0,Geylang
2169,THE PROMONT,1.307706427487512,103.8379661,0.0,Newton
2170,THE QUARTZ,1.380508902061205,103.8932604244871,10.0,Sengkang
2171,THE QUAYSIDE,1.290083395764093,103.8391992196089,1.0,Singapore River
2172,THE QUINN,1.344007524372299,103.8725059620643,10.0,Serangoon
2173,THE RAINTREE,1.349332433508891,103.7741895161108,14.0,Bukit Panjang
2174,THE RED HOUSE,1.305392412482184,103.9034842006009,11.0,Marine Parade
2175,THE REEF AT KING'S DOCK,1.264546384,103.8173341644971,15.0,Bukit Merah
2176,THE REGALIA,1.295202861742654,103.8369215492113,6.0,River Valley
2177,THE REGENCY AT TIONG BAHRU,1.281860960379268,103.8305621110602,12.0,Bukit Merah
2178,THE RESIDENCES AT W SINGAPORE SENTOSA COVE,1.249130462486708,103.8415329893383,15.0,Southern Islands
2179,THE RICHMOND,1.324924284140924,103.8644066334895,0.0,Kallang
2180,THE RITZ-CARLTON RESIDENCES SINGAPORE CAIRNHILL,1.308031268,103.8361831072844,12.0,Newton
2181,THE RIVERINE BY THE PARK,1.309638042342847,103.8692201967916,10.0,Kallang
2182,THE RIVERSIDE PIAZZA,1.288486200031616,103.8440494413625,3.0,Singapore River
2183,THE ROCHESTER RESIDENCES,1.305210733905228,103.7883405664468,13.0,Queenstown
2184,THE SAIL @ MARINA BAY,1.280769435042204,103.8526585621514,23.0,Downtown Core
2185,THE SANCTUARY @ GEYLANG,1.313457092147964,103.8864673182305,12.0,Geylang
2186,THE SANTORINI,1.351666239601928,103.9281656881692,8.0,Tampines
2187,THE SCALA,1.351406554233017,103.8654051700237,10.0,Serangoon
2188,THE SCENIC @ BRADDELL,1.343453615316384,103.8688577076223,19.0,Serangoon
2189,THE SCOTTS TOWER,1.309990178,103.8354997,12.0,Newton
2190,THE SEA VIEW,1.301107120032376,103.9018634187457,11.0,Marine Parade
2191,THE SEAFRONT ON MEYER,1.296884460895833,103.8885841,11.0,Marine Parade
2192,THE SEAWIND,1.311295510565502,103.9149503970162,11.0,Bedok
2193,THE SENSORIA,1.437089818665195,103.8248461062552,12.0,Sembawang
2194,THE SENTINEL,1.316271124235966,103.8421446110566,12.0,Novena
2195,THE SERENADE @ HOLLAND,1.318464639469044,103.7798585243002,0.0,Bukit Timah
2196,THE SERENNIA,1.311246574076927,103.9060156,11.0,Marine Parade
2197,THE SERENNO,1.310313518872489,103.8976562838528,11.0,Geylang
2198,THE SHELFORD,1.325655902861104,103.8120599028886,0.0,Bukit Timah
2199,THE SHORE RESIDENCES,1.302807688244061,103.9009889,11.0,Marine Parade
2200,THE SIENA,1.321039884302669,103.8117341903299,12.0,Bukit Timah
2201,THE SIERRA,1.318104719862835,103.7803257266101,1.0,Bukit Timah
2202,THE SILVER FIR,1.312633983812885,103.8949103486414,11.0,Geylang
2203,THE SILVERTON,1.308831402842462,103.8992977738988,0.0,Marine Parade
2204,THE SIXTH AVENUE RESIDENCES,1.326771068736549,103.7930657255487,12.0,Bukit Timah
2205,THE SKYWOODS,1.365117414180173,103.7718732456698,11.0,Bukit Panjang
2206,THE SOLITAIRE,1.314785750740893,103.8270624968199,12.0,Tanglin
2207,THE SORRENTO,1.295763136427461,103.7661222797011,13.0,Clementi
2208,THE SOUND,1.310206047724338,103.9147633653008,11.0,Bedok
2209,THE SOVEREIGN,1.296531266969444,103.8934190274684,6.0,Marine Parade
2210,THE SPECTRUM,1.291399450438993,103.7688509929127,0.0,Queenstown
2211,THE SPINNAKER,1.314083428738937,103.8439849435671,12.0,Novena
2212,THE SPRINGBLOOM,1.351166416021001,103.8637386218211,0.0,Serangoon
2213,THE SPRINGS,1.319117579624484,103.8466559800874,0.0,Novena
2214,THE STELLAR,1.293176999022823,103.7677297,13.0,Clementi
2215,THE STERLING,1.335755965170897,103.7821103870962,14.0,Bukit Timah
2216,THE STRADIA,1.358060267721797,103.8751162302397,6.0,Hougang
2217,THE SUITES AT CENTRAL,1.298532876755191,103.8369260784155,12.0,River Valley
2218,THE SUMMIT,1.316010218711006,103.9405620928264,7.0,Bedok
2219,THE SUNFLOWER,1.313282829188021,103.8853803087348,0.0,Geylang
2220,THE SUNNIDORA,1.316736459418883,103.9096275142271,11.0,Bedok
2221,THE SUNNIFLORA,1.316762822164639,103.9097665,0.0,Bedok
2222,THE SUNNY LEGEND,1.316787473036781,103.9116979919628,11.0,Bedok
2223,THE SUNNY SPRING,1.312192030700878,103.8894646971463,1.0,Geylang
2224,THE SUNNYDALE,1.348897145000126,103.8672798034772,0.0,Serangoon
2225,THE SUNSHINE,1.346219848,103.8719510117612,0.0,Serangoon
2226,THE TAIPAN,1.312307520391956,103.9349278679715,0.0,Bedok
2227,THE TANAMERA,1.326714363541472,103.9435083979945,5.0,Bedok
2228,THE TAPESTRY,1.353055962832459,103.9282134713296,8.0,Tampines
2229,THE TATE RESIDENCES,1.307974865395708,103.8303254716829,12.0,Newton
2230,THE TEMBUSU,1.361530943933421,103.8894097490758,10.0,Hougang
2231,THE TENNERY,1.380482405158373,103.7598018190507,11.0,Choa Chu Kang
2232,THE TESSARINA,1.332706391819259,103.7893638,0.0,Bukit Timah
2233,THE THOMSON DUPLEX,1.324074399079896,103.8410219848371,12.0,Novena
2234,THE TIER,1.323022362653721,103.8510214558526,10.0,Novena
2235,THE TOMLINSON,1.304415667461925,103.8260799165674,0.0,Orchard
2236,THE TRE VER,1.336492338716073,103.8656288647891,19.0,Toa Payoh
2237,THE TREELINE,1.317608617042122,103.9137767982557,11.0,Bedok
2238,THE TRESOR,1.323624135031013,103.806909,0.0,Bukit Timah
2239,THE TREVOSE,1.322225333520393,103.8235978250347,0.0,Novena
2240,THE TRILINQ,1.318247503,103.7620813,13.0,Clementi
2241,THE TRILLIUM,1.293695352586826,103.8331171552908,12.0,Singapore River
2242,THE TRIZON,1.317407577698497,103.7777206883775,12.0,Bukit Timah
2243,THE TROPIC GARDENS,1.313849570328185,103.9380984377328,4.0,Bedok
2244,THE TROPICA,1.347299561471456,103.9274583231671,0.0,Tampines
2245,THE TRUMPS,1.320026102623366,103.9134872895293,0.0,Bedok
2246,THE TWINS,1.314746755233033,103.8345902489867,0.0,Newton
2247,THE URBANITE,1.313510262340715,103.8483720650783,11.0,Kallang
2248,THE VANDERLINT,1.308036473397668,103.9007757329434,11.0,Marine Parade
2249,THE VENUE RESIDENCES,1.328560383884917,103.8691062622507,19.0,Toa Payoh
2250,THE VERANDAH RESIDENCES,1.279606787443774,103.7850482037415,13.0,Queenstown
2251,THE VERMONT ON CAIRNHILL,1.308590937235457,103.8386741608739,12.0,Newton
2252,THE VERTE,1.316693043808283,103.9141414280999,11.0,Bedok
2253,THE VERV @ RV,1.296391119450425,103.8346941921105,0.0,River Valley
2254,THE VERVE,1.327721882462078,103.8481373043689,10.0,Novena
2255,THE VESTA,1.313216913478584,103.9138736,0.0,Bedok
2256,THE VIEW @ MEYER,1.298252026632823,103.8870493351536,11.0,Marine Parade
2257,THE VILLAGE,1.299428010270852,103.8316296276456,20.0,Queenstown
2258,THE VINES,1.319388654072392,103.9080107255736,0.0,Bedok
2259,THE VIRIDIAN,1.326010518528878,103.8516267595532,10.0,Novena
2260,THE VISION,1.298258926054722,103.7650494777798,13.0,Clementi
2261,THE VUE,1.346798071714369,103.8799727345994,10.0,Serangoon
2262,THE WARREN,1.386036249287796,103.7428942,0.0,Choa Chu Kang
2263,THE WATER EDGE,1.313721052,103.8887595794708,12.0,Geylang
2264,THE WATERGARDENS AT CANBERRA,1.440190885888294,103.8274958515878,12.0,Sembawang
2265,THE WATERINA,1.313127939148893,103.8901261641439,0.0,Geylang
2266,THE WATERLINE,1.367277092599535,103.8765013601546,10.0,Hougang
2267,THE WATERSIDE,1.297426718422459,103.8824463582725,7.0,Kallang
2268,THE WHARF RESIDENCE,1.293328528228973,103.8403721392343,12.0,River Valley
2269,THE WINDSOR,1.357813278666781,103.8279287,11.0,Bishan
2270,THE WISTERIA,1.418447035793593,103.8411124124469,12.0,Yishun
2271,THE WOODGROVE,1.428798985826826,103.7814951,1.0,Woodlands
2272,THE WOODLEIGH RESIDENCES,1.338176888495546,103.8718535,19.0,Toa Payoh
2273,THE YARDLEY,1.347708659606687,103.8717373921431,0.0,Serangoon
2274,THOMSON 800,1.340638139381334,103.8381631025081,0.0,Toa Payoh
2275,THOMSON EURO-ASIA,1.318058726659824,103.8446820513714,0.0,Novena
2276,THOMSON GRAND,1.365349208,103.8302685,13.0,Bishan
2277,THOMSON GROVE,1.383723011453194,103.8362842493032,15.0,Ang Mo Kio
2278,THOMSON HILLS ESTATE,1.379426031073827,103.8319109032939,19.0,Ang Mo Kio
2279,THOMSON IMPERIAL COURT,1.351844991570629,103.8360536482915,13.0,Bishan
2280,THOMSON IMPRESSIONS,1.359825074274383,103.8297088631412,13.0,Bishan
2281,THOMSON MANSION,1.323160714,103.842053,16.0,Novena
2282,THOMSON THREE,1.357215708593934,103.8309706,13.0,Bishan
2283,THOMSON V ONE,1.353194953372082,103.8355647298615,0.0,Bishan
2284,THOMSON V TWO,1.353416609950579,103.8355471565234,13.0,Bishan
2285,THOMSON VALE,1.323983672258323,103.8414353712364,0.0,Novena
2286,THOMSON VIEW CONDOMINIUM,1.356224553876519,103.8315604096253,12.0,Bishan
2287,THREE 11,1.356654470595533,103.8287367,13.0,Bishan
2288,THREE BALMORAL,1.313924473464188,103.8304377097258,12.0,Tanglin
2289,THREE BUCKLEY,1.317015214,103.8398743789255,12.0,Novena
2290,THREE THREE ROBIN,1.316805802729079,103.8287992379942,0.0,Tanglin
2291,THYE SHAN MANSION,1.280838308246507,103.8409527428419,13.0,Unknown
2292,TIANSO HEIGHTS,1.320035030163371,103.8462247941972,12.0,Unknown
2293,TIARA,1.295238545694759,103.8310123861223,4.0,Singapore River
2294,TIERRA VUE,1.308109894952803,103.9139901727763,11.0,Bedok
2295,TIONG BAHRU ESTATE,1.283585899031187,103.8350353204543,12.0,Bukit Merah
2296,TIVOLI GRANDE,1.312652227136641,103.9061894862228,11.0,Marine Parade
2297,TIVOLI LODGE,1.315353909,103.8870882536237,4.0,Geylang
2298,TOH TUCK LODGE,1.340763152781326,103.7699305435602,0.0,Bukit Timah
2299,TOH YI COURT,1.336554024271114,103.7719590331206,14.0,Bukit Timah
2300,TOMLINSON HEIGHTS,1.302934076931549,103.8269496033068,12.0,River Valley
2301,TOP TEN,1.304844227310832,103.8397052996243,12.0,Newton
2302,TOPAZ MANSIONS,1.328270398,103.8660822106949,6.0,Kallang
2303,TORIE MANSIONS,1.311963236366683,103.9035633427705,6.0,Geylang
2304,TORIEVIEW MANSIONS,1.314406640155956,103.8863145,4.0,Geylang
2305,TOWNHOUSE APARTMENTS,1.309243390942757,103.8426105981898,12.0,Newton
2306,TRE RESIDENCES,1.317215014976672,103.8846689164612,12.0,Geylang
2307,TREASURE AT TAMPINES,1.345055528986302,103.9467553067352,8.0,Tampines
2308,TREASURE GARDENS,1.361532185980229,103.8800368916422,0.0,Hougang
2309,TREASURE LOFT,1.318711815703463,103.8496695282422,0.0,Novena
2310,TREASURE MANSIONS,1.361558582862553,103.8776292374371,10.0,Hougang
2311,TREASURE ON BALMORAL,1.314430667148862,103.8303134862861,0.0,Tanglin
2312,TREASURE PLACE,1.280553289854749,103.7893018558534,13.0,Queenstown
2313,TREASURES@G19,1.313928158371611,103.8789867,12.0,Geylang
2314,TREASURES@G6,1.310618129129306,103.8767279654733,12.0,Geylang
2315,TREE HOUSE,1.369842017409278,103.7760391056761,11.0,Bukit Panjang
2316,TREESCAPE,1.311125396,103.9165567106441,11.0,Bedok
2317,TREETOPS EXECUTIVE RESIDENCES,1.307979477379422,103.8265050782179,12.0,Unknown
2318,TRELLIS TOWERS,1.330508931292392,103.8436730718614,0.0,Toa Payoh
2319,TRENDALE TOWER,1.309645958906265,103.8358674069716,17.0,Newton
2320,TRESALVEO,1.351042597613426,103.8408224969254,13.0,Bishan
2321,TREVISTA,1.337420741099038,103.8465384935756,10.0,Toa Payoh
2322,TREVOSE PARK,1.323982719585488,103.8253740314442,8.0,Novena
2323,TRIBECA,1.291066112297139,103.8344988916047,12.0,Singapore River
2324,TRILIGHT,1.314478832372454,103.8398997,12.0,Novena
2325,TRILIVE,1.361777320910111,103.8916675199551,10.0,Hougang
2326,TROPICAL SPRING,1.341453156,103.9556769365981,0.0,Tampines
2327,TROPICANA CONDOMINIUM,1.341645553,103.9608404386985,13.0,Tampines
2328,TROPICS @ HAIGSVILLE,1.310176456766426,103.8979729524835,11.0,Geylang
2329,TROPIKA EAST,1.328997189443244,103.9068651687985,12.0,Bedok
2330,TURQUOISE,1.242963995811137,103.8371062135879,15.0,Southern Islands
2331,TWENTYONE ANGULLIA PARK,1.303766555539059,103.8300334740961,12.0,River Valley
2332,TWIN REGENCY,1.284990037,103.8288959825195,12.0,Bukit Merah
2333,TWIN VEW,1.320049382380573,103.7521613,13.0,Clementi
2334,TWO8ONE STUDIO,1.295717052876578,103.839861,12.0,River Valley
2335,TYRWHITT 139,1.311577143283884,103.8599411258505,11.0,Kallang
2336,UBER 388,1.313655691164048,103.9390907154866,13.0,Bedok
2337,UE SQUARE,1.293105265541779,103.8418055094411,2.0,Singapore River
2338,UNI BUILDING,1.311463611,103.9107874513426,16.0,Bedok
2339,UNIT 8,1.309716347773961,103.8058632,15.0,Tanglin
2340,UOB CENTRE,1.342688156930834,103.7760616693116,0.0,Bukit Timah
2341,UP@ROBERTSON QUAY,1.290780801135271,103.8374454954821,12.0,Singapore River
2342,UPPER SERANGOON SHOPPING CENTRE,1.353480822771468,103.8788281,17.0,Hougang
2343,UPTOWN @ FARRER,1.312944323736674,103.8556347350914,11.0,Kallang
2344,URBAN EDGE @ HOLLAND V,1.313029132437044,103.7943754716531,12.0,Bukit Timah
2345,URBAN HERITAGE,1.321844139341421,103.8533341174346,10.0,Novena
2346,URBAN LOFTS,1.314163834798126,103.8539055,11.0,Kallang
2347,URBAN RESIDENCES,1.350773957399525,103.8800809366144,10.0,Hougang
2348,URBAN RESORT CONDOMINIUM,1.304223349352251,103.8377138065984,12.0,Newton
2349,URBAN SUITES,1.303610267634088,103.8384569,12.0,Newton
2350,URBAN TREASURES,1.329367202063868,103.9057913238531,12.0,Bedok
2351,URBAN VISTA,1.327666770101604,103.9447459389687,13.0,Bedok
2352,URBANA,1.295106397728369,103.8379085868092,12.0,River Valley
2353,V ON SHENTON,1.277083407076311,103.8491813435475,23.0,Downtown Core
2354,VA RESIDENCES,1.326726664367142,103.8496801,10.0,Novena
2355,VACANZA @ EAST,1.329119830438639,103.914847,12.0,Bedok
2356,VALLEY APARTMENTS,1.295311131169873,103.8289367257412,11.0,River Valley
2357,VALLEY COURT,1.295949024730049,103.8378072467494,12.0,Unknown
2358,VALLEY HOUSE,1.296020331804808,103.8381566061762,12.0,Unknown
2359,VALLEY LODGE,1.294685051723107,103.8414060242598,12.0,Unknown
2360,VALLEY MANSION,1.296499512612454,103.8404718645466,12.0,River Valley
2361,VALLEY PARK,1.293396693130048,103.8279207950744,2.0,Tanglin
2362,VALLEY POINT,1.293072252690544,103.8270759331416,12.0,Unknown
2363,VAN HOLLAND,1.312649568904016,103.7949547177609,12.0,Bukit Timah
2364,VANADIUM,1.312746904534624,103.8475979,11.0,Kallang
2365,VARSITY PARK CONDOMINIUM,1.295090207246032,103.7687681491301,13.0,Clementi
2366,VENEZIO,1.314812313585212,103.9425903823433,13.0,Bedok
2367,VENTANA,1.281671654,103.7855054,0.0,Queenstown
2368,VENTUNO BALMORAL,1.315958978640755,103.8329556048591,12.0,Tanglin
2369,VENTURA VIEW,1.313463342515316,103.9048581256071,11.0,Geylang
2370,VERANDA,1.312335874460472,103.9099501111674,0.0,Bedok
2371,VERDALE,1.345693601342935,103.7698626285756,14.0,Bukit Timah
2372,VERDOR RESIDENCE,1.314634957761394,103.9036049092481,11.0,Unknown
2373,VERDUN HOUSE,1.309687274407523,103.8561295531175,17.0,Kallang
2374,VERDURE,1.309238919,103.8064902565344,12.0,Tanglin
2375,VERSAILLES,1.311677424701159,103.8905239,5.0,Geylang
2376,VERSILIA ON HAIG,1.312245510801034,103.8960234088209,0.0,Geylang
2377,VERTICUS,1.326356381324324,103.8506601621883,10.0,Novena
2378,VERTIS,1.301307759796628,103.9001013714522,11.0,Marine Parade
2379,VETRO,1.327518847561765,103.8625648984806,10.0,Kallang
2380,VIBES @ EAST COAST,1.309482763185296,103.9117201159735,11.0,Bedok
2381,VIBES @ KOVAN,1.354825114734672,103.8776031758136,10.0,Hougang
2382,VIBES@UPPER SERANGOON,1.344818258477222,103.8712387396101,10.0,Serangoon
2383,VICENTA LODGE,1.320538832601832,103.9094480288038,6.0,Bedok
2384,VICTORY 8,1.441840706743581,103.8236932,0.0,Unknown
2385,VICTORY HEIGHTS,1.324416240177272,103.8526034755901,10.0,Novena
2386,VICTORY POINT,1.322431209285812,103.8524888749612,10.0,Novena
2387,VIDA,1.308685514903428,103.8390813905003,12.0,Newton
2388,VIENTO,1.312211045,103.8865204669312,12.0,Geylang
2389,VIEW AT KISMIS,1.338284891516244,103.7702135144877,14.0,Bukit Timah
2390,VIIO @ BALESTIER,1.326976934859523,103.8459033190782,0.0,Novena
2391,VILLA AZURA,1.331725212068963,103.7929907515901,12.0,Bukit Timah
2392,VILLA CHANCERITA,1.325536682455979,103.8383151403948,7.0,Novena
2393,VILLA DE WEST,1.290725291491116,103.7721144547467,4.0,Queenstown
2394,VILLA DELLE ROSE,1.310521987961941,103.8076394224099,17.0,Tanglin
2395,VILLA DES FLORES,1.324778956260528,103.8371032395452,14.0,Novena
2396,VILLA MARINA,1.311398228229085,103.9274780246914,0.0,Bedok
2397,VILLA MARTIA,1.306666654332061,103.9113984642219,11.0,Bedok
2398,VILLAEA VISTA,1.314178604221362,103.7923033416944,12.0,Bukit Timah
2399,VILLAGE @ PASIR PANJANG,1.290870741556639,103.7700665634144,13.0,Queenstown
2400,VILLAGE TOWER,1.315017459940759,103.7777994377834,16.0,Bukit Timah
2401,VILLAS LAGUNA,1.314209973742511,103.9386139206477,6.0,Bedok
2402,VILLE ROYALE,1.295989650787246,103.8412619305229,6.0,River Valley
2403,VINA LODGE,1.356938330117638,103.8765694591479,0.0,Hougang
2404,VISIONCREST,1.299107900692047,103.8427000355755,12.0,Museum
2405,VISTA PARK,1.333474038791528,103.8704904052839,14.0,Queenstown
2406,VISTA RESIDENCES,1.280823976340444,103.7907287,10.0,Novena
2407,VITRA,1.309554934604195,103.9031680969635,11.0,Marine Parade
2408,VIVA,1.315655863776376,103.8444447210949,12.0,Novena
2409,VIVA VISTA,1.279803223149736,103.7859096032793,13.0,Queenstown
2410,VIVACE,1.292944883912145,103.8407021,12.0,River Valley
2411,VIZ AT HOLLAND,1.308440903461166,103.8019294383731,0.0,Bukit Timah
2412,VOGX,1.313876658776173,103.8504506166579,11.0,Kallang
2413,VOLARI,1.314890276445959,103.8329281417241,12.0,Newton
2414,VUE 8 RESIDENCE,1.381106596617948,103.9404530953311,8.0,Pasir Ris
2415,WAI WING CENTRE,1.326225553475981,103.8470005985336,8.0,Novena
2416,WALLICH RESIDENCE,1.277117360003171,103.8457901522148,13.0,Downtown Core
2417,WAN THO LODGE,1.333162552808773,103.8709487872684,33.0,Toa Payoh
2418,WANG LODGE,1.311329693454742,103.8760283524193,4.0,Geylang
2419,WARNER COURT,1.309963932148409,103.7963306839772,14.0,Bukit Timah
2420,WATER PLACE,1.296704888989042,103.8724504,0.0,Kallang
2421,WATERBANK AT DAKOTA,1.306658159962222,103.8880879,12.0,Geylang
2422,WATERCREST,1.377762718,103.9573808212988,6.0,Pasir Ris
2423,WATERFALL GARDENS,1.312157744862827,103.8046155639134,13.0,Tanglin
2424,WATERFORD RESIDENCE,1.293799774111505,103.8394220926965,0.0,River Valley
2425,WATERFRONT @ FABER,1.323496087588946,103.7553593950528,13.0,Clementi
2426,WATERFRONT GOLD,1.338566472958639,103.9285281573949,13.0,Bedok
2427,WATERFRONT ISLE,1.337520378777903,103.9278209196533,13.0,Bedok
2428,WATERFRONT KEY,1.337809213298039,103.9309575483609,13.0,Bedok
2429,WATERFRONT WAVES,1.337735553323532,103.9296547338315,13.0,Bedok
2430,WATERLOO VIEW,1.300763783567858,103.8527198174741,24.0,Rochor
2431,WATERMARK ROBERTSON QUAY,1.290372994354445,103.8380111677591,12.0,Singapore River
2432,WATERSCAPE AT CAVENAGH,1.303955778,103.840804,12.0,Newton
2433,WATERTOWN,1.406452002698553,103.9026608346332,10.0,Punggol
2434,WATERVIEW,1.347937244743443,103.9262726323475,8.0,Tampines
2435,WATTEN ESTATE,1.326110060623916,103.8092493197414,12.0,Bukit Timah
2436,WATTEN HILL,1.330112722381145,103.8095746965407,20.0,Bukit Timah
2437,WEMBLY RESIDENCES,1.356563757143255,103.8764497339577,10.0,Hougang
2438,WEST BAY CONDOMINIUM,1.299199856702474,103.7653882521929,5.0,Clementi
2439,WEST COAST GARDENS,1.313580896010531,103.7583857060841,23.0,Clementi
2440,WEST COAST PLAZA,1.303697489711002,103.7661312946774,13.0,Unknown
2441,WEST PARK REGENCY,1.290051978365677,103.7766294756689,3.0,Queenstown
2442,WEST SEA GARDENS,1.274691157938384,103.7949506725158,13.0,Queenstown
2443,WEST-N,1.282247016218981,103.7834535627716,13.0,Queenstown
2444,WESTCOVE CONDOMINIUM,1.297520894805002,103.7663316874607,1.0,Clementi
2445,WESTPEAK,1.309056577167957,103.7613022551828,13.0,Clementi
2446,WESTPOINT CONDOMINIUM,1.276511088499029,103.7934050761853,13.0,Unknown
2447,WHARTON VALE,1.301988740541134,103.8483310979498,12.0,Rochor
2448,WHISTLER GRAND,1.319681941800398,103.7537806245563,13.0,Clementi
2449,WHITE HOUSE PARK APARTMENTS,1.317155866565661,103.8223780251773,12.0,Unknown
2450,WHITE HOUSE RESIDENCES,1.317925362595229,103.8251795652685,0.0,Tanglin
2451,WHITEHAVEN,1.289568367967912,103.7773814791206,13.0,Queenstown
2452,WHITESCAPE,1.310436433921224,103.9155575139079,11.0,Bedok
2453,WILKIE 48,1.302521032158566,103.8483682116371,1.0,Rochor
2454,WILKIE 80,1.303135865872217,103.8477356369222,12.0,Rochor
2455,WILKIE 87,1.303096768047732,103.8469020225185,0.0,Rochor
2456,WILKIE APARTMENTS,1.302255019295519,103.8478540377883,9.0,Rochor
2457,WILKIE COURT,1.303240129818576,103.8467734070065,8.0,Rochor
2458,WILKIE MANSION,1.302980483426694,103.8470736885736,19.0,Rochor
2459,WILKIE REGENCY,1.302678725822586,103.8493080903188,0.0,Rochor
2460,WILKIE STUDIO,1.303438443,103.8476115052637,12.0,Rochor
2461,WILKIE VALE,1.302611552378159,103.8480440455342,0.0,Rochor
2462,WILLYN VILLE,1.311861011,103.7964588825422,17.0,Bukit Timah
2463,WILMER HOUSE,1.296486329769517,103.8355261285861,12.0,Unknown
2464,WILSHIRE RESIDENCES,1.313061612733806,103.8046476,12.0,Tanglin
2465,WINDERMERE,1.397748271634609,103.7515807058938,0.0,Choa Chu Kang
2466,WINDY HEIGHTS,1.326565430197047,103.9097656,16.0,Bedok
2467,WING FONG BUILDING,1.308886414487741,103.8772688258319,12.0,Geylang
2468,WING FONG COURT,1.311734622549041,103.8788152,12.0,Geylang
2469,WING FONG MANSIONS,1.310575520744865,103.8790789337521,2.0,Geylang
2470,WING ON LIFE GARDEN,1.317497331006111,103.8316241316568,17.0,Tanglin
2471,WINSLAND HOUSE II,1.299540557535428,103.8409311019623,12.0,Unknown
2472,WISMA M.T.F.A.,1.310803396043569,103.8532369833871,11.0,Unknown
2473,WOO MON CHEW COURT,1.314311261516183,103.9289726803307,11.0,Bedok
2474,WOODGROVE CONDOMINIUM,1.429004646022295,103.7823694181999,0.0,Woodlands
2475,WOODHAVEN,1.430573749494463,103.7841073713203,7.0,Woodlands
2476,WOODSVILLE 28,1.330035979468098,103.8683521366541,19.0,Toa Payoh
2477,WOODSVILLE MANSIONS,1.329206172491898,103.8681212375913,12.0,Toa Payoh
2478,WOOLLERTON PARK,1.318600565314316,103.8096116313666,12.0,Tanglin
2479,WORTHINGTON,1.312829782341399,103.8959106988557,0.0,Geylang
2480,YELEY BUILDING,1.353366860231996,103.8780631,2.0,Hougang
2481,YEW LIAN PARK,1.350966600290743,103.8351825658466,32.0,Bishan
2482,YEW MEI GREEN,1.395387334375946,103.7506008575972,0.0,Choa Chu Kang
2483,YEWTEE RESIDENCES,1.397297760028957,103.7465249869248,11.0,Choa Chu Kang
2484,YGK GARDEN,1.312787416807296,103.7993626886341,12.0,Bukit Timah
2485,YIKAI COURT,1.348101235171933,103.8799774760025,6.0,Serangoon
2486,YINCHUAN BUILDING,1.314094253273655,103.8858613701791,11.0,Geylang
2487,YISHUN EMERALD,1.440113714916609,103.8312740599736,0.0,Yishun
2488,YISHUN SAPPHIRE,1.440765277209178,103.8304954610966,0.0,Yishun
2489,YONG AN PARK,1.294717872227739,103.8342020634201,13.0,River Valley
2490,YONG SENG ESTATE,1.326651475934763,103.9157222888874,12.0,Bedok
2491,YONG SIAK COURT,1.282635885829966,103.8301863279095,12.0,Bukit Merah
2492,YONG SIAK VIEW,1.282732915065536,103.8301146145689,12.0,Bukit Merah
2493,ZAMAN CENTRE,1.310227898241589,103.8537777222637,11.0,Unknown
2494,ZEDGE,1.322421724075225,103.8481720327965,12.0,Novena
2495,ZENITH,1.292636800363054,103.8305680787023,12.0,Tanglin
2496,ZYANYA,1.313921030720165,103.8832763573971,12.0,Geylang
