project_id,project_name,latitude,longitude,condo_age_at_transaction,Planning Area
0,# 1 LOFT,1.312763464052447,103.8835188756168,9.0,Geylang
1,# 1 SUITES,1.312390293251894,103.8815041,9.0,Geylang
2,1 KING ALBERT PARK,1.336573517596939,103.7802972559812,12.0,Bukit Timah
3,1 MOULMEIN RISE,1.319086369978965,103.8470535801686,0.0,Novena
4,10 EVELYN,1.316154918303991,103.8405338483133,10.0,Novena
5,10 SHELFORD,1.325808254,103.8125169194671,10.0,Bukit Timah
6,11 AMBER ROAD,1.299053945483162,103.8994169435621,0.0,Marine Parade
7,111 EMERALD HILL,1.305059009213142,103.8392358068693,11.0,Newton
8,120 GRANGE,1.299979099303527,103.8255228144921,10.0,River Valley
9,15 HOLLAND HILL,1.309649562838779,103.8008705143678,10.0,Bukit Timah
10,16 @ AMBER,1.299652269365899,103.8988292319782,8.0,Marine Parade
11,18 SHELFORD,1.327319525586174,103.8128317707781,10.0,Bukit Timah
12,18 WOODSVILLE,1.329580442121071,103.8681883272707,16.0,Toa Payoh
13,183 LONGHAUS,1.350960635931634,103.8355035425116,11.0,Bishan
14,19 NASSIM,1.306563464,103.8213284335998,10.0,Tanglin
15,1919,1.302776123663863,103.8465709767909,11.0,Rochor
16,1953,1.316477524004925,103.8577508499221,9.0,Kallang
17,2 RVG,1.296449956841002,103.8344395352857,11.0,River Valley
18,21 RICHARDS,1.361880873782779,103.8813983488668,8.0,Hougang
19,21 SHELFORD,1.327400198844696,103.8122567737975,0.0,Bukit Timah
20,24 ONE RESIDENCES,1.280181197806997,103.7848247373462,11.0,Queenstown
21,26 NEWTON,1.315692816472407,103.8416154564453,10.0,Novena
22,28 IMPERIAL RESIDENCES,1.311780119269029,103.8846057701061,9.0,Geylang
23,28 RC SUITES,1.309981792134702,103.8529520054614,9.0,Rochor
24,28 SHELFORD,1.329304902,103.8119992,1.0,Bukit Timah
25,283 STUDIO,1.295704105159305,103.8398117528082,11.0,River Valley
26,3 CUSCADEN,1.303933319307066,103.8293881615773,10.0,River Valley
27,33 RESIDENCES,1.311980835282835,103.8865326769039,9.0,Geylang
28,336 RIVER VALLEY,1.296109706576531,103.8385064573827,11.0,River Valley
29,35 GILSTEAD,1.317110239047437,103.8379568447488,10.0,Novena
30,368 THOMSON,1.327091331647113,103.8419785737449,10.0,Novena
31,38 I SUITES,1.311693081563968,103.8963067,8.0,Geylang
32,38 JERVOIS,1.294094464980632,103.8227155548514,10.0,Tanglin
33,3@PHILLIPS,1.363375393299385,103.8745311233204,8.0,Hougang
34,448@EAST COAST,1.308824336109033,103.9134499914823,8.0,Bedok
35,57 @ KOVAN,1.357342857239746,103.8805188885172,8.0,Hougang
36,6 DERBYSHIRE,1.315681725511559,103.8458804173756,10.0,Novena
37,70@TRURO,1.314914092,103.8490899,9.0,Kallang
38,76 SHENTON,1.273466113485299,103.8455807925103,10.0,Downtown Core
39,77 @ EAST COAST,1.313363564897976,103.9273943213927,8.0,Bedok
40,8 @ MOUNT SOPHIA,1.302085985157081,103.8493668835983,11.0,Rochor
41,8 BASSEIN,1.323537480143905,103.8481082174648,10.0,Novena
42,8 EDEN GROVE,1.344773006460214,103.8723188679188,8.0,Serangoon
43,8 FARRER SUITES,1.314989574352803,103.8547092379093,9.0,Kallang
44,8 HULLET,1.303010940489705,103.8387183224815,11.0,Newton
45,8 NAPIER,1.306910371,103.8206826995249,10.0,Tanglin
46,8 RAJA,1.327241412172905,103.8425397137529,0.0,Novena
47,8 RODYK,1.290210504219286,103.8375618214798,11.0,Singapore River
48,8 SAINT THOMAS,1.296143479772473,103.8362924540365,0.0,River Valley
49,833 M B RESIDENCES,1.302632811812162,103.8983979804421,8.0,Marine Parade
50,8@BT,,,12.0,Unknown
51,8@WOODLEIGH,1.335917964631366,103.8696887006684,16.0,Toa Payoh
52,8M RESIDENCES,1.299289488871622,103.8886934850525,8.0,Marine Parade
53,91 MARSHALL,1.306531823987131,103.9009869856433,8.0,Marine Parade
54,A TREASURE TROVE,1.406043828788483,103.8993797465771,8.0,Punggol
55,AALTO,1.298724142,103.897227,8.0,Marine Parade
56,ADAM PARK CONDOMINIUM,1.327843271234074,103.8133143350866,0.0,Bukit Timah
57,ADAM PLACE,1.325222897537494,103.8130215626287,3.0,Bukit Timah
58,ADANA @ THOMSON,1.369557149179187,103.8276579605288,11.0,Ang Mo Kio
59,ADRIA,1.316446354954906,103.8462585518234,10.0,Novena
60,AFFINITY AT SERANGOON,1.366323266425455,103.8740539009689,8.0,Serangoon
61,AFFLUENCE COURT,1.350149929732728,103.8830623396093,5.0,Hougang
62,AIRSTREAM,1.327326614390157,103.8640356,8.0,Kallang
63,ALBA,1.307415352400871,103.8397173101394,11.0,Newton
64,ALEGRIA,1.324303006058385,103.8410180688427,0.0,Novena
65,ALESSANDREA,1.290505663,103.8225873414022,0.0,Bukit Merah
66,ALEX RESIDENCES,1.290569996815877,103.8190007817279,10.0,Bukit Merah
67,ALEXANDRA CENTRE,1.291639130778865,103.8124689,15.0,Queenstown
68,ALEXIS,1.291303792434754,103.8073509780536,10.0,Queenstown
69,ALLSWORTH PARK,1.319876646565663,103.7811304,10.0,Bukit Timah
70,ALPHA APARTMENTS,1.311838079637791,103.9054032431691,0.0,Marine Parade
71,ALTEZ,1.274617941038219,103.8443195536877,10.0,Downtown Core
72,AMANINDA,1.324624905,103.8413415123316,0.0,Novena
73,AMARANDA GARDENS,1.349374344597028,103.8663871207831,0.0,Serangoon
74,AMARYLLIS VILLE,1.314717530385139,103.8414285226247,0.0,Novena
75,AMBER 45,1.302349978931127,103.9012679007679,8.0,Marine Parade
76,AMBER APARTMENTS,,,8.0,Unknown
77,AMBER HOUSE,,,8.0,Unknown
78,AMBER PARK,1.300473373040062,103.8999123585504,8.0,Marine Parade
79,AMBER POINT,1.298861319,103.8985229,4.0,Marine Parade
80,AMBER RESIDENCES,1.301256235372565,103.9008260879491,8.0,Marine Parade
81,AMBER SKYE,1.299629789819179,103.8981143443826,8.0,Marine Parade
82,AMO RESIDENCE,,,11.0,Unknown
83,AMPAS APARTMENTS,1.326194872444459,103.8510667854546,5.0,Novena
84,ANDERSON 18,1.310839453620271,103.8283253674611,3.0,Newton
85,ANGULLIA PARK RESIDENCES @ ORCHARD,1.303613915658266,103.8292421569812,10.0,River Valley
86,ANGULLIA VIEW,1.302517161295541,103.8294692507915,11.0,River Valley
87,APLETON VIEW,1.319069723903276,103.8461014710003,0.0,Novena
88,APOLLO GARDENS,1.338143304,103.9578464246772,11.0,Tampines
89,AQUARINE GARDENS,1.313507900033361,103.9281489233037,0.0,Bedok
90,AQUARIUS BY THE PARK,1.337813100739841,103.9356797221672,0.0,Bedok
91,AQUENE,1.314429521295677,103.9091131286857,8.0,Bedok
92,ARCHIPELAGO,1.33876815,103.9183764874466,10.0,Bedok
93,ARDMORE II,1.309801785805023,103.8275401837977,10.0,Newton
94,ARDMORE PARK,1.308436154231881,103.8285967639333,0.0,Newton
95,ARDOR RESIDENCE,,,8.0,Unknown
96,ARENA RESIDENCES,1.309676858234857,103.8806427642351,9.0,Geylang
97,ARINA EAST RESIDENCES,,,8.0,Unknown
98,ARTHUR 118,1.298817,103.8878728440824,8.0,Marine Parade
99,ARTHUR MANSIONS,1.298901538626466,103.8871515994367,2.0,Marine Parade
100,ARTISAN 8,,,11.0,Unknown
101,ARTRA,1.290030670539985,103.8171852739029,10.0,Bukit Merah
102,ASCENT @ 456,1.326573607909094,103.8483599,8.0,Novena
103,ASCENTIA SKY,1.290944732,103.8170001152579,10.0,Bukit Merah
104,ASPEN HEIGHTS,1.294258882787204,103.8408006,0.0,River Valley
105,ASPEN LINQ,1.295341579934305,103.8398443856827,11.0,River Valley
106,ASPEN LOFT,1.314902235561334,103.9047096,0.0,Geylang
107,ASTON LODGE,1.310130611068882,103.8770754119741,0.0,Geylang
108,ASTON MANSIONS,1.314311280297301,103.8907140833227,0.0,Geylang
109,ASTOR,1.328795932673737,103.9129636481272,9.0,Bedok
110,ASTOR GREEN,1.317433758831881,103.7767762,0.0,Bukit Timah
111,ASTORIA PARK,1.321143279319158,103.9118083378522,0.0,Bedok
112,ASTRID MEADOWS,1.318474157409717,103.7942927390981,5.0,Bukit Timah
113,ASTRIDVILLE,1.321327213,103.7941166188355,10.0,Bukit Timah
114,ATLASSIA,1.313276577314713,103.9009822,8.0,Geylang
115,ATRIUM RESIDENCES,1.313041135794685,103.8857132,9.0,Geylang
116,ATTITUDE AT KIM YAM,1.295513959242415,103.8389078668437,11.0,River Valley
117,AURA 83,1.310967647021881,103.9062667,8.0,Marine Parade
118,AURALIS,1.310025521471633,103.9160285909917,8.0,Bedok
119,AUREA,,,13.0,Unknown
120,AVA TOWERS,1.322225301869553,103.8517748650786,2.0,Novena
121,AVALON,1.312971205007886,103.8281022081375,0.0,Tanglin
122,AVANT RESIDENCES,1.313535359875808,103.8823628705753,0.0,Geylang
123,AVENUE PARK,1.332132729186863,103.7928954716219,12.0,Bukit Timah
124,AVENUE SOUTH RESIDENCE,1.276390119272137,103.8302713301703,10.0,Bukit Merah
125,AVILA GARDENS,1.360157643342418,103.9651652241909,8.0,Pasir Ris
126,AVON PARK,1.339245606422129,103.8697700608449,4.0,Toa Payoh
127,AXIS @ SIGLAP,1.311864084505838,103.9238263244561,8.0,Bedok
128,AZALEA PARK CONDOMINIUM,1.360736215664109,103.9632993965588,8.0,Pasir Ris
129,BAGNALL HAUS,,,10.0,Unknown
130,BALCON EAST,1.314743267658847,103.9423024,10.0,Bedok
131,BALESTIER 288,1.322976981215703,103.8528113545471,0.0,Novena
132,BALESTIER MANSION,,,8.0,Unknown
133,BALESTIER PLAZA,1.325724725570928,103.8503953740249,12.0,Novena
134,BALESTIER POINT,1.322811937287382,103.8520262742004,9.0,Novena
135,BALESTIER REGENCY,1.325323601618509,103.8517764390377,5.0,Novena
136,BALLOTA PARK CONDOMINIUM,1.358877991203415,103.9685244387701,8.0,Pasir Ris
137,BALMORAL 8,1.314516927460767,103.8322069,10.0,Newton
138,BALMORAL CONDOMINIUM,1.314989877770304,103.8292938202227,3.0,Newton
139,BALMORAL CREST,1.315856289574712,103.8340099738516,0.0,Newton
140,BALMORAL GATE,1.317114985577519,103.8343509715969,1.0,Tanglin
141,BALMORAL GREEN,,,10.0,Unknown
142,BALMORAL HEIGHTS,1.315062622182419,103.8347412023629,0.0,Newton
143,BALMORAL HILLS,1.316163967189246,103.8277634256948,10.0,Tanglin
144,BALMORAL PARK,,,10.0,Unknown
145,BALMORAL PLAZA,1.316439630083602,103.8354875844331,1.0,Newton
146,BALMORAL POINT,1.316439545884585,103.8331838354731,21.0,Tanglin
147,BALMORAL RESIDENCES,1.315318262290377,103.8350526835146,0.0,Newton
148,BALMORAL TOWER,1.316657065846615,103.8336405313133,12.0,Tanglin
149,BALMY COURT,1.314158351344347,103.8849495778525,0.0,Geylang
150,BAN GUAN PARK,1.321838376140686,103.7835941,8.0,Bukit Timah
151,BANYAN CONDOMINIUM,1.278465304995431,103.7888298202862,0.0,Queenstown
152,BAODE BUILDING,1.315194010120752,103.8887249799976,4.0,Geylang
153,BARTLEY GROVE,1.344338357297786,103.8722352381271,19.0,Serangoon
154,BARTLEY RESIDENCES,1.343408864027569,103.8810335042809,8.0,Serangoon
155,BARTLEY RIDGE,1.340990766517836,103.8808498201716,16.0,Toa Payoh
156,BARTLEY TERRACE,1.345538051434704,103.8725876,6.0,Serangoon
157,BARTLEY VUE,,,8.0,Unknown
158,BASSEIN COURT,1.322765608822254,103.8482485000308,2.0,Novena
159,BAYOU RESIDENCE,1.346332029338209,103.8802406703764,8.0,Serangoon
160,BAYSHORE PARK,1.310771932969758,103.9379779,9.0,Bedok
161,BAYVILLE CONDOMINIUM,1.281158607815575,103.7877599736331,11.0,Queenstown
162,BAYWATER,1.337507991932025,103.9326748651846,10.0,Bedok
163,BAYWIND RESIDENCES,1.310946853884022,103.9157333079183,8.0,Bedok
164,BEACON HEIGHTS,1.326375086466797,103.8621423702997,8.0,Kallang
165,BEAUFORT ON NASSIM,1.308569354970583,103.8247384838634,0.0,Tanglin
166,BEAUTY WORLD CENTRE,1.342412641886426,103.7765393854061,12.0,Bukit Timah
167,BEAUTY WORLD PLAZA,1.341800186,103.7762593598538,13.0,Bukit Timah
168,BEAVERTON COURT,1.316079982592646,103.7760882242737,11.0,Bukit Timah
169,BEDOK COURT,1.322266596608957,103.9446693210782,10.0,Bedok
170,BEDOK RESIDENCES,1.324987776746408,103.9286123663122,10.0,Bedok
171,BEDOK SHOPPING COMPLEX,1.331889591858288,103.9483321828313,18.0,Bedok
172,BELLA CASITA,1.311842214779582,103.8947847704213,8.0,Geylang
173,BELLA VISTA,1.344129549245066,103.8703269,16.0,Serangoon
174,BELLE VUE,1.296595788995069,103.8423938728278,9.0,River Valley
175,BELLE VUE RESIDENCES,1.296595788995069,103.8423938728278,11.0,River Valley
176,BELLERIVE,1.316986700639184,103.8305470147078,0.0,Tanglin
177,BELLEZZA @ KATONG,1.306905980085311,103.9020767056161,8.0,Marine Parade
178,BELMOND GREEN,1.315212353871985,103.831989,0.0,Tanglin
179,BELMONDO VIEW,1.323262808530086,103.8512156037168,0.0,Novena
180,BENDIGO GARDENS,1.312854388600883,103.9055619778041,11.0,Geylang
181,BERKELEY RESIDENCES,1.309619016545306,103.9092581687129,8.0,Bedok
182,BETA GROVE,1.313158001165546,103.9112072355474,5.0,Bedok
183,BIJOU,1.276853863793598,103.7917421717843,11.0,Queenstown
184,BINJAI PARK,1.335857561284717,103.7865528569786,9.0,Bukit Timah
185,BIRCHWOOD MANSIONS,1.325946872319973,103.8508394793068,5.0,Novena
186,BIRMINGHAM MANSIONS,1.317732620431604,103.8449092112955,10.0,Novena
187,BISHAN 8,1.349180338466708,103.8467025723217,0.0,Bishan
188,BISHAN PARK CONDOMINIUM,1.365534387538372,103.8318939,1.0,Bishan
189,BISHAN POINT,1.359659384785255,103.8326919669199,0.0,Bishan
190,BLAIR PLAIN CONSERVATION AREA,1.276390957373343,103.8366694245864,10.0,Bukit Merah
191,BLEU @ EAST COAST,1.315794917027143,103.9448404733138,10.0,Bedok
192,BLISS LOFT,1.323229455106966,103.8529292613033,8.0,Novena
193,BLISS REGALIA,1.316212739578025,103.8541959998338,9.0,Kallang
194,BLISS RESIDENCES,1.320128798568964,103.9121277292395,9.0,Bedok
195,BLISS VILLE,1.323747156191182,103.9091351227675,9.0,Bedok
196,BLISS@KOVAN,1.362550232906775,103.8835517917785,8.0,Hougang
197,BLOOMSBURY RESIDENCES,,,11.0,Unknown
198,BLOSSOM VIEW,1.311647734845246,103.8850599301044,9.0,Geylang
199,BLOSSOMS @ WOODLEIGH,1.336413574622816,103.8685717,16.0,Toa Payoh
200,BLOSSOMS BY THE PARK,,,11.0,Unknown
201,BLU CORAL,1.312692864,103.9144193041195,8.0,Bedok
202,BLUE HORIZON,1.296951000139866,103.7654361402117,0.0,Clementi
203,BLUWATERS,1.379760599917817,103.9630778525916,8.0,Pasir Ris
204,BLUWATERS 2,1.380050795803156,103.9639001447296,8.0,Pasir Ris
205,BOATHOUSE RESIDENCES,1.375775318791346,103.9025612783982,8.0,Hougang
206,BOON COURT,1.315376581114765,103.9054629479539,19.0,Geylang
207,BOON SING BUILDING,,,13.0,Unknown
208,BOON TECK APARTMENTS,1.327186487161616,103.8506484684414,5.0,Novena
209,BOON TECK TOWER,1.327718504930355,103.8503278,11.0,Novena
210,BOONVIEW,1.351665191623433,103.8415539940093,0.0,Bishan
211,BOTANIC GARDENS MANSION,1.307838508119173,103.8191472440272,25.0,Tanglin
212,BOTANIC GARDENS VIEW,1.308776033744167,103.8187804839908,25.0,Tanglin
213,BOTANIKA,1.309843134803629,103.8081369654616,10.0,Tanglin
214,BOTANIQUE AT BARTLEY,1.342861990045771,103.8826064748899,8.0,Serangoon
215,BOTANNIA,1.318071300857288,103.7544729,11.0,Clementi
216,BOUGAINVILLA APARTMENTS,1.313452868909552,103.8794584016942,9.0,Geylang
217,BOWMONT CENTRE,1.315656253916772,103.9192457361072,0.0,Bedok
218,BRADDELL PARK,1.346805827,103.8649564,12.0,Serangoon
219,BRADDELL VIEW,1.341692433274475,103.8420461332407,17.0,Toa Payoh
220,BREEZE BY THE EAST,1.314137574362908,103.9377424774057,10.0,Bedok
221,BREEZY MANSIONS,1.362241503379965,103.8780147,0.0,Hougang
222,BRIGHTON VIEW,1.360510713354711,103.8729474087014,10.0,Serangoon
223,BRISTOL LODGE,1.313676341019117,103.8495092707903,2.0,Kallang
224,BUCKLEY 18,1.318295621437962,103.8410633,10.0,Novena
225,BUCKLEY CLASSIQUE,1.317856828018878,103.8400481413774,10.0,Novena
226,BUCKLEY RESIDENCE,1.317200270509671,103.8405328923347,0.0,Novena
227,BUKIT 828,1.373835917358969,103.7631247647649,9.0,Bukit Panjang
228,BUKIT REGENCY,1.347134740668533,103.7709393769889,0.0,Bukit Timah
229,BUKIT TIMAH MANSIONS,1.317478128955183,103.8332826691635,11.0,Tanglin
230,BULLION PARK,1.390736240304626,103.8370366934676,2.0,Ang Mo Kio
231,BUONA LODGE,1.281686596072723,103.7867231379857,3.0,Queenstown
232,BUONA VISTA GARDENS,1.282517083,103.7869104253765,6.0,Queenstown
233,BURLINGTON SQUARE,1.302243270743033,103.8527002149894,0.0,Rochor
234,BUTTERWORTH 33,1.312794895554212,103.8956637723679,8.0,Geylang
235,BUTTERWORTH 8,1.312122377278122,103.8946635694021,0.0,Geylang
236,BUTTERWORTH VIEW,1.31271778,103.8952716761703,0.0,Geylang
237,CADENCE LIGHT,1.312451777061744,103.9110151325435,8.0,Bedok
238,CAIRNHILL 16,1.308510308403468,103.8379724494127,11.0,Newton
239,CAIRNHILL ASTORIA,1.306929885605985,103.8397161505838,12.0,Newton
240,CAIRNHILL CREST,1.305578298348788,103.8381407686255,0.0,Newton
241,CAIRNHILL HEIGHTS,1.307525584273304,103.8364878902577,10.0,Newton
242,CAIRNHILL NINE,1.303486854249721,103.8374443875817,11.0,Orchard
243,CAIRNHILL PLAZA,1.306162225016184,103.8369945378017,17.0,Newton
244,CAIRNHILL RESIDENCES,1.308031268,103.8361831072844,11.0,Newton
245,CALARASI,1.323773061,103.8543632341135,0.0,Novena
246,CALIN MANSIONS,1.315524963718822,103.8879754691338,3.0,Geylang
247,CALLIDORA VILLE,1.309723215851226,103.9097080403497,8.0,Bedok
248,CAMBIO SUITES,1.355210151623143,103.8764588299559,8.0,Serangoon
249,CAMBRIDGE VILLAGE,1.313194528037233,103.8474459512422,12.0,Kallang
250,CAMELLIA LODGE,1.315355370448744,103.8865358879312,0.0,Geylang
251,CAMELODGE,1.313169525952437,103.9293060817198,0.0,Bedok
252,CAMELOT BY-THE-WATER,1.297407538078527,103.8754381466352,0.0,Kallang
253,CANAAN,,,9.0,Unknown
254,CANARY VILLE,1.314630664,103.9144449475287,0.0,Bedok
255,CANBERLIN APARTMENTS,1.310684449139915,103.8798347054715,0.0,Geylang
256,CANBERLIN LODGE,1.309446408972717,103.8769288961978,0.0,Geylang
257,CANBERRA CRESCENT RESIDENCES,,,8.0,Unknown
258,CANBERRA RESIDENCES,1.444479549448527,103.8254373248439,8.0,Sembawang
259,CANDEVILLE,1.310947667184227,103.9106398657167,1.0,Bedok
260,CANNAVILLE,1.309112821414018,103.9054365520407,2.0,Marine Parade
261,CANNE LODGE,1.314174851250088,103.8732782396914,0.0,Kallang
262,CANNINGHILL PIERS,,,2.0,Unknown
263,CANTIZ @ RAMBAI,1.310888892316654,103.9058692554328,8.0,Marine Parade
264,CAPE ROYALE,1.241856114061232,103.8395857045683,0.0,Southern Islands
265,CARABELLE,1.317243279569825,103.7559782,11.0,Clementi
266,CARDIFF RESIDENCE,1.355172365,103.8664471071408,8.0,Serangoon
267,CARIBBEAN AT KEPPEL BAY,1.267470198,103.8155429913737,0.0,Bukit Merah
268,CARISSA PARK CONDOMINIUM,1.359171214,103.9636315161682,0.0,Pasir Ris
269,CARLISLE COURT,1.313392655165911,103.8481445900582,9.0,Kallang
270,CARLYX GREEN,1.313180918154042,103.8478058164169,0.0,Kallang
271,CARLYX RESIDENCE,1.313268619946088,103.8479556630974,9.0,Kallang
272,CARMI MANSIONS,1.315724970445722,103.8880375,3.0,Geylang
273,CARPMAEL THIRTY-EIGHT,1.313157201027962,103.8978037,8.0,Geylang
274,CASA AERATA,1.312323937943784,103.8850330904986,9.0,Geylang
275,CASA AL MARE,1.377856296,103.9570896199723,8.0,Pasir Ris
276,CASA AROMA,1.313682354795638,103.9061550728808,0.0,Geylang
277,CASA CAIRNHILL,1.308107931744438,103.8395460628818,4.0,Newton
278,CASA CAMBIO,1.353688230400228,103.8764446159033,8.0,Serangoon
279,CASA EMERALD,1.312126847915035,103.8872202211173,9.0,Geylang
280,CASA ESPANIA,1.344858549837706,103.8751007785862,4.0,Serangoon
281,CASA ESPERANZA,1.334908896383512,103.7834521180897,3.0,Bukit Timah
282,CASA FELIZ,1.312090527743508,103.9043763,5.0,Geylang
283,CASA FLORA,1.321445179,103.9503075974038,8.0,Bedok
284,CASA FORTUNA,1.328493588474664,103.8481694019554,8.0,Novena
285,CASA IRRAWADDY,1.324937124135467,103.8460689,8.0,Novena
286,CASA JERVOIS,1.294735536047428,103.8189893377708,10.0,Tanglin
287,CASA MERAH,1.329742066321526,103.9456704242307,10.0,Bedok
288,CASA MEYA,1.330890087454209,103.8668966507798,16.0,Toa Payoh
289,CASA NOVACREST,1.309148886020496,103.8380103178528,0.0,Newton
290,CASA PASIR RIS,1.379391951879978,103.9636877453096,0.0,Pasir Ris
291,CASA RIVIERA,1.354855196926196,103.8757605685468,0.0,Serangoon
292,CASA ROSA,1.346235403841609,103.8796434621999,8.0,Serangoon
293,CASA ROSITA,1.315012069054265,103.8361682023528,10.0,Newton
294,CASA SARINA,1.320189672209149,103.9068659282692,0.0,Bedok
295,CASABELLA,1.324144770429589,103.7998252745474,0.0,Bukit Timah
296,CASABLANCA,1.430515580928358,103.7855301042691,0.0,Woodlands
297,CASAFINA,1.316681943,103.9338780748914,0.0,Bedok
298,CASCADALE,1.345525482014229,103.9632693254221,1.0,Tampines
299,CASCATA,1.328402035224417,103.9086063,0.0,Bedok
300,CASERO @ DUNMAN,1.309713795421653,103.8938136934917,8.0,Geylang
301,CASHEW PARK CONDOMINIUM,1.370630585534802,103.7675117,12.0,Bukit Panjang
302,CASPIAN,1.342657401585821,103.7181747627214,8.0,Jurong West
303,CASSIA EDGE,1.311574249125497,103.8858281181656,9.0,Geylang
304,CASSIA VIEW,1.311032761122312,103.8866301408137,0.0,Geylang
305,CASTLE GREEN,1.385835340984651,103.8415708,0.0,Ang Mo Kio
306,CASTLE LOFT,1.314046663791641,103.9146707351047,0.0,Bedok
307,CASUARINA COVE,1.297514305659745,103.8745144798091,0.0,Kallang
308,CAVAN SUITES,1.310998559309964,103.8611551867033,9.0,Kallang
309,CAVENAGH COURT,1.309908607337185,103.8431506526587,11.0,Newton
310,CAVENAGH GARDENS,1.304746037670801,103.8408776443239,11.0,Newton
311,CAVENAGH HOUSE,1.307902702423274,103.8406357501485,11.0,Newton
312,CAVENDISH PARK,1.316695863934347,103.7759944039796,12.0,Bukit Timah
313,CELADON VIEW,1.378349857063732,103.9565913518801,0.0,Pasir Ris
314,CELESTIA,1.314673160918132,103.904415,8.0,Geylang
315,CENTENNIA SUITES,1.292933919609031,103.8335900381622,11.0,Singapore River
316,CENTRA HEIGHTS,1.316293977628898,103.8865741839498,9.0,Geylang
317,CENTRA LOFT,1.314817439506251,103.8883769779863,9.0,Geylang
318,CENTRA RESIDENCE,1.312846209179009,103.8759363213321,9.0,Geylang
319,CENTRA STUDIOS,1.314440001484359,103.8823240031578,9.0,Geylang
320,CENTRA SUITES,1.314651667818574,103.8832881494268,9.0,Geylang
321,CENTRAL GREEN CONDOMINIUM,1.285312017949594,103.8282193562218,0.0,Bukit Merah
322,CENTRAL GROVE,1.315810127063078,103.8844739243892,0.0,Geylang
323,CENTRAL IMPERIAL,1.311942667813461,103.8792139709635,9.0,Geylang
324,CENTRAL MEADOWS,1.312258259328576,103.8881617905348,0.0,Geylang
325,CENTRAL VIEW,1.353137746570523,103.8785255378499,0.0,Hougang
326,CENTRINA,1.316092733399647,103.9016825883571,8.0,Geylang
327,CENTRO MANSIONS,1.313096334016558,103.8867547276052,0.0,Geylang
328,CENTRO RESIDENCES,1.370304303,103.8483863138867,11.0,Ang Mo Kio
329,CENTURY MANSIONS,1.357389514234169,103.7620880630209,0.0,Bukit Batok
330,CEYLON CREST,1.306323123933151,103.9029053975126,0.0,Marine Parade
331,CEYLON POINT,1.308517216359919,103.9008754798836,8.0,Marine Parade
332,CEYLON RESIDENCE,1.308997290890266,103.899835,8.0,Marine Parade
333,CHANCERY CORNER,1.317789663894509,103.8370059117684,9.0,Novena
334,CHANCERY COURT,1.317294906256875,103.8360248649274,14.0,Novena
335,CHANCERY ESQUIRE,1.317654628798308,103.8365350430049,0.0,Novena
336,CHANCERY PARK,1.318994205708122,103.8368534,4.0,Novena
337,CHANGI COMPLEX,1.341623027887823,103.9648620960843,16.0,Bedok
338,CHANGI COURT,1.342915329442883,103.9624914198671,0.0,Tampines
339,CHANGI GARDEN,1.318238847772822,103.9101203,8.0,Tampines
340,CHANGI GREEN,1.344520809,103.9626832361162,10.0,Tampines
341,CHANGI RISE CONDOMINIUM,1.34675636,103.9599239547025,0.0,Tampines
342,CHANTILLY RISE,1.359010202999056,103.7632365164967,0.0,Bukit Batok
343,CHAPEL COURT,1.305489374731468,103.9074265698656,0.0,Marine Parade
344,CHAPEL LODGE,1.308710470694247,103.9061045444625,8.0,Marine Parade
345,CHARISMA VIEW,1.344403193298167,103.7683950455958,0.0,Bukit Timah
346,CHARLESTON,1.295322494911211,103.8278186196617,10.0,Tanglin
347,CHARLTON CORNER,1.355576514720769,103.8815524863312,4.0,Hougang
348,CHARLTON GARDEN,1.355736265715234,103.8817976091709,11.0,Hougang
349,CHARMING GARDEN,1.316752343,103.8035611324191,11.0,Bukit Timah
350,CHATEAU LE FAME,1.316586221,103.8292355577224,10.0,Tanglin
351,CHATELET,1.319975458917497,103.8243043627525,2.0,Tanglin
352,CHELSEA GARDENS,1.312965409222947,103.8273576278026,0.0,Tanglin
353,CHELSEA GROVE,1.324040930930576,103.8510810000906,8.0,Novena
354,CHELSEA LODGE,1.305314494789086,103.8959380581262,0.0,Marine Parade
355,CHEN FANG MANSIONS,1.315382217559027,103.8879364814203,0.0,Geylang
356,CHERRY GARDENS,1.350028795805041,103.8787263575705,0.0,Serangoon
357,CHERRYHILL,1.350484759,103.8777433363244,1.0,Serangoon
358,CHIKU MANSIONS,1.313936036,103.9059687402808,12.0,Geylang
359,CHILTERN PARK,1.350463921006505,103.8641642145466,0.0,Serangoon
360,CHIVERTON,1.317366275401658,103.8291510064681,0.0,Tanglin
361,CHNG MANSIONS,1.298591283852746,103.8878836226295,0.0,Marine Parade
362,CHOON MOEY MANSIONS,1.315539899316467,103.8870524164565,9.0,Geylang
363,CHUAN PARK,,,8.0,Unknown
364,CHUN TIN COURT,1.342077472726966,103.7747480149314,11.0,Bukit Timah
365,CHUNG CHIN FLATS,1.308346955467954,103.9104941963715,8.0,Bedok
366,CITIGATE RESIDENCE,1.316606809405996,103.8533255778103,9.0,Kallang
367,CITY EDGE,1.319533288970716,103.8466260227796,10.0,Novena
368,CITY GATE,1.302315905045754,103.8623316610334,13.0,Kallang
369,CITY LOFT,1.315061059737596,103.8566798636438,9.0,Kallang
370,CITY PLAZA,1.314786897197704,103.8934721151185,14.0,Geylang
371,CITY REGENCY,1.326380914563499,103.8638406549694,8.0,Kallang
372,CITY SQUARE RESIDENCES,1.311105358466653,103.8574798608122,9.0,Kallang
373,CITY STUDIOS,1.310122337,103.8528147792791,9.0,Rochor
374,CITY SUITES,1.321291434290099,103.8521794561175,8.0,Novena
375,CITYLIGHTS,1.308895767326591,103.8630686034252,9.0,Kallang
376,CITYSCAPE @FARRER PARK,1.318021993877547,103.8515937066344,9.0,Kallang
377,CITYVALE,1.302045845344262,103.8481010363652,0.0,Rochor
378,CITYVISTA RESIDENCES,1.309143455929495,103.8375796611798,11.0,Newton
379,CLAREMONT,1.296123716294147,103.837597,11.0,River Valley
380,CLAVON,1.308912438037322,103.7670551358192,11.0,Clementi
381,CLAYDENCE,,,8.0,Unknown
382,CLAYMORE PLAZA,1.306814551404484,103.8316117927299,12.0,Orchard
383,CLEMENTI PARK,1.327291292410478,103.7668034012077,12.0,Clementi
384,CLEMENTIWOODS CONDOMINIUM,1.295624184084991,103.7674338304846,11.0,Clementi
385,CLIFTEN,1.317712058979294,103.8291548896711,10.0,Tanglin
386,CLIVEDEN AT GRANGE,1.299446442076108,103.8267922385446,10.0,River Valley
387,CLOVER BY THE PARK,1.359242486329976,103.8453775757039,11.0,Bishan
388,CLUNY PARK RESIDENCE,1.321936081502784,103.8138708689287,10.0,Tanglin
389,CLYDES RESIDENCE,1.317349412074783,103.8522129216003,0.0,Kallang
390,CLYDESVIEW,1.294092228227197,103.8181075858825,4.0,Tanglin
391,CLYDESWOOD,1.344402676924752,103.8662765,2.0,Serangoon
392,COASTAL BREEZE RESIDENCES,1.378167403809884,103.9572482340371,8.0,Pasir Ris
393,COASTAL VIEW RESIDENCES,1.379054821846396,103.9610977449728,8.0,Pasir Ris
394,COASTARINA,1.309559059539097,103.9183486214308,8.0,Bedok
395,COASTLINE RESIDENCES,1.299190999877004,103.8989288281873,8.0,Marine Parade
396,COCO PALMS,1.371501587,103.9453234593036,6.0,Pasir Ris
397,COMMONWEALTH TOWERS,1.295734334744147,103.8060301989734,10.0,Queenstown
398,COMPASS HEIGHTS,1.391351118982306,103.8959975345311,0.0,Sengkang
399,CONCOURSE SKYLINE,1.300266899066546,103.8618655898007,13.0,Kallang
400,CORALIS,1.304508831448443,103.9054509231037,8.0,Marine Parade
401,CORALS AT KEPPEL BAY,1.266039735643263,103.8169171916295,13.0,Bukit Merah
402,CORONA VILLE,1.322527841128057,103.7950445790488,12.0,Bukit Timah
403,CORONATION ARCADE,1.323298290766047,103.8105275741431,1.0,Bukit Timah
404,CORONATION GROVE,1.322940302674106,103.8025947,10.0,Bukit Timah
405,CORONATION SHOPPING PLAZA,1.323835121787596,103.8099995700472,16.0,Bukit Timah
406,COSMO,1.309576439971947,103.8810396209321,9.0,Geylang
407,COSTA DEL SOL,1.311994856831802,103.9402728588735,0.0,Bedok
408,COSTA ESTE,1.312282746728997,103.9095597568896,8.0,Bedok
409,COSTA RHU,1.295454954998243,103.8671496781574,0.0,Kallang
410,COSY 23,1.312577657,103.8864923426363,0.0,Geylang
411,COSY LODGE,1.315194964650526,103.8865740116098,0.0,Geylang
412,COTE D'AZUR,1.301168755723559,103.9039314290593,0.0,Marine Parade
413,COUNTRY ESQUIRE,1.360026169721578,103.8311116819994,3.0,Bishan
414,COUNTRY GRANDEUR,1.360561293828053,103.8313226478424,0.0,Bishan
415,COUNTRY PARK CONDOMINIUM,1.321487327888763,103.9537456845383,10.0,Bedok
416,CRADELS,1.324671464750066,103.8539102775159,8.0,Novena
417,CRAIG PLACE,1.278031247126998,103.8423879126401,0.0,Outram
418,CRANE COURT,1.312162505822702,103.8981641715986,0.0,Geylang
419,CRESCENDO BUILDING,1.313125197,103.9263257346837,0.0,Bedok
420,CRESCENDO PARK,1.313388862887066,103.9263577629393,0.0,Bedok
421,CROWN CENTRE,1.323046668376595,103.8111607,11.0,Bukit Timah
422,CRYSTAL COURT,1.294146309605875,103.8269880344331,12.0,Tanglin
423,CRYSTAL DE AZURE,1.343518756755615,103.8819054519859,0.0,Serangoon
424,CRYSTAL DEW,1.316014588469002,103.8853058653507,0.0,Geylang
425,CRYSTAL HEIGHTS,1.281560041521743,103.7857095954207,11.0,Queenstown
426,CRYSTAL LODGE,1.311398879945046,103.8796711157148,9.0,Geylang
427,CRYSTAL MANSIONS,1.311152029631773,103.8766747629577,3.0,Geylang
428,CRYSTAL RHU,1.298843762830008,103.8838347938542,0.0,Kallang
429,CUBE 8,1.328363608889204,103.8414183623213,10.0,Novena
430,CUBIK,1.313438091939135,103.9120125209599,8.0,Bedok
431,CUSCADEN RESERVE,1.303610112285875,103.8251671604272,10.0,Orchard
432,CUSCADEN RESIDENCES,1.304900087439591,103.8268499350375,10.0,Orchard
433,CYAN,1.318261579611728,103.8303529871775,10.0,Tanglin
434,D - HERITAGE APARTMENTS,1.328311871010773,103.9126742376045,0.0,Bedok
435,D' ALMIRA,1.344905495,103.8679423097018,16.0,Serangoon
436,D' CASITA,1.321896028552655,103.9093527498963,9.0,Bedok
437,D' CASTILIA,1.312974209167565,103.9032531945966,8.0,Geylang
438,D' DALVEY,1.321204501999264,103.8215655411312,0.0,Tanglin
439,D' FRESCO,1.312328040359889,103.9038122105724,8.0,Geylang
440,D' HILLSIDE LOFT,1.281221398625943,103.7853482,0.0,Queenstown
441,D' IXORAS,1.324113344953332,103.8490406692268,10.0,Novena
442,D' MARINE,1.305043317356444,103.9060942652692,0.0,Marine Parade
443,D' PALMA,1.31995634,103.9117429807871,0.0,Bedok
444,D'CHATEAU @ SHELFORD,1.328096147672027,103.8119882624595,10.0,Bukit Timah
445,D'ECOSIA,1.306440822728206,103.9100624184113,0.0,Bedok
446,D'GROVE VILLAS,1.309133475398026,103.8277260580953,10.0,Newton
447,D'HIRO@HILLSIDE,1.360016032055495,103.8747712883697,0.0,Hougang
448,D'LEEDON,1.316090218636446,103.8023,10.0,Bukit Timah
449,D'LOTUS,1.326118367553015,103.8534960196192,8.0,Novena
450,D'MIRA,1.327518386404429,103.8498539989222,8.0,Novena
451,D'NEST,1.370117532602265,103.9462484068546,6.0,Pasir Ris
452,D'OASIA,1.319669692953085,103.9102612,9.0,Bedok
453,D'PAVILION,1.356323100110793,103.8804022964726,8.0,Hougang
454,D'SUNRISE,1.312006623,103.9010591,0.0,Geylang
455,D'WEAVE,1.315541079077247,103.8904583,9.0,Geylang
456,D'ZIRE,1.368323640198184,103.8821662554546,8.0,Hougang
457,DAHLIA PARK CONDOMINIUM,1.359418098527081,103.9653939237245,0.0,Pasir Ris
458,DAINTREE RESIDENCE,1.338801652986434,103.7698780485901,12.0,Bukit Timah
459,DAIRY FARM RESIDENCES,1.366302647,103.7745015651851,9.0,Bukit Panjang
460,DAISY LODGE,1.344438429667914,103.8675267342998,9.0,Serangoon
461,DAISY SUITES,1.343848762039215,103.8684281353894,16.0,Serangoon
462,DAKOTA RESIDENCES,1.306372709,103.8870854900598,9.0,Geylang
463,DALVEY COURT,1.321025698904427,103.8221728465084,19.0,Tanglin
464,DALVEY HAUS,1.316262714158467,103.8251896181783,10.0,Tanglin
465,DAWN VILLE,1.312531316946605,103.8945817906599,0.0,Geylang
466,DE CASALLE,1.310057837247729,103.9154831002895,0.0,Bedok
467,DE CENTURION,1.29881006,103.8843502795556,8.0,Kallang
468,DE LENTE,1.311769406582469,103.8017099614828,0.0,Bukit Timah
469,DE PARADISO,1.324082891104944,103.8506292751597,0.0,Novena
470,DE ROYALE,1.327898,103.8493109470371,8.0,Novena
471,DELFI ORCHARD,1.307178872984664,103.8284699943235,10.0,Orchard
472,DELIGHT COURT,1.315141474579819,103.8880428314873,4.0,Geylang
473,DENG FU VILLE,1.319071030049171,103.9067276500361,9.0,Bedok
474,DERBYSHIRE HEIGHTS,1.316123411854451,103.8455187790104,0.0,Novena
475,DESKER ROAD CONSERVATION AREA,1.309161787777398,103.8542717531654,9.0,Kallang
476,DEVONSHIRE 12,1.298062379,103.8380191,11.0,River Valley
477,DEVONSHIRE RESIDENCES,1.298846472018045,103.8373519593148,11.0,River Valley
478,DLV.,1.315472110145424,103.8251035681749,0.0,Tanglin
479,DOMAIN 21,1.291818656259126,103.8251607413898,10.0,Bukit Merah
480,DOMUS,1.325713038012294,103.8455089,8.0,Novena
481,DONG XING COURT,1.312543390547102,103.9292437244848,11.0,Bedok
482,DORMER PARK,1.294800582559149,103.8219720234586,2.0,Tanglin
483,DORSET MANSIONS,1.313500171065154,103.8499771,3.0,Kallang
484,DORSETT RESIDENCES,1.280045293,103.8403586732533,10.0,Outram
485,DOUBLE BAY RESIDENCES,1.341209804411228,103.9562888499242,6.0,Tampines
486,DOVER PARKVIEW,1.305621915143232,103.7838217263932,11.0,Queenstown
487,DRAGON VIEW PARK,1.296539768196321,103.8288641016308,10.0,Tanglin
488,DRAYCOTT EIGHT,1.311056044901254,103.8320810566089,0.0,Newton
489,DUBLIN ROAD FLATS,,,11.0,Unknown
490,DUCHESS CREST,1.324355388291725,103.8052651250364,0.0,Bukit Timah
491,DUCHESS MANOR,1.324560203798761,103.8070570277685,0.0,Bukit Timah
492,DUCHESS RESIDENCES,1.324524112241207,103.8015204185125,10.0,Bukit Timah
493,DUCHESS ROYALE,1.324203099278842,103.8061775147994,10.0,Bukit Timah
494,DUET,1.311325891841931,103.8042391126751,10.0,Tanglin
495,DUKES RESIDENCE,1.321547798083932,103.8112866419648,10.0,Bukit Timah
496,DUKU APARTMENTS,1.310705476274559,103.9061239748708,0.0,Marine Parade
497,DUKU COURT,1.310645727567467,103.9060291,4.0,Marine Parade
498,DUNEARN 386,1.324439989976727,103.8118362915499,10.0,Bukit Timah
499,DUNEARN COURT,1.317294906256875,103.8360248649274,10.0,Bukit Timah
500,DUNEARN ESTATE,1.323528487853928,103.8208559666304,3.0,Novena
501,DUNEARN LODGE,1.324963378217469,103.8103171156768,0.0,Bukit Timah
502,DUNEARN SUITES,1.324733513410359,103.8107247,10.0,Bukit Timah
503,DUNMAN PLACE,1.309995999283283,103.8957613406682,0.0,Geylang
504,DUNMAN REGENCY,1.309607727548141,103.8933482769242,8.0,Geylang
505,DUNMAN VIEW,1.309953699496716,103.8970738863982,0.0,Geylang
506,DUO RESIDENCES,1.299162959678172,103.8578595369466,13.0,Downtown Core
507,DYNASTY GARDEN,1.323325941959704,103.7920458376859,16.0,Bukit Timah
508,DYNASTY LODGE,1.323824294266948,103.7924065895761,10.0,Bukit Timah
509,E MAISON,1.343282866704713,103.8692173443389,16.0,Serangoon
510,E-SPACE,1.314070214545523,103.9148493699809,8.0,Bedok
511,E7 LODGE,1.321675202723714,103.9105928150241,4.0,Bedok
512,EAST 25 APARTMENTS,1.314227061218205,103.8832675977892,2.0,Geylang
513,EAST BAY GARDENS,1.318149979712568,103.9121894,0.0,Bedok
514,EAST COAST MANSIONS,1.311124432413632,103.9208730200524,4.0,Bedok
515,EAST COAST RESIDENCES,1.314167947264937,103.9397321937213,10.0,Bedok
516,EAST COAST VILLE,1.314317536960497,103.9382576,11.0,Bedok
517,EAST COURT,1.309978153906558,103.9229522194429,12.0,Geylang
518,EAST ELEGANCE,1.314928274625242,103.9055808878042,0.0,Geylang
519,EAST GALLERIA,1.305799873718396,103.9072847037514,8.0,Marine Parade
520,EAST GROVE,1.316858775725086,103.8877611593886,20.0,Bedok
521,EAST MEADOWS,1.328267015158239,103.9444201643824,0.0,Bedok
522,EAST MEWS,1.303197005,103.8992671985429,8.0,Marine Parade
523,EAST PALM,1.313465649944766,103.9314265509297,0.0,Bedok
524,EAST SHINE,1.322775146897369,103.9098115532576,0.0,Bedok
525,EAST SIGNATURE,1.312255052661998,103.9317723266841,8.0,Bedok
526,EAST TREASURE,1.309451025374942,103.9107883705253,0.0,Bedok
527,EAST VIEW,1.277906350421438,103.8528516697942,8.0,Marine Parade
528,EAST VIEW 18,1.313281747284728,103.9048522553538,0.0,Geylang
529,EAST VILLAGE,1.331775815030507,103.9462012415909,10.0,Bedok
530,EASTBAY,1.312878568921875,103.9292591912749,8.0,Bedok
531,EASTCOVE RESIDENCES,1.314439854257815,103.9088494492173,0.0,Bedok
532,EASTERN LAGOON,1.312994405601199,103.9330779517109,10.0,Bedok
533,EASTERN RESIDENCE,1.314947209448709,103.9076320645607,0.0,Bedok
534,EASTPAC BUILDING,1.326833276770986,103.8433491696635,12.0,Novena
535,EASTPOINT GREEN,1.339545204182573,103.9510221117053,0.0,Tampines
536,EASTSIDE LOFT,1.310695209291133,103.8938299135307,0.0,Geylang
537,EASTVILLE APARTMENTS,1.312843589867858,103.9030113583389,29.0,Geylang
538,EASTWIND MANSIONS,1.314272996399436,103.9023720140996,3.0,Geylang
539,EASTWOOD CENTRE,1.321542498815489,103.9555356179602,0.0,Bedok
540,EASTWOOD GREEN,1.322359267119294,103.9547414997991,0.0,Bedok
541,EASTWOOD LODGE,1.320700650962098,103.9569216258006,0.0,Bedok
542,EASTWOOD REGENCY,1.321126635422939,103.9575205770273,10.0,Bedok
543,EBER GARDENS,1.298748657445479,103.8403152072107,4.0,River Valley
544,EBONY MANSIONS,1.310127005270517,103.9104015650805,8.0,Bedok
545,ECHELON,1.290963991487791,103.8179898557076,10.0,Bukit Merah
546,ECO,1.324240628574881,103.9451661527484,10.0,Bedok
547,ECO SANCTUARY,1.370845691125222,103.7757190363961,9.0,Bukit Panjang
548,ECOVILLE,1.323830243622236,103.8508903393658,8.0,Novena
549,EDELWEISS PARK CONDOMINIUM,1.357113139994182,103.9671583702069,0.0,Pasir Ris
550,EDEN CREST,1.345106400096657,103.8720677863156,0.0,Serangoon
551,EDEN VIEW,1.344242770541842,103.8725628414777,8.0,Serangoon
552,EDENZ LOFT,1.312317847491516,103.8835323179583,9.0,Geylang
553,EDENZ SUITES,1.312869316128544,103.8857531418846,9.0,Geylang
554,EIGHT COURTYARDS,1.439116526770237,103.8315901140057,8.0,Yishun
555,EIGHT RIVERSUITES,1.321820407466112,103.8647441347118,8.0,Kallang
556,EIS RESIDENCES,1.307653070609315,103.8994899931298,8.0,Marine Parade
557,ELIAS GREEN,1.371417133430278,103.9414691180725,6.0,Pasir Ris
558,ELIZABETH HEIGHTS,1.307525584273304,103.8364878902577,12.0,Newton
559,ELIZABETH TOWER,1.306263309550286,103.8362609730879,15.0,Newton
560,ELLIOT AT THE EAST COAST,1.311510223198564,103.9308172837207,8.0,Bedok
561,ELTA,,,11.0,Unknown
562,EMERALD APARTMENTS,1.305141227437228,103.8396587,11.0,Newton
563,EMERALD EAST,1.299622925498686,103.8837766096408,0.0,Kallang
564,EMERALD GARDEN,1.281548629244838,103.8464725700609,0.0,Outram
565,EMERALD HILL CONSERVATION AREA,1.301920001471921,103.8389771403668,11.0,Newton
566,EMERALD OF KATONG,,,8.0,Unknown
567,EMERALD PARK,1.289752904054112,103.8303497138199,2.0,Bukit Merah
568,EMERY POINT,1.311585871237517,103.8958237890355,0.0,Geylang
569,EMILY RESIDENCE,1.304075355212069,103.8491848254147,11.0,Rochor
570,EMPRADO SUITES,1.310876317,103.9154850737334,0.0,Bedok
571,ENCHANTÉ,,,10.0,Unknown
572,ENG APARTMENTS,1.314185136166076,103.8829052627173,0.0,Geylang
573,ENG AUN MANSION,1.323160714,103.842053,10.0,Novena
574,ENG HOON MANSIONS,1.283505894837439,103.8344927525353,10.0,Bukit Merah
575,ENG KONG GREEN,1.335955706230667,103.7692903201986,0.0,Bukit Timah
576,ENG KONG PARK,1.336459909919002,103.7689064842557,12.0,Bukit Timah
577,ENVIO,1.314882722965558,103.9075033213231,8.0,Bedok
578,EON SHENTON,1.273886603639456,103.8462355422443,10.0,Downtown Core
579,EQUATORIAL APARTMENTS,1.298114940900571,103.8879903,14.0,Marine Parade
580,ESCADA VIEW,1.328993446644895,103.9134773,0.0,Bedok
581,ESPA,1.369515168973197,103.7652019453829,9.0,Bukit Panjang
582,ESPADA,1.297341970958291,103.8367416,11.0,River Valley
583,ESPIRA RESIDENCE,1.312894797273862,103.9123356253548,8.0,Bedok
584,ESPIRA SPRING,1.317424941,103.9104449799318,8.0,Bedok
585,ESPIRA SUITES,1.317058766238826,103.9128570004741,8.0,Bedok
586,ESTA RUBY,1.313900065076761,103.8936172,9.0,Geylang
587,ESTELLA GARDENS,1.360285340555019,103.9665161982602,8.0,Pasir Ris
588,ESTERINA,1.307767319566888,103.8998807297463,0.0,Marine Parade
589,ESTILO,1.302585394,103.8472293162709,11.0,Rochor
590,ESTIQUE,1.310034445990998,103.8937481672576,8.0,Geylang
591,ETON COURT,1.310054930829791,103.9113355546072,0.0,Bedok
592,EUHABITAT,1.328258894488771,103.9066115284962,9.0,Bedok
593,EUNOS GREEN,1.318692888087842,103.9057495,9.0,Bedok
594,EUNOS PARK,1.318463906530395,103.9060767956999,0.0,Bedok
595,EUPHONY GARDENS,1.425470055933254,103.8249697465418,0.0,Mandai
596,EURO-ASIA COURT,1.294771724478152,103.8376933084597,1.0,River Valley
597,EURO-ASIA LODGE,1.314317772,103.9020095286197,8.0,Geylang
598,EURO-ASIA PARK,1.336381475081857,103.8676872093059,0.0,Toa Payoh
599,EVANIA,1.350111165246171,103.8791346795555,8.0,Serangoon
600,EVELYN MANSIONS,1.316494650099123,103.8391038839271,0.0,Novena
601,EVER LODGE,1.314983727397177,103.8890702,0.0,Geylang
602,EVERGREEN PARK,1.368493813316481,103.8991176753399,0.0,Hougang
603,EVERGREEN VIEW,1.313526577645008,103.8885476809163,9.0,Geylang
604,EVERITT EDGE,1.313760622487862,103.9017629,8.0,Geylang
605,EVERITT GREEN,1.316204649841944,103.9018616589763,0.0,Geylang
606,EWE BOON REGENT,1.316490115033271,103.8304732933786,0.0,Tanglin
607,EXCELLENCE MANSIONS,1.314339857129244,103.8835706,4.0,Geylang
608,FABER CREST,1.323570722368024,103.7566656065109,0.0,Clementi
609,FABER GARDEN CONDOMINIUM,1.361943047326528,103.8301834111552,11.0,Bishan
610,FABER HILLS,1.318046280311905,103.7576193561408,18.0,Clementi
611,FABER RESIDENCE,,,11.0,Unknown
612,FAIRLODGE,1.311788084458451,103.8014941666984,10.0,Bukit Timah
613,FAIRMOUNT CONDOMINIUM,1.320988419236671,103.9558821199697,0.0,Bedok
614,FAIRWAYS,1.342033917416887,103.7969011661151,11.0,Bukit Merah
615,FAMILIE MANSIONS,1.309836692408854,103.8775032151649,2.0,Geylang
616,FAR HORIZON GARDENS,1.383208774450535,103.8385515456974,9.0,Ang Mo Kio
617,FARRER PARK SUITES,1.313297683045402,103.8536334041041,0.0,Kallang
618,FENARA COURT,1.318501248370169,103.9118078,0.0,Bedok
619,FERN LODGE,1.311115806922487,103.8760682482605,2.0,Geylang
620,FERNHILL COURT,1.313797594236974,103.8233869620577,14.0,Tanglin
621,FERNHILL PLACE,1.314725280510162,103.8255566570361,10.0,Tanglin
622,FERNWOOD TOWERS,1.309426543601041,103.9252485252506,1.0,Bedok
623,FERRARIA PARK CONDOMINIUM,1.357364204755757,103.9639720499346,8.0,Pasir Ris
624,FERRELL RESIDENCES,1.317699237096512,103.8323402248786,10.0,Tanglin
625,FIFTH AVENUE CONDOMINIUM,1.329905575151868,103.7958224618985,10.0,Bukit Timah
626,FIFTY-TWO STEVENS,1.315024326059941,103.8265703128088,10.0,Tanglin
627,FINLAND GARDENS,1.310520471030332,103.9242668467698,11.0,Bedok
628,FIORENZA,1.363622569257263,103.8859792545186,8.0,Hougang
629,FIRST POINT SUITES,1.316467516084177,103.9101896,8.0,Bedok
630,FIVENINE,1.313071065970838,103.9096598,8.0,Bedok
631,FLAME TREE PARK,1.360990604832917,103.8289743558856,6.0,Bishan
632,FLAMINGO VALLEY,1.317693244,103.9230025711197,9.0,Bedok
633,FLO RESIDENCE,1.391846751071938,103.9130390393864,8.0,Punggol
634,FLORA EAST,1.314497026985193,103.9057328100209,2.0,Geylang
635,FLORAVIEW,1.391492267613892,103.8504549750849,11.0,Ang Mo Kio
636,FLORAVILLE,1.391852356847093,103.8511798777857,14.0,Ang Mo Kio
637,FLORIDIAN,1.333151488794881,103.7848017,12.0,Bukit Timah
638,FONTAINE PARRY,1.366782344854568,103.8801253,8.0,Hougang
639,FOOK HAI BUILDING,1.284974882399226,103.8464391330763,19.0,Outram
640,FORESQUE RESIDENCES,1.368773588813147,103.7760596578334,9.0,Bukit Panjang
641,FOREST HILLS CONDOMINIUM,1.404944510163218,103.8175845077931,0.0,Yishun
642,FOREST WOODS,1.3510575,103.8768357,8.0,Serangoon
643,FORETT@BUKIT TIMAH,1.339908538823957,103.7675231507624,12.0,Bukit Timah
644,FORT GARDENS,1.299138572794909,103.8848759859134,2.0,Kallang
645,FORTE SUITES,1.317827995988628,103.8519704973932,9.0,Kallang
646,FORTUNE JADE,1.309917518417007,103.8948384521846,0.0,Geylang
647,FORTUNE PARK,1.361698917041054,103.8908401060919,0.0,Hougang
648,FORTUNE SPRING,1.312682824,103.9313714449117,0.0,Bedok
649,FOUR SEASONS PARK,1.303258777483059,103.8284692460444,1.0,River Valley
650,FOURTH AVENUE RESIDENCES,1.329314592644302,103.7968513,10.0,Bukit Timah
651,FRAGRANCE COURT,1.277285588243213,103.7931221566604,0.0,Queenstown
652,FRAGRANT GARDENS,1.317448222699569,103.8164052875049,4.0,Serangoon
653,FRANKEL ESTATE,1.318872588851294,103.9147408372894,6.0,Bedok
654,FRASER RESIDENCE ORCHARD SINGAPORE,1.301673056613842,103.8300287213956,0.0,River Valley
655,FREESIA WOODS,1.323819839793257,103.7668783886551,0.0,Clementi
656,FRUITION,1.314315809444035,103.9036634712993,0.0,Geylang
657,FULCRUM,1.298688313598768,103.8848534034525,8.0,Kallang
658,FUTURA,1.298124445500571,103.8340664493771,19.0,River Valley
659,FUYUEN COURT,1.315927106244223,103.8889487,9.0,Geylang
660,FYVE DERBYSHIRE,1.316277367554415,103.845724,10.0,Novena
661,G RESIDENCES,1.316798230337613,103.9099163209956,8.0,Bedok
662,GAIA,1.327845108510115,103.8437094357349,8.0,Novena
663,GALAXY TOWERS,1.314871321021315,103.8972077992543,6.0,Geylang
664,GALLERY 8,1.311784985840827,103.9060348542815,0.0,Marine Parade
665,GALLERY FIFTEEN,1.327561401046822,103.8437055072413,0.0,Novena
666,GALLOP GABLES,1.314302416967658,103.8085321772623,0.0,Tanglin
667,GALLOP GREEN,1.315371636763477,103.8084301028261,0.0,Tanglin
668,GAMBIER COURT,1.292851408574689,103.8397631503897,0.0,River Valley
669,GAMBIR RIDGE,1.344394279981953,103.8754237636665,8.0,Serangoon
670,GARDEN PARK RESIDENCES,1.310791694,103.9100635280899,8.0,Bedok
671,GARDENVILLE,1.312461730860249,103.8273029480516,0.0,Tanglin
672,GARDENVISTA,1.338212731251759,103.7805816424272,12.0,Bukit Timah
673,GEM RESIDENCES,1.338748117880548,103.8508819323232,8.0,Toa Payoh
674,GEMINI APARTMENTS,1.317251977817345,103.9248913437381,6.0,Bedok
675,GEMS VILLE,1.312978386705437,103.8777576213509,9.0,Geylang
676,GEYLANG CONSERVATION AREA,1.313010579405616,103.8840711658195,9.0,Geylang
677,GEYLANG HERITAGE,1.313021423558768,103.8875214081885,9.0,Geylang
678,GEYLANG MANSION,1.311674423580248,103.8865492634805,12.0,Geylang
679,GIDEON'S LODGE,1.312898122902985,103.9035560160681,3.0,Geylang
680,GIFFARD MANSIONS,1.326197178073301,103.8491006564896,5.0,Novena
681,GILLENIA,1.362904019611558,103.8788864217152,8.0,Hougang
682,GILSTEAD 38,1.318141869506042,103.8391510857104,10.0,Novena
683,GILSTEAD COURT,1.318060661920416,103.8396202758142,6.0,Novena
684,GILSTEAD MANSION,1.317422380465893,103.8386856878959,10.0,Novena
685,GILSTEAD TWO,1.314960350378716,103.8384594026868,10.0,Novena
686,GISBORNE LIGHT,1.316249470591463,103.8304280522695,0.0,Tanglin
687,GLAMOUR VILLE,1.309384437,103.9084807048342,0.0,Bedok
688,GLASGOW RESIDENCE,1.361899214229631,103.8786128077793,8.0,Hougang
689,GLENDALE PARK,1.362556906738862,103.7652338091441,0.0,Bukit Batok
690,GLENFIELD APARTMENTS,1.314903654030093,103.9080657750827,4.0,Bedok
691,GLENTREES,1.315854318014161,103.7846292022083,0.0,Bukit Timah
692,GLOBAL VILLE,1.327516687618383,103.8426037587658,0.0,Novena
693,GLOUCESTER MANSIONS,1.313693155853568,103.8403874580857,0.0,Novena
694,GOLD COAST CONDOMINIUM,1.290546920586578,103.7746060376825,1.0,Queenstown
695,GOLD LEAF MANSIONS,1.311460723281935,103.9160693727376,2.0,Bedok
696,GOLDEN HEIGHTS,1.349609718950333,103.8659254,0.0,Serangoon
697,GOLDENHILL PARK CONDOMINIUM,1.352875441009017,103.8622912168988,0.0,Serangoon
698,GOLDHILL TOWERS,1.320634278889844,103.8335120835255,6.0,Novena
699,GOODLINK PARK,1.426386055520056,103.8255654992148,6.0,Mandai
700,GOODVIEW APARTMENTS,1.311638858804731,103.8768380734901,1.0,Geylang
701,GOODWILL COURT,1.313362077,103.9275690435592,12.0,Bedok
702,GOODWOOD GARDENS,1.314662150298307,103.8341782231214,0.0,Newton
703,GOODWOOD GRAND,1.314906587383764,103.8336567885609,10.0,Newton
704,GOODWOOD RESIDENCE,1.314251231173334,103.836042,10.0,Newton
705,GRACE APARTMENTS,1.325535466382286,103.8822071936456,2.0,Geylang
706,GRACE COURT,,,8.0,Unknown
707,GRACIOUS MANSIONS,1.306889727,103.9120960742429,11.0,Bedok
708,GRAMERCY PARK,1.298780892306566,103.8266774838589,10.0,Tanglin
709,GRAND CHATEAU,1.343860883623788,103.7685899,12.0,Bukit Timah
710,GRAND DUNMAN,,,8.0,Unknown
711,GRAND REGALIA,1.357072807480994,103.8810903416857,0.0,Hougang
712,GRAND REGENCY,1.343306427867199,103.7688468348485,0.0,Bukit Timah
713,GRAND RESIDENCE,1.316780309288752,103.9102445975954,8.0,Bedok
714,GRANDE VISTA,1.388799122,103.8520353485549,3.0,Ang Mo Kio
715,GRANDEUR 8,1.375444426702402,103.8468176734129,0.0,Ang Mo Kio
716,GRANDEUR PARK RESIDENCES,1.324890401930753,103.9448414467256,10.0,Bedok
717,GRANDLINK SQUARE,1.314191298309406,103.8915005110109,0.0,Geylang
718,GRANDVIEW SUITES,1.312776045805119,103.8824556,9.0,Geylang
719,GRANGE 1866,1.299882622544197,103.8289753,10.0,River Valley
720,GRANGE 70,1.299281242980563,103.8291647122248,0.0,River Valley
721,GRANGE GARDEN,,,10.0,Unknown
722,GRANGE HEIGHTS,1.297871083504577,103.8350563332017,20.0,River Valley
723,GRANGE INFINITE,1.299422811423264,103.8347767745819,11.0,River Valley
724,GRANGE RESIDENCES,1.303695213392242,103.8230810414112,0.0,Tanglin
725,GREEN COURT,1.313283975297398,103.8850926,12.0,Geylang
726,GREENDALE COURT,1.331611363843162,103.8072179458234,6.0,Bukit Timah
727,GREENLANE APARTMENT,,,8.0,Unknown
728,GROSVENOR VIEW,1.327302817346488,103.9113592514741,9.0,Bedok
729,GUILIN COURT,1.312258546739767,103.8846624815234,9.0,Geylang
730,GUILIN MANSIONS,1.315787773610059,103.8899595066752,9.0,Geylang
731,GUILIN VIEW,1.356062745893786,103.7527669627617,0.0,Bukit Batok
732,GUILLEMARD APARTMENTS,1.311597506469872,103.8846919906771,10.0,Geylang
733,GUILLEMARD EDGE,1.312004437444721,103.8859493771543,9.0,Geylang
734,GUILLEMARD SUITES,1.310945218527262,103.8827210977206,9.0,Geylang
735,GUILLEMARD VIEW,1.311316081,103.8846158848412,1.0,Geylang
736,H RESIDENCES,1.315708301102155,103.9088827014874,8.0,Bedok
737,H2O RESIDENCES,1.392390119458971,103.8795320734188,14.0,Sengkang
738,HAI SING PARK,1.365781058279989,103.8936659611816,8.0,Hougang
739,HAIG 162,1.306337840116539,103.8987729345636,8.0,Marine Parade
740,HAIG APARTMENTS,1.306177729713223,103.8995821255441,4.0,Marine Parade
741,HAIG COURT,1.306564714201577,103.8982922049277,0.0,Marine Parade
742,HAIG ELEVEN,1.308470148669483,103.8995241059696,0.0,Marine Parade
743,HAIG GARDENS,1.308104250080207,103.8987553654728,6.0,Geylang
744,HAIG LODGE,1.308209705885929,103.8986728752399,0.0,Marine Parade
745,HAIG RESIDENCES,1.306952237565326,103.8991031544176,8.0,Marine Parade
746,HAIG TEN,1.310096715179829,103.8977699459118,8.0,Geylang
747,HALLMARK RESIDENCES,1.316280031598817,103.8310369553779,10.0,Tanglin
748,HANSVILLE,1.324569587235932,103.7934204190763,12.0,Bukit Timah
749,HAPPY ESTATE,1.376324757791176,103.8313954695639,11.0,Ang Mo Kio
750,HAPPY MANSION,1.330482277734902,103.8801125680685,18.0,Geylang
751,HARBOUR SUITES,1.272242892884647,103.827479,13.0,Bukit Merah
752,HARBOUR VIEW GARDENS,1.278920373,103.7853518545983,10.0,Queenstown
753,HARBOUR VIEW TOWERS,1.272012388483132,103.8085143168802,1.0,Bukit Merah
754,HARBOURLIGHTS,1.266185899945553,103.8227446614266,0.0,Bukit Merah
755,HARMONY @ 1A,1.363518760429068,103.8880201771625,0.0,Hougang
756,HARVEST MANSIONS,1.289830341981021,103.8318434169088,10.0,Bukit Merah
757,HAUS ON HANDY,1.300623002234019,103.8467665536079,11.0,Museum
758,HAWAII TOWER,1.296803808521273,103.8899259447603,11.0,Marine Parade
759,HAZEL PARK CONDOMINIUM,1.372757335065354,103.7653866407884,0.0,Bukit Panjang
760,HEDGES PARK CONDOMINIUM,1.355210952842519,103.9664220450665,8.0,Pasir Ris
761,HEETON PARK,1.398842628,103.8184621,13.0,Yishun
762,HEJI GARDENS,1.313360491795741,103.9114815,12.0,Bedok
763,HELIOS RESIDENCES,1.306562596504951,103.8378007310456,11.0,Newton
764,HENRY PARK,1.314272022901887,103.7833022929111,17.0,Bukit Timah
765,HERITAGE APARTMENTS,1.308665644617115,103.8290813902848,0.0,Newton
766,HERITAGE EAST,1.307218903287256,103.9071519154758,8.0,Bedok
767,HERITAGE PLACE,1.298589265836773,103.8564050580902,0.0,Downtown Core
768,HERITAGE RESIDENCES,1.312557609973246,103.9129555,0.0,Bedok
769,HERITAGE VIEW,1.303715530888503,103.7838585831969,0.0,Queenstown
770,HERTFORD COLLECTION,1.313257320471525,103.8489534273432,9.0,Kallang
771,HERTFORD MANSION,1.312810973537898,103.8483144263215,9.0,Kallang
772,HIGH OAK CONDOMINIUM,1.339046548116431,103.7715877534013,0.0,Bukit Timah
773,HIGH PARK RESIDENCES,1.395337069221494,103.8744603405581,14.0,Sengkang
774,HIGH POINT,1.308454124291257,103.8354561990606,21.0,Newton
775,HIGH STREET CENTRE,1.289988695531654,103.8492171294392,0.0,Downtown Core
776,HIGHGATE,1.339956004159612,103.7663120918507,12.0,Bukit Timah
777,HIGHLAND CENTRE,1.355387751949749,103.8772595,0.0,Hougang
778,HIGHLAND CONDOMINIUM,1.359425381110659,103.8799864049462,2.0,Hougang
779,HIGHLINE RESIDENCES,1.284013886608141,103.8297566420206,10.0,Bukit Merah
780,HIJAUAN,1.303600720084408,103.8411169,11.0,Newton
781,HILBRE28,1.360802668,103.8750189552062,8.0,Hougang
782,HILL COURT,1.300343216139163,103.8256848667711,20.0,Newton
783,HILL HOUSE,,,11.0,Unknown
784,HILL PARK,1.338867789468562,103.8115707824981,17.0,Novena
785,HILLBROOKS,1.358885770099242,103.7626186,0.0,Bukit Batok
786,HILLCREST ARCADIA,1.333777985427115,103.8088066067613,15.0,Bukit Timah
787,HILLCREST PARK,1.327692565417992,103.8061382213465,23.0,Bukit Timah
788,HILLHAVEN,,,9.0,Unknown
789,HILLINGTON GREEN,1.359000479414891,103.7644067887381,0.0,Bukit Batok
790,HILLION RESIDENCES,1.378616545393764,103.7626155,9.0,Bukit Panjang
791,HILLOCK GREEN,,,4.0,Unknown
792,HILLS APARTMENT,1.321229729021353,103.8338592463632,20.0,Novena
793,HILLS TWOONE,1.352449245860916,103.7584210560326,9.0,Bukit Batok
794,HILLSIDE MANSIONS,1.358275404892932,103.8771195190161,3.0,Hougang
795,HILLSTA,1.376366814245937,103.7572237078025,9.0,Bukit Batok
796,HILLTOP GROVE,1.357149972346843,103.7591357122466,9.0,Bukit Batok
797,HILLTOPS,1.307261755085798,103.8385362743955,11.0,Newton
798,HILLVIEW 128,1.357226960515829,103.7608505717787,0.0,Bukit Batok
799,HILLVIEW APARTMENTS,1.356015377927507,103.7625877631816,9.0,Bukit Batok
800,HILLVIEW COURT,1.360531386249924,103.7571434920734,9.0,Bukit Batok
801,HILLVIEW GARDEN ESTATE,1.360511842364603,103.7629398133099,9.0,Bukit Batok
802,HILLVIEW GREEN,1.358061337651229,103.7645964846516,0.0,Bukit Batok
803,HILLVIEW HEIGHTS,1.361188148790821,103.7650530746867,0.0,Bukit Batok
804,HILLVIEW PARK,1.362556906738862,103.7652338091441,0.0,Bukit Batok
805,HILLVIEW REGENCY,1.352026273964812,103.7573721661523,0.0,Bukit Batok
806,HILLVIEW RESIDENCE,1.355909051785293,103.7607353,0.0,Bukit Batok
807,HILLVISTA,1.359921524042724,103.7633922992326,9.0,Bukit Batok
808,HMLET@PORTOFINO,1.314051847,103.8362800142533,0.0,Newton
809,HOA NAM BUILDING,1.31270184,103.8599687590189,12.0,Kallang
810,HOCK MANSION,1.302444824595145,103.8485542958617,20.0,Rochor
811,HOLLAND COURT,1.313307618,103.7980392712934,10.0,Bukit Timah
812,HOLLAND HILL LODGE,1.309830606028843,103.8029137615404,0.0,Bukit Timah
813,HOLLAND HILL PARK,1.309211458007123,103.8012771258192,3.0,Bukit Timah
814,HOLLAND MEWS,1.309330840345246,103.8062359004127,0.0,Tanglin
815,HOLLAND PEAK,1.308730525059492,103.8011019985936,1.0,Bukit Timah
816,HOLLAND RESIDENCES,1.312102865829644,103.7937742789214,10.0,Bukit Timah
817,HOLLAND SUITES,1.311939612361664,103.7993460504482,0.0,Bukit Timah
818,HOLLAND TOWER,1.307574807960559,103.8028911935367,10.0,Tanglin
819,HOLLAND VIEW,1.311730022950483,103.7835466461119,10.0,Bukit Timah
820,HOLLANDSWOOD COURT,1.310002498208018,103.8036346500351,15.0,Tanglin
821,HOLLYWOOD APARTMENTS,1.296739267753688,103.8427018283975,11.0,River Valley
822,HOLT RESIDENCES,1.294042755021616,103.8260678116283,0.0,Tanglin
823,HOMEY GARDENS,1.309656187565478,103.9087977610527,0.0,Bedok
824,HONG BUILDING,1.317544084248599,103.8529676806132,14.0,Kallang
825,HONG HENG GARDEN,1.404010197662978,103.8175099683966,8.0,Yishun
826,HONG HENG MANSIONS,1.402637784582363,103.8182050330936,0.0,Yishun
827,HOOT KIAM MANSION,,,10.0,Unknown
828,HORIZON RESIDENCES,1.282179141616264,103.7840827189296,11.0,Queenstown
829,HORIZON TOWERS,1.298290676811739,103.8333776479011,11.0,River Valley
830,HOUGANG GREEN,1.379923769086749,103.8874913618982,0.0,Hougang
831,HUA COURT,,,8.0,Unknown
832,HUA XIN COURT,1.311518859820903,103.9330864,12.0,Bedok
833,HUA YU MANSION,1.328647770969519,103.9144374973455,13.0,Bedok
834,HUME PARK I,1.354304743241276,103.7682809562066,0.0,Bukit Batok
835,HUNDRED TREES,1.313864643940347,103.7596710126898,11.0,Clementi
836,HYLL ON HOLLAND,1.310496368453788,103.8023922303775,10.0,Bukit Timah
837,ICB SHOPPING CENTRE,1.354584113388729,103.8777899779872,8.0,Hougang
838,ICON,1.282923875322624,103.8464434784975,10.0,Downtown Core
839,ICON @ PASIR PANJANG,1.279486700701858,103.7857561866505,11.0,Queenstown
840,IDYLLIC EAST,1.316087805444295,103.9461128886827,10.0,Bedok
841,IDYLLIC RESIDENCES,1.310675893875752,103.9127601,8.0,Bedok
842,IDYLLIC SUITES,1.312850809108973,103.8864976257635,9.0,Geylang
843,IKIGAI,1.317903824041238,103.8474283549149,10.0,Novena
844,ILLUMINAIRE ON DEVONSHIRE,1.299067640021326,103.8368320374584,11.0,River Valley
845,IMPERIAL HEIGHTS,1.311455375,103.8951696499839,8.0,Geylang
846,INFINI AT EAST COAST,1.309176043274022,103.9113519836579,8.0,Bedok
847,INOVA 100,1.310618018069544,103.9165290881592,8.0,Bedok
848,INTERNATIONAL PLAZA,1.275886743,103.8459238,19.0,Downtown Core
849,INTERO,1.330249158635087,103.8673525171097,16.0,Toa Payoh
850,IRESIDENCES,1.325264346750642,103.8456221,8.0,Novena
851,IRIDIUM,1.315138127496779,103.8426402032349,10.0,Novena
852,IRWELL HILL RESIDENCES,1.297259072990622,103.8310236863164,11.0,River Valley
853,ISLAND VIEW,1.279677206699133,103.7920994237585,11.0,Queenstown
854,ISUITES @ MARSHALL,1.307064562164647,103.9007449559444,8.0,Marine Parade
855,ISUITES @ PALM,1.361223640693754,103.8785531865551,8.0,Hougang
856,ISUITES @ TANI,1.365848499074957,103.8848563278824,8.0,Hougang
857,IVORY,1.311401975504899,103.9004107721787,8.0,Geylang
858,IVORY HEIGHTS,1.335687623988566,103.7370321273084,8.0,Jurong East
859,J C DRAYCOTT,1.309875388644863,103.8309789290862,0.0,Newton
860,J COURT,1.312631919261182,103.9076381378501,6.0,Bedok
861,J GATEWAY,1.335557318,103.7424168153723,8.0,Jurong East
862,J'DEN,,,8.0,Unknown
863,J@63,,,8.0,Unknown
864,JADE MANSION,1.313328677945702,103.797418,13.0,Bukit Timah
865,JADE RESIDENCES,1.349006677772765,103.8777562123587,8.0,Serangoon
866,JADESCAPE,1.351814853838989,103.8382982223318,11.0,Bishan
867,JALAN BESAR CONSERVATION AREA,,,8.0,Unknown
868,JALAN BESAR PLAZA,1.308657667,103.8580666631754,15.0,Kallang
869,JALAN KAYU ESTATE,1.398147583376404,103.8721900468963,14.0,Sengkang
870,JANSEN 28,1.360310269813775,103.8769067391536,0.0,Hougang
871,JANSEN HOUSE,,,8.0,Unknown
872,JANSEN SPRING,1.359355516291111,103.8780601733942,0.0,Hougang
873,JARDIN,1.337727501168028,103.7800726047979,12.0,Bukit Timah
874,JAYA TOWER,1.320107017315258,103.8239781247498,16.0,Tanglin
875,JC COURT,1.313742672,103.9043592838971,8.0,Geylang
876,JC RESIDENCE,1.312648753,103.9005810344145,8.0,Geylang
877,JERSEY LODGE,1.314419558225848,103.9149573270128,8.0,Bedok
878,JERVOIS COURT,1.294958809884945,103.8179620069238,10.0,Tanglin
879,JERVOIS GROVE,1.294895800720929,103.8185677,9.0,Tanglin
880,JERVOIS JADE,1.292452766161026,103.8252469184313,0.0,Tanglin
881,JERVOIS LODGE,1.293639331476394,103.8234986204388,0.0,Tanglin
882,JERVOIS MANSION,,,10.0,Unknown
883,JERVOIS MEADOWS,1.294889409,103.8166557659121,0.0,Tanglin
884,JERVOIS REGENCY,1.294490977818782,103.8220653285215,0.0,Tanglin
885,JERVOIS TREASURES,1.292820331223828,103.8235319342891,10.0,Tanglin
886,JERVOIS VIEW,1.293893394889583,103.8240891580956,13.0,Tanglin
887,JEWEL @ BUANGKOK,1.381251493681218,103.8923659470067,8.0,Sengkang
888,JEWEL OF BALMORAL,1.315885317078271,103.8274861515729,10.0,Tanglin
889,JI XIANG COURT,1.313568520360124,103.9106445417014,5.0,Bedok
890,JIA,1.302445907736072,103.8475324687758,11.0,Rochor
891,JK BUILDING,1.340555850141868,103.7743421,10.0,Bukit Timah
892,JLB RESIDENCES,1.379089886983162,103.9605584756783,8.0,Pasir Ris
893,JOO CHIAT LODGE,1.312904269493097,103.9035491,9.0,Geylang
894,JOO CHIAT MANSIONS,1.314143580918388,103.9043646541713,9.0,Geylang
895,JOO CHIAT VERBENA,1.314731431314452,103.9069097587604,0.0,Bedok
896,JOOL SUITES,1.315209057899796,103.8549193071569,9.0,Kallang
897,JUBILEE RESIDENCE,1.289433490708796,103.7753857973946,0.0,Queenstown
898,JUI RESIDENCES,1.326268707276453,103.8661426736134,8.0,Kallang
899,JUNIPER AT ARDMORE,1.308759844,103.8296433558137,4.0,Newton
900,JUNIPER HILL,1.316482033978174,103.8298971534507,10.0,Tanglin
901,JUPITER 18,1.315626171626144,103.900456,8.0,Geylang
902,K GARDENS,1.313446954486531,103.9129261426209,8.0,Bedok
903,K SUITES,,,8.0,Unknown
904,KAI FOOK MANSION,1.285250390473009,103.8292521489405,35.0,Bukit Merah
905,KALLANG RIVERSIDE,1.307104742,103.8670878184767,8.0,Kallang
906,KANDIS RESIDENCE,1.456436254093128,103.8372185814651,8.0,Sembawang
907,KASSIA,,,8.0,Unknown
908,KASTURINA LODGE,1.296403005229079,103.8297582924453,0.0,Tanglin
909,KATONG APARTMENTS,1.313016881858956,103.9038073637241,0.0,Geylang
910,KATONG GARDENS,1.308755058122272,103.9056369592104,11.0,Marine Parade
911,KATONG MANSION,,,8.0,Unknown
912,KATONG REGENCY,1.315031771087593,103.8947603865419,8.0,Geylang
913,KATONG VILLE,1.313076275186422,103.8935056636576,0.0,Geylang
914,KELLOCK LODGE,1.294891587563407,103.8296995580939,0.0,Tanglin
915,KEMBANGAN COURT,1.319622124355996,103.9122887146956,1.0,Bedok
916,KEMBANGAN PLAZA,1.320372556098666,103.9126428496282,2.0,Bedok
917,KEMBANGAN SUITES,1.320152571,103.9127270839605,9.0,Bedok
918,KENG LEE COURT,1.312736803880734,103.8471947,10.0,Kallang
919,KENG LEE VIEW,1.313964575219394,103.8459768786973,13.0,Kallang
920,KENG YEE GARDEN,1.318238847772822,103.9101203,18.0,Bedok
921,KENSINGTON PARK CONDOMINIUM,1.366849180301798,103.8685203327442,5.0,Serangoon
922,KENSINGTON SQUARE,1.345607197472332,103.8826951281084,8.0,Hougang
923,KENT RESIDENCES,1.316005055137712,103.8520682160507,9.0,Kallang
924,KENT RIDGE HILL RESIDENCES,1.280823976340444,103.7907287,11.0,Queenstown
925,KENTISH COURT,1.315145345294781,103.8523657547079,0.0,Kallang
926,KENTISH GREEN,1.315599978203556,103.8517873240825,0.0,Kallang
927,KENTISH LODGE,1.315795390560595,103.8528045241143,0.0,Kallang
928,KENTVIEW PARK,1.281916943520221,103.7857077,1.0,Queenstown
929,KERRISDALE,1.313122700356808,103.8576562151091,0.0,Kallang
930,KEW GREEN,1.319079490512327,103.9512546606147,0.0,Bedok
931,KHEAM HOCK GARDENS,1.328659234045927,103.8204220482408,7.0,Novena
932,KI RESIDENCES AT BROOKVALE,1.331029365288784,103.7675199260508,12.0,Clementi
933,KILAT 19,,,12.0,Unknown
934,KILAT CENTRE,1.341333342026951,103.7723439607299,6.0,Bukit Timah
935,KILAT COURT,1.340827703116531,103.7742156779603,0.0,Bukit Timah
936,KILLINEY 118,1.297968007004116,103.8384080578819,11.0,River Valley
937,KIM KEAT GARDENS,1.323587477825949,103.8526471354309,0.0,Novena
938,KIM KEAT HOUSE,1.325377593232977,103.8540166875298,0.0,Novena
939,KIM KEAT LODGE,1.324205805189879,103.8524715007294,0.0,Novena
940,KIM SIA COURT,1.305909520632756,103.8339099841776,25.0,Newton
941,KIMLIN MANSION,1.301720745291764,103.8276052,10.0,River Valley
942,KINDOL GARDENS,1.443819766488836,103.8257767424712,8.0,Sembawang
943,KING'S ARCADE,1.323210284679675,103.8107212633659,0.0,Bukit Timah
944,KING'S COURT,1.314641843675609,103.8463425857386,20.0,Kallang
945,KING'S MANSION,1.300613409315252,103.8984087517851,13.0,Marine Parade
946,KINGS APARTMENTS,1.311911543354885,103.9077219561978,1.0,Bedok
947,KINGSFORD . HILLVIEW PEAK,1.364786511465865,103.7647636180008,9.0,Bukit Batok
948,KINGSFORD WATERBAY,1.37610579,103.9041942,8.0,Hougang
949,KINGSGROVE,1.355633252,103.8588174386705,3.0,Serangoon
950,KINGSLEY MANSIONS,1.327194784920299,103.8498800035095,8.0,Novena
951,KINGSTON TERRACE,1.319883339460327,103.9128625864097,1.0,Bedok
952,KISMIS COURT,1.337818263064733,103.7705177504802,10.0,Bukit Timah
953,KISMIS VIEW,1.338284891516244,103.7702135144877,11.0,Bukit Timah
954,KJ MANSION,1.363148777830769,103.8746603918466,0.0,Hougang
955,KLIMT CAIRNHILL,1.308937284484731,103.8361385,11.0,Newton
956,KNOX VIEW,1.310740291072896,103.9096923726337,0.0,Bedok
957,KOON SENG COURT,1.312950165988694,103.9056674344057,6.0,Geylang
958,KOON SENG HOUSE,1.312221939820176,103.9045641,8.0,Geylang
959,KOPAR AT NEWTON,1.312426882683487,103.8410643382455,11.0,Novena
960,KOVAN 81,1.355316756882116,103.8785166614288,0.0,Hougang
961,KOVAN APARTMENTS,1.357382090383251,103.8795264140286,1.0,Hougang
962,KOVAN CENTRE,1.354870368315844,103.8779548950516,3.0,Serangoon
963,KOVAN CREST,1.358236297,103.8814786342167,0.0,Hougang
964,KOVAN ESQUIRE,1.358166242684053,103.8811824553427,8.0,Hougang
965,KOVAN GRANDEUR,1.360745318097697,103.8919858755548,8.0,Hougang
966,KOVAN JEWEL,1.357802706,103.8810456,8.0,Hougang
967,KOVAN MELODY,1.360356664706206,103.8836370166493,8.0,Hougang
968,KOVAN PRIMERA,1.354996097,103.8781120529562,8.0,Hougang
969,KOVAN REGENCY,1.363048455685708,103.8857524388386,8.0,Hougang
970,KOVAN RESIDENCES,1.360939058247165,103.8843743279571,8.0,Hougang
971,KOVANA,1.357555307014278,103.8807818248624,8.0,Hougang
972,KUIE PONG LOFT,1.319166793436302,103.8259354947709,0.0,Tanglin
973,KUM HING COURT,1.302828397109369,103.8260460965258,10.0,River Valley
974,L'VIV,1.315448385,103.8403548414677,10.0,Novena
975,LA BRISA,1.311904191436285,103.8853693651545,9.0,Geylang
976,LA CRYSTAL,1.296177147627771,103.8368776547268,0.0,River Valley
977,LA DOLCE VITA,1.346090767831811,103.8807184869338,8.0,Serangoon
978,LA FIESTA,1.389950658499351,103.8956186,8.0,Sengkang
979,LA FLEUR,1.312444542323244,103.8845765166527,9.0,Geylang
980,LA MAISON,1.31953349,103.8470298594525,10.0,Novena
981,LA MARIPOSA,1.312707634182185,103.9046711980214,8.0,Geylang
982,LA MEYER,1.297681105963172,103.8897293,1.0,Marine Parade
983,LA NOUVELLE,1.317933469160321,103.8469182518683,0.0,Novena
984,LA SUISSE,1.346630715107964,103.7894366749316,2.0,Bukit Timah
985,LA VIDA @ 130,1.313538098630976,103.9149443916689,8.0,Bedok
986,LAGOON VIEW,1.309506243738985,103.9320824467314,8.0,Bedok
987,LAGUNA 88,1.321825609810522,103.9585647980443,0.0,Bedok
988,LAGUNA GREEN,1.312875396561741,103.9347812675693,0.0,Bedok
989,LAGUNA PARK,1.309092634843166,103.9292892181365,8.0,Bedok
990,LAKE GRANDE,1.345474491295358,103.7246234499371,8.0,Jurong West
991,LAKEHOLMZ,1.341897059230708,103.7163090752453,0.0,Jurong West
992,LAKEPOINT CONDOMINIUM,1.340475094353081,103.7167560169522,8.0,Jurong West
993,LAKESIDE TOWER,1.337280507992294,103.7254733350234,8.0,Jurong East
994,LAKEVILLE,1.345657511474261,103.7253145550016,8.0,Jurong West
995,LANDBAY CONDOMINIUM,1.313604239976346,103.9358105164601,0.0,Bedok
996,LANDRIDGE CONDOMINIUM,1.279250564132547,103.7871543349762,2.0,Queenstown
997,LANGSTON VILLE,1.294926036511917,103.8389471849382,0.0,River Valley
998,LATITUDE,1.296029810167182,103.8285539,10.0,Tanglin
999,LATTICE ONE,1.372738854591912,103.8281586305008,11.0,Ang Mo Kio
1000,LAUREL TREE,1.352978977686323,103.7582728123174,9.0,Bukit Batok
1001,LAVENDER RESIDENCE,,,8.0,Unknown
1002,LAVERNE'S LOFT,1.311269132317298,103.9102778547187,8.0,Bedok
1003,LE ARC,1.312597778370196,103.8845838905039,5.0,Geylang
1004,LE CHATEAU,1.316586221,103.8292355577224,11.0,Newton
1005,LE CONNEY PARK,1.312244550955742,103.9117053940406,0.0,Bedok
1006,LE CRESCENDO,1.330497146740045,103.8884092687808,9.0,Geylang
1007,LE GAMBIR,1.345223478,103.8753413,6.0,Serangoon
1008,LE HILL CONDOMINIUM,1.282753825653095,103.7853476,0.0,Queenstown
1009,LE LOYANG,1.378350976,103.9562951132659,1.0,Pasir Ris
1010,LE M RESIDENCE,1.309947922390938,103.9088950322376,0.0,Bedok
1011,LE MARICAN,1.326047506127899,103.9074189483745,9.0,Bedok
1012,LE MERRITT,1.310853268861818,103.9134848893212,8.0,Bedok
1013,LE QUEST,1.356417200194007,103.7409275234464,9.0,Bukit Batok
1014,LE REGAL,1.312502687279985,103.8803681172274,9.0,Geylang
1015,LE REVE,1.318721981789068,103.9063911602141,9.0,Bedok
1016,LE SHANTIER,1.325862916790142,103.8465419911237,0.0,Novena
1017,LE SOMME,1.311192190913466,103.8585039294567,9.0,Kallang
1018,LE WILKIE,1.302845307203864,103.8479030608121,0.0,Rochor
1019,LE WOOD,1.347094743444869,103.7757826468546,0.0,Bukit Panjang
1020,LEEDON 2,1.312919028697562,103.7969842037081,0.0,Bukit Timah
1021,LEEDON GREEN,1.313547552435211,103.8031895961528,10.0,Bukit Timah
1022,LEEDON HEIGHTS,1.316090218636446,103.8023,10.0,Bukit Timah
1023,LEEDON RESIDENCE,1.314284029988121,103.8016683522907,10.0,Bukit Timah
1024,LEGENDA AT JOO CHIAT,1.312590918468702,103.9019952061808,0.0,Geylang
1025,LEICESTER LODGE,1.329985647766802,103.8668754302457,0.0,Toa Payoh
1026,LEICESTER SUITES,1.330404582545127,103.8670932163818,16.0,Toa Payoh
1027,LEIGHWOODS,1.315032875594349,103.7772570420676,10.0,Bukit Timah
1028,LEITH GROVE,1.362309529656484,103.8738534334077,0.0,Hougang
1029,LENTOR CENTRAL RESIDENCES,,,4.0,Unknown
1030,LENTOR HILLS RESIDENCES,,,4.0,Unknown
1031,LENTOR MANSION,,,4.0,Unknown
1032,LENTOR MODERN,1.385509070504431,103.8345699332693,4.0,Ang Mo Kio
1033,LENTORIA,,,4.0,Unknown
1034,LEONIE GARDENS,1.298379943071622,103.8321903316921,2.0,River Valley
1035,LEONIE HILL RESIDENCES,1.297327602283534,103.8332219101196,0.0,River Valley
1036,LEONIE PARC VIEW,1.298983984007246,103.8342684397545,11.0,River Valley
1037,LEONIE SUITES,1.298767149938811,103.8317743,11.0,River Valley
1038,LEONIE TOWERS,1.298290676811739,103.8333776479011,19.0,River Valley
1039,LEVENUE,1.328642698244315,103.9137441,9.0,Bedok
1040,LEVILLE ISUITES,1.306116411869743,103.9030632018979,8.0,Marine Parade
1041,LIGHTHOUSE,1.378468437404248,103.9589526,0.0,Pasir Ris
1042,LIIV RESIDENCES,1.288513699152707,103.7766264364404,11.0,Queenstown
1043,LIMAU PARK,1.322010975,103.9495772818244,4.0,Bedok
1044,LINCOLN SUITES,1.317108641,103.8427431,10.0,Novena
1045,LION TOWERS,1.316573431836699,103.8452935280645,10.0,Novena
1046,LITTLE INDIA CONSERVATION AREA,1.307168985,103.8526329406214,9.0,Rochor
1047,LIV @ MB,1.300262200579641,103.8880919768421,8.0,Marine Parade
1048,LIV ON SOPHIA,1.301067443010144,103.8479936035381,11.0,Rochor
1049,LIV ON WILKIE,1.302807195480354,103.8488403598257,11.0,Rochor
1050,LIVIA,1.372801493854496,103.9443092006492,6.0,Pasir Ris
1051,LIVINGSTON MANSIONS,1.312956134472888,103.9150023467389,0.0,Bedok
1052,LLOYD COURT,1.297589950841591,103.8396052806036,25.0,River Valley
1053,LLOYD SIXTYFIVE,1.297272946610454,103.8389403,11.0,River Valley
1054,LOFT 33,1.312784222,103.8872008889525,9.0,Geylang
1055,LOFT @ NATHAN,1.294460986,103.8276209035996,10.0,Tanglin
1056,LOFT @ RANGOON,1.314959350765752,103.8535560898694,9.0,Kallang
1057,LOFT @ STEVENS,1.317839471699672,103.8262236506755,10.0,Tanglin
1058,LOFT@HOLLAND,1.312363681518027,103.7971687596409,10.0,Bukit Timah
1059,LOYANG GARDENS,1.377854023133901,103.9566934,1.0,Pasir Ris
1060,LOYANG TOWNHOUSES,1.379498065796597,103.9642719217393,2.0,Pasir Ris
1061,LOYANG VALLEY,1.368417441912122,103.9706772636695,10.0,Pasir Ris
1062,LUCIDA,1.314648303,103.8448190932253,10.0,Novena
1063,LUCKY COURT,1.318279175197479,103.9413032029438,10.0,Bedok
1064,LUCKY PLAZA,1.304506046466357,103.8339623398165,14.0,Orchard
1065,LUMA,1.296799108407316,103.8345971,11.0,River Valley
1066,LUMIERE,1.274262456853353,103.8460250873715,10.0,Downtown Core
1067,LUSH ON HOLLAND HILL,1.308877689298608,103.8004687754186,10.0,Bukit Timah
1068,LUTHERAN TOWERS,1.321790791947791,103.8125221884666,10.0,Bukit Timah
1069,LUXE VILLE,1.289548293308927,103.7770892812889,11.0,Queenstown
1070,LYNDENWOODS,,,11.0,Unknown
1071,LYNNSVILLE,,,11.0,Unknown
1072,M SUITES,1.323307519112127,103.9096205218838,9.0,Bedok
1073,M21,1.322522121873029,103.8488911073086,10.0,Novena
1074,M5,1.295666585926809,103.8288597508097,10.0,Tanglin
1075,M66,1.328733672725754,103.8647623363967,8.0,Kallang
1076,MABELLE,1.310589193355579,103.9095134311904,8.0,Bedok
1077,MACKENZIE 138,1.306937434562423,103.8470155855079,11.0,Rochor
1078,MACKENZIE 88,1.306472445002465,103.8476828288443,11.0,Rochor
1079,MACKENZIE REGENCY,1.304536532117514,103.8496404647849,0.0,Rochor
1080,MACPHERSON GREEN,1.332597722646294,103.8866543306613,12.0,Geylang
1081,MADEIRA COURT,1.310146476255154,103.9097945207758,8.0,Bedok
1082,MADISON RESIDENCES,1.318477788707698,103.8299506,10.0,Tanglin
1083,MALVERN SPRINGS,1.305874769,103.9039011561135,0.0,Marine Parade
1084,MANDALAY MANSION,1.323849439223223,103.8492675,10.0,Novena
1085,MANDALAY TOWERS,1.323560175707482,103.8491090729162,21.0,Novena
1086,MANDALE HEIGHTS,1.324334213450619,103.8497179614027,0.0,Novena
1087,MANDARIN GARDENS,1.306699672849558,103.9257539884703,9.0,Bedok
1088,MANDARIN PARK,1.344978738,103.7718696613596,23.0,Bukit Timah
1089,MANHATTAN MANSIONS,1.299780830207959,103.8284891561212,1.0,River Valley
1090,MANSIONS 28,1.315257022516648,103.8871748629779,0.0,Geylang
1091,MAPLE WOODS,1.334702657335476,103.7844141632451,0.0,Bukit Timah
1092,MAR THOMA MANSIONS,1.327912171522859,103.8631875619289,0.0,Kallang
1093,MARGARET VILLE,1.299517208084196,103.8028069302233,10.0,Queenstown
1094,MARGATE MANSIONS,1.300132913740936,103.8887682,2.0,Marine Parade
1095,MARGATE POINT,1.299837202916631,103.8887411991141,8.0,Marine Parade
1096,MARINA BAY RESIDENCES,1.279625798918008,103.8549872037732,18.0,Downtown Core
1097,MARINA BAY SUITES,1.280344979995934,103.8521432776714,18.0,Downtown Core
1098,MARINA COLLECTION,1.291573956548436,103.8570269553721,13.0,Southern Islands
1099,MARINA ONE RESIDENCES,1.276714985074746,103.8533269322972,18.0,Downtown Core
1100,MARINE BLUE,1.303863715231331,103.9048818,8.0,Marine Parade
1101,MARINE MEADOWS,1.304587636535484,103.9068272910461,6.0,Marine Parade
1102,MARINE VIEW MANSIONS,1.303780973678323,103.9054659829425,7.0,Marine Parade
1103,MARINE VILLE,1.304604427306967,103.9066032980662,8.0,Marine Parade
1104,MARSHALL LODGE,1.306344968102532,103.9011434074868,8.0,Marine Parade
1105,MARTIA 8,1.307242096561445,103.9104675031204,0.0,Bedok
1106,MARTIA RESIDENCE,1.307415442496292,103.9111627860726,8.0,Bedok
1107,MARTIN EDGE,1.292335617867361,103.8375492153446,11.0,River Valley
1108,MARTIN MODERN,1.293496663907294,103.8381049100995,11.0,River Valley
1109,MARTIN NO 38,1.292133200153981,103.8380649137307,11.0,River Valley
1110,MARTIN PLACE RESIDENCES,1.294161913035069,103.8384281078831,11.0,River Valley
1111,MARTINA MANSIONS,1.317478128955183,103.8332826691635,10.0,Tanglin
1112,MARYLAND PARK,1.319597653980767,103.7872742510752,14.0,Marine Parade
1113,MARYMOUNT VIEW,1.352821527316915,103.8409167908959,3.0,Bishan
1114,MARZUKI LODGE,1.320538832601832,103.9094480288038,12.0,Bedok
1115,MATTAR RESIDENCES,1.32562146,103.8818116119539,0.0,Geylang
1116,MAYA,1.309248826986511,103.9078157692461,0.0,Marine Parade
1117,MAYBELLE LODGE,1.312233884736721,103.9093949982582,8.0,Bedok
1118,MAYFAIR GARDENS,1.338222485535084,103.7813759651438,12.0,Bukit Timah
1119,MAYFAIR MODERN,1.337188213803689,103.7817364559999,12.0,Bukit Timah
1120,MAYFAIR PARK,1.340860954797878,103.7825010239099,4.0,Bukit Timah
1121,MAYFAIR RESIDENCES,1.309816995,103.9143147263752,8.0,Bedok
1122,MAYSPRINGS,1.377287555,103.7634305774793,0.0,Bukit Panjang
1123,MEADOWLODGE,1.341482011486858,103.7733788723507,0.0,Bukit Timah
1124,MEADOWS @ PEIRCE,1.381356059412735,103.8274246591152,4.0,Ang Mo Kio
1125,MEDGE,1.323374322563552,103.8503808269244,10.0,Novena
1126,MEI GARDENS,,,8.0,Unknown
1127,MEIER SUITES,1.298775260097983,103.8885176,8.0,Marine Parade
1128,MELINIA COURT,1.310798924999044,103.9129043672293,0.0,Bedok
1129,MELOSA,1.312537332357086,103.8854028,9.0,Geylang
1130,MELROSE PARK,1.293878670198895,103.8302074108909,0.0,Tanglin
1131,MELROSE VILLE,1.310602376101274,103.8932637908649,8.0,Geylang
1132,MELVILLE PARK,1.346731180355844,103.9586074576536,0.0,Tampines
1133,MENDON SPRING,1.278668453296768,103.7877670871552,0.0,Queenstown
1134,MENG GARDEN,1.402715011032016,103.8148191080379,12.0,River Valley
1135,MERA EAST,1.317826040121607,103.9093080659615,9.0,Bedok
1136,MERA SPRINGS,1.315118139,103.8467651481522,9.0,Kallang
1137,MERALODGE,1.354164387124368,103.7614542321153,0.0,Bukit Batok
1138,MERAPRIME,1.287058597675512,103.8277875319796,10.0,Bukit Merah
1139,MERAWOODS,1.356170247,103.7593156730732,0.0,Bukit Batok
1140,MERGUI MANSIONS,1.317169499888802,103.8516822391572,0.0,Kallang
1141,MERIDIAN 38,1.310307543,103.9108572724529,8.0,Bedok
1142,MERLOT VILLE,1.310508486396974,103.9119652599204,8.0,Bedok
1143,METRO LOFT,1.314170315,103.8835621759263,9.0,Geylang
1144,MEYA LODGE,1.330810374115975,103.8670659985861,16.0,Toa Payoh
1145,MEYER BLUE,,,8.0,Unknown
1146,MEYER MANSION,1.296472195117778,103.8910346492566,8.0,Marine Parade
1147,MEYER MELODIA,1.298150630047543,103.8866077829701,8.0,Marine Parade
1148,MEYER PARK,1.297831477789522,103.8861789499243,10.0,Marine Parade
1149,MEYER RESIDENCE,1.298587910348034,103.8861945966295,8.0,Marine Parade
1150,MEYER TOWER,,,8.0,Unknown
1151,MEYERHOUSE,1.298327163705296,103.8934475987931,8.0,Marine Parade
1152,MI CASA,1.383849319572619,103.7474817542775,9.0,Choa Chu Kang
1153,MIDTOWN BAY,1.296356664398096,103.8573687691699,13.0,Downtown Core
1154,MIDTOWN MODERN,1.298505223,103.8570884392808,13.0,Downtown Core
1155,MIDTOWN RESIDENCES,1.370735882857099,103.8951208050464,8.0,Hougang
1156,MIDWOOD,1.362862088390264,103.7634339155457,9.0,Bukit Batok
1157,MILL CREEK,1.319553272165713,103.9099376299622,9.0,Bedok
1158,MILL POINT,1.292907092687738,103.8304503659547,0.0,Tanglin
1159,MIMOSA PARK,1.383592486,103.8621338073416,16.0,Serangoon
1160,MINBU COURT,1.325489417669512,103.8483754469433,9.0,Novena
1161,MINBU VILLA,1.32578698,103.8480592536683,14.0,Novena
1162,MINT RESIDENCES @ JANSEN,1.359867357185646,103.8774230984478,8.0,Hougang
1163,MIRAGE TOWER,1.291981118357878,103.8342619098927,0.0,Singapore River
1164,MIRO,1.313933619,103.8423803947074,10.0,Novena
1165,MODA,1.304143921478777,103.9030409228612,8.0,Marine Parade
1166,MODENA,1.342742266498063,103.9548924422147,0.0,Tampines
1167,MON JERVOIS,1.293849075561662,103.8215817498724,10.0,Tanglin
1168,MONARCHY APARTMENTS,1.324792295,103.8501269066095,10.0,Novena
1169,MONT BOTANIK RESIDENCE,1.357560710062816,103.7615594215196,9.0,Bukit Batok
1170,MONTEBLEU,1.323782735098845,103.8501020525408,10.0,Novena
1171,MONTEREY PARK CONDOMINIUM,1.316706292429044,103.7534609103005,0.0,Clementi
1172,MONTROSA,1.356935563342534,103.7600735,0.0,Bukit Batok
1173,MONTVIEW,1.316682765413457,103.7773288711305,10.0,Bukit Timah
1174,MONVILLE MANSIONS,1.327168744742541,103.8455185605975,1.0,Novena
1175,MOOI RESIDENCES,1.312577305990507,103.7983562524593,10.0,Bukit Timah
1176,MOONSTONE RESIDENCES,1.327098635758996,103.8660657272298,0.0,Kallang
1177,MOONSTONE ROYALE,1.327857891,103.8660886227739,0.0,Kallang
1178,MOONSTONE VIEW,1.327274166,103.8656104651233,0.0,Kallang
1179,MORI,1.311312198,103.8829721,9.0,Geylang
1180,MORIMASA GARDENS,1.316089414261211,103.8385798,2.0,Novena
1181,MORO MANSIONS,1.315288105260819,103.8894301016534,2.0,Geylang
1182,MOULMEIN COURT,1.318881387060989,103.8501048035956,10.0,Novena
1183,MOUNT FABER LODGE,1.268900320122818,103.8246355392688,12.0,Bukit Merah
1184,MOUNT ROSIE GARDEN,1.321519512824085,103.8339470294973,12.0,Novena
1185,MOUNT SOPHIA SUITES,1.302039392898669,103.8468419976109,11.0,Rochor
1186,MOUNTBATTEN LODGE,1.300994030836719,103.8888526162246,0.0,Marine Parade
1187,MOUNTBATTEN REGENCY,1.302693025922457,103.8978687274834,8.0,Marine Parade
1188,MOUNTBATTEN SUITES,1.303260899326113,103.8999513728396,8.0,Marine Parade
1189,MULBERRY TREE,1.318184399139074,103.8463942200285,10.0,Novena
1190,MURANO,1.289123455587522,103.7755863919164,11.0,Queenstown
1191,MUTIARA CREST,1.295868405478777,103.8293761717411,0.0,Tanglin
1192,MUTIARA VIEW,1.295375812626158,103.8284843024757,0.0,Tanglin
1193,MY MANHATTAN,1.341303420769851,103.9533477302051,6.0,Tampines
1194,MYRA,1.330562504,103.8678849804498,16.0,Toa Payoh
1195,NADIA MANSIONS,1.328010295257162,103.8478410489084,10.0,Novena
1196,NAMLY COURT,1.329044147978814,103.8011456918867,0.0,Bukit Timah
1197,NANYANG PARK,1.363982380235927,103.8743339373316,8.0,Hougang
1198,NARRA RESIDENCES,,,9.0,Unknown
1199,NASSIM 9,1.307523528678419,103.8254263580372,0.0,Tanglin
1200,NASSIM JADE,1.306633498727834,103.8259449546303,0.0,Tanglin
1201,NASSIM MANSION,1.309357108312373,103.8197469793629,18.0,Tanglin
1202,NASSIM PARK,1.308085915308356,103.8237970462418,3.0,Tanglin
1203,NATHAN PLACE,1.295373680577754,103.8262063824841,10.0,Tanglin
1204,NATHAN RESIDENCES,1.294562080854879,103.8273687091313,10.0,Tanglin
1205,NATHAN SUITES,1.295221233224745,103.8271496029007,10.0,Tanglin
1206,NATURA@HILLVIEW,1.353008424053688,103.7591346785561,9.0,Bukit Batok
1207,NATURALIS,1.309714302745735,103.9084964243202,8.0,Bedok
1208,NATURE MANSIONS,1.312326277405894,103.9103923939759,0.0,Bedok
1209,NAUNG RESIDENCE,1.367970198345954,103.8926358023842,8.0,Hougang
1210,NAVA GROVE,,,12.0,Unknown
1211,NEEM TREE,1.327366468935169,103.8515684,8.0,Novena
1212,NEPTUNE COURT,1.305833660778204,103.9214381038494,20.0,Bedok
1213,NESS,1.312697947140462,103.8867768441287,9.0,Geylang
1214,NEU AT NOVENA,1.319614865926588,103.8459692,10.0,Novena
1215,NEW COURT,1.328128685837455,103.8436750634208,0.0,Novena
1216,NEW FUTURA,1.298313880436114,103.8342698200344,0.0,River Valley
1217,NEWEST,1.316413218925108,103.7574512632992,11.0,Clementi
1218,NEWTON 18,1.314294263753117,103.8411506975849,0.0,Novena
1219,NEWTON 21,1.31490076,103.8404608629232,0.0,Novena
1220,NEWTON EDGE,1.312853769604055,103.8421074258301,11.0,Novena
1221,NEWTON IMPERIAL,1.315348738,103.8414479699195,0.0,Novena
1222,NEWTON LODGE,1.317568699671193,103.8411835393137,5.0,Novena
1223,NEWTON ONE,1.314049868,103.8394527788341,10.0,Novena
1224,NEWTON SUITES,1.317800914165639,103.8423138,10.0,Novena
1225,NICOLE GREEN,1.309304585208699,103.8798510010951,0.0,Geylang
1226,NICON GARDENS,1.377943049586587,103.7582768993471,11.0,Bukit Batok
1227,NIM GARDENS,1.381432381111239,103.8630431301311,9.0,Serangoon
1228,NIM PARK,1.381813808766897,103.8626328,12.0,Serangoon
1229,NIN RESIDENCE,1.332793456263261,103.8697968048227,16.0,Toa Payoh
1230,NINE RESIDENCES,1.432818906062723,103.8414776138411,8.0,Yishun
1231,NIVEN LOFT,1.303981918621183,103.8497831634974,0.0,Rochor
1232,NOMA,1.311437342386859,103.8853102953068,9.0,Geylang
1233,NOMU,1.299809173307712,103.8469628536611,11.0,Museum
1234,NORFOLK COURT,1.314641843675609,103.8463425857386,10.0,Kallang
1235,NORMANTON PARK,1.287495053904938,103.7936105945409,11.0,Queenstown
1236,NORTH PARK RESIDENCES,1.4283069,103.8368244104647,8.0,Yishun
1237,NORTHVALE,1.386747096929697,103.7453201453671,0.0,Choa Chu Kang
1238,NORTHWOOD,1.426206124756762,103.8242387270591,8.0,Mandai
1239,NORWOOD GRAND,,,6.0,Unknown
1240,NOTTINGHILL SUITES,1.338853909,103.7691829964286,12.0,Bukit Timah
1241,NOUVEL 18,1.310839453620271,103.8283253674611,0.0,Newton
1242,NOUVELLE PARK,1.367217993130329,103.8773562761833,1.0,Hougang
1243,NOVA 48,1.325022036890219,103.8490990346178,8.0,Novena
1244,NOVA 88,1.324726841993011,103.8494702254768,8.0,Novena
1245,NOVENA COURT,1.322931825568729,103.8419870919634,25.0,Novena
1246,NOVENA HILL,1.323765681916844,103.8433953790534,10.0,Novena
1247,NOVENA LODGE,1.323571518,103.8411334159317,0.0,Novena
1248,NOVENA REGENCY,1.321146529330889,103.8415504006712,10.0,Novena
1249,NOVENA SUITES,1.320051873427087,103.8525197344443,0.0,Novena
1250,NV RESIDENCES,1.370946811,103.9447308998278,6.0,Pasir Ris
1251,NYON,1.299808384936388,103.8984927585965,8.0,Marine Parade
1252,OASIS @ ELIAS,1.376957145473413,103.9416373724574,6.0,Pasir Ris
1253,OASIS GARDEN,1.338810196359583,103.8830363301405,12.0,Toa Payoh
1254,OCEAN PARK,1.309715316227115,103.9177867802641,11.0,Bedok
1255,OKIO,1.322133428227486,103.8531996618712,8.0,Novena
1256,OLA RESIDENCES,1.302775592014475,103.8986264,8.0,Marine Parade
1257,OLEANAS RESIDENCE,1.293449615810566,103.8388889157646,0.0,River Valley
1258,OLEANDER TOWERS,1.333184474106154,103.8443417165372,0.0,Toa Payoh
1259,OLLOI,1.314964838685116,103.8995307313543,8.0,Geylang
1260,ONAN COURT,1.309024043959599,103.9021115591056,0.0,Marine Parade
1261,ONAN SUITES,1.311827113539613,103.9000611453877,8.0,Geylang
1262,ONE @ PULASAN,1.312429602154977,103.9060887191089,8.0,Marine Parade
1263,ONE AKYAB,1.322727933,103.8476587883119,10.0,Novena
1264,ONE AMBER,1.301531285658091,103.8987715868434,8.0,Marine Parade
1265,ONE BALMORAL,1.313487946457716,103.8299080984712,2.0,Tanglin
1266,ONE BERNAM,1.273862943505204,103.8437104845058,10.0,Downtown Core
1267,ONE CHATSWORTH,1.299190258,103.8248691465125,19.0,Tanglin
1268,ONE DEVONSHIRE,1.297192855456488,103.8374709299434,11.0,River Valley
1269,ONE DRAYCOTT,1.310084607143862,103.8307156763331,10.0,Newton
1270,ONE DUCHESS,1.324833493357087,103.8083820773317,10.0,Bukit Timah
1271,ONE DUSUN RESIDENCES,1.326965398644829,103.8436742309694,8.0,Novena
1272,ONE EIGHTIES RESIDENCES,1.314796735119026,103.9053352259202,8.0,Geylang
1273,ONE FORT,1.300320219151937,103.8850975656443,0.0,Kallang
1274,ONE HOLLAND VILLAGE RESIDENCES,1.312102865829644,103.7937742789214,10.0,Queenstown
1275,ONE JERVOIS,1.292911887559523,103.8250716321352,10.0,Tanglin
1276,ONE K GREENLANE,1.310994791602906,103.8934423150491,0.0,Geylang
1277,ONE LEICESTER,1.329430695624681,103.8673572518607,16.0,Toa Payoh
1278,ONE MARINA GARDENS,,,18.0,Unknown
1279,ONE MEYER,1.298240182102755,103.8861636358258,8.0,Marine Parade
1280,ONE OXLEY RISE,1.299248119811951,103.8417088954346,11.0,Museum
1281,ONE PEARL BANK,1.282961486595894,103.8398146,10.0,Outram
1282,ONE ROBIN,1.318917756285965,103.8287018173483,0.0,Tanglin
1283,ONE ROSYTH,1.363069304915806,103.8739453663387,8.0,Hougang
1284,ONE SHENTON,1.27929479,103.8505525550745,18.0,Downtown Core
1285,ONE TREE HILL MANSIONS,1.300587022492574,103.8253482199634,10.0,River Valley
1286,ONE TREE HILL RESIDENCE,1.300754819,103.8246572205378,10.0,River Valley
1287,ONE-NORTH EDEN,1.303260504,103.7892097310591,11.0,Queenstown
1288,ONE-NORTH RESIDENCES,1.302204401315241,103.7899075304121,11.0,Queenstown
1289,ONEROBEY,1.366915716717861,103.8818947468313,8.0,Hougang
1290,ONZE @ TANJONG PAGAR,1.274849748368617,103.8421848156174,10.0,Outram
1291,OPAL SUITES,1.327519156234264,103.8672981879608,8.0,Kallang
1292,OPERA ESTATE,1.319402676310459,103.9268059710682,8.0,Bedok
1293,OPTIMA @ TANAH MERAH,1.327964715408524,103.9466570406852,10.0,Bedok
1294,ORANGE GROVE RESIDENCES,1.312906599286708,103.8252159807725,10.0,Tanglin
1295,ORCHARD BEL AIR,1.302318170806861,103.8249734388708,11.0,River Valley
1296,ORCHARD COURT,1.298668176851802,103.8416873756988,25.0,River Valley
1297,ORCHARD SCOTTS,1.310320669305749,103.8384009210411,0.0,Newton
1298,ORCHARD SOPHIA,,,11.0,Unknown
1299,ORCHARD TOWERS,1.307580795227708,103.8294767356279,20.0,Orchard
1300,ORCHARD VIEW,1.302517161295541,103.8294692507915,11.0,River Valley
1301,ORCHID APARTMENTS,1.333779417803204,103.7985708351131,18.0,Bukit Timah
1302,ORCHID MANSION,,,8.0,Unknown
1303,ORCHID PARK CONDOMINIUM,1.412330107641705,103.8348930819789,1.0,Yishun
1304,ORION,1.308605355833597,103.8276166727926,10.0,Newton
1305,OUE TWIN PEAKS,1.2991678,103.8334275679892,11.0,River Valley
1306,OVADA 8,1.313223997235306,103.9060344900533,0.0,Geylang
1307,OWEN COURT,1.313751275409762,103.8532395455558,10.0,Kallang
1308,OXFORD SUITES,1.315543739647101,103.8524893654279,9.0,Kallang
1309,OXLEY EDGE,1.295631026575334,103.8416150899923,11.0,River Valley
1310,OXLEY GARDEN,1.297791924299731,103.8425075278714,11.0,River Valley
1311,OXLEY RESIDENCE,1.296986873535299,103.8411650471723,0.0,River Valley
1312,PADDY GREEN,1.312078607237811,103.8783993133015,0.0,Geylang
1313,PALAZZETTO,1.299181117385791,103.8838286093979,0.0,Kallang
1314,PALISADES,1.287118753781933,103.7801294294894,10.0,Queenstown
1315,PALM GALLERIA,1.312712587758796,103.9121252393368,8.0,Bedok
1316,PALM GARDENS,1.312674978,103.8150548125733,0.0,Choa Chu Kang
1317,PALM GREEN,1.291234199987066,103.7693303072898,0.0,Queenstown
1318,PALM GROVE CONDOMINIUM,1.359565494485053,103.8786162148474,0.0,Hougang
1319,PALM HAVEN,1.360563296636713,103.8777118548994,0.0,Hougang
1320,PALM ISLES,1.356888655059818,103.9641941471915,8.0,Pasir Ris
1321,PALM LODGE,1.315205702346316,103.8899253138953,3.0,Geylang
1322,PALM LOFT,1.314615336,103.9034158,8.0,Geylang
1323,PALM MANSIONS,1.288880482432826,103.7760961681498,11.0,Queenstown
1324,PALM OASIS,1.316127828159766,103.9084893199121,0.0,Bedok
1325,PALM RESIDENCE,1.343269864605407,103.7691893830428,0.0,Bukit Timah
1326,PALM SPRING,1.316449754741349,103.8321303251377,0.0,Tanglin
1327,PALM VISTA,1.317260917769369,103.9095866140016,0.0,Bedok
1328,PALMERA EAST,1.320882020922461,103.9100920071413,9.0,Bedok
1329,PALMERA RESIDENCE,1.309505445059032,103.9112892794937,8.0,Bedok
1330,PANDAN VALLEY,1.319843719630967,103.7793267363956,17.0,Bukit Timah
1331,PAPILLON,1.326922559007691,103.8492416,0.0,Novena
1332,PARADISE PALMS,1.309955390266097,103.8953204107194,8.0,Geylang
1333,PARBURY HILL CONDOMINIUM,1.316694025950412,103.9440536400817,0.0,Bedok
1334,PARC ASTON,1.330126703552729,103.867598,16.0,Toa Payoh
1335,PARC BLEU,1.314173043367881,103.9076081975545,8.0,Bedok
1336,PARC BOTANNIA,1.397993195728249,103.8752697583623,14.0,Sengkang
1337,PARC CENTENNIAL,1.313175089701732,103.8437959,11.0,Novena
1338,PARC CENTROS,1.403469645880434,103.9044954423628,8.0,Punggol
1339,PARC CLEMATIS,1.317106450525272,103.7589472921943,11.0,Clementi
1340,PARC ELEGANCE,1.317851323450285,103.9089054583575,8.0,Bedok
1341,PARC EMILY,1.304354948465207,103.8487578783086,11.0,Rochor
1342,PARC ESTA,1.318189782203131,103.9022080575038,9.0,Geylang
1343,PARC HAVEN,1.324368361244383,103.8542194510617,8.0,Novena
1344,PARC IMPERIAL,1.281196727554223,103.7834783467182,11.0,Queenstown
1345,PARC KOMO,1.361321310084609,103.9702900776978,8.0,Pasir Ris
1346,PARC MACKENZIE,1.306255419625103,103.8478764831859,0.0,Rochor
1347,PARC MONDRIAN,1.336131594879963,103.8679882039223,16.0,Toa Payoh
1348,PARC OASIS,1.342308693711284,103.7351366560053,1.0,Jurong East
1349,PARC OLYMPIA,1.355581522935894,103.9641199771711,8.0,Pasir Ris
1350,PARC PALAIS,1.356980857626526,103.7659505896691,0.0,Bukit Batok
1351,PARC REGENCY,1.288136249,103.7781158252017,0.0,Queenstown
1352,PARC RIVIERA,1.320817692384934,103.7526673092539,11.0,Clementi
1353,PARC ROSEWOOD,1.428685837123262,103.7857328917626,6.0,Woodlands
1354,PARC SEABREEZE,1.304039853536903,103.9058031968384,8.0,Marine Parade
1355,PARC SOMME,1.311356884110104,103.8585990244359,9.0,Kallang
1356,PARC SOPHIA,1.301563336,103.8473822743115,11.0,Rochor
1357,PARC STEVENS,1.316717626721454,103.8275861297233,0.0,Tanglin
1358,PARC VERA,1.363767144163412,103.8953147418654,8.0,Hougang
1359,PARC VISTA,1.343956138,103.7173103868563,0.0,Jurong West
1360,PARK 1 SUITES,1.314042687920923,103.8893470454453,0.0,Geylang
1361,PARK COLONIAL,1.338482692,103.8688465,16.0,Toa Payoh
1362,PARK COURT,1.315596134065022,103.9001941838513,0.0,Geylang
1363,PARK EAST,1.313816045360322,103.9243180726886,8.0,Bedok
1364,PARK HOUSE,1.314841731997864,103.8220054689115,10.0,Orchard
1365,PARK INFINIA AT WEE NAM,1.314869133672799,103.8434800003645,10.0,Novena
1366,PARK NATURA,1.346871952,103.7656370329195,9.0,Bukit Timah
1367,PARK PLACE RESIDENCES AT PLQ,1.315836753636183,103.8927466484271,9.0,Geylang
1368,PARK RESIDENCES KOVAN,1.357933727784313,103.8819320392581,8.0,Hougang
1369,PARK WEST,1.316000936441041,103.7552927062696,10.0,Clementi
1370,PARKSHORE,1.296732087306214,103.8706341975197,0.0,Kallang
1371,PARKSUITES,1.316927863071512,103.7832211517492,10.0,Bukit Timah
1372,PARKTOWN RESIDENCE,,,6.0,Unknown
1373,PARKVIEW APARTMENTS,1.340935201363108,103.7606676473698,0.0,Bukit Batok
1374,PARKWAY VIEW,1.302875471373021,103.9041159347188,8.0,Marine Parade
1375,PARKWOOD RESIDENCES,1.366526614,103.8758283480139,8.0,Hougang
1376,PARQ BELLA,,,8.0,Unknown
1377,PARRY COURT,1.36396359,103.8805871336005,0.0,Hougang
1378,PARVIS,1.31051229,103.8006902504691,10.0,Bukit Timah
1379,PASADENA,1.315244717920121,103.8454505764061,0.0,Novena
1380,PASIR PANJANG COURT,1.292318083718334,103.7723131813671,11.0,Queenstown
1381,PASIR PANJANG GARDENS,1.308526960924771,103.7615100727962,11.0,Clementi
1382,PASIR PANJANG LODGE,1.291554380524461,103.7723798774831,11.0,Queenstown
1383,PASIR RIS 8,1.37286908,103.9483223855121,6.0,Pasir Ris
1384,PASIR VIEW PARK,1.278809649695204,103.7875539324011,1.0,Queenstown
1385,PASTORAL VIEW,1.322975299820296,103.8478226689818,9.0,Novena
1386,PATERSON LINC,1.303194524436487,103.8299849063887,11.0,River Valley
1387,PATERSON RESIDENCE,1.301673056613842,103.8300287213956,11.0,River Valley
1388,PATERSON SUITES,1.301478331781379,103.8307785544665,11.0,River Valley
1389,PAVILION 11,1.324347122066268,103.8484017138376,10.0,Novena
1390,PAVILION SQUARE,1.312978000608597,103.8797708,9.0,Geylang
1391,PAYA LEBAR RESIDENCES,1.317521438,103.8914756547327,0.0,Geylang
1392,PEACH GARDEN,1.297658863102105,103.8960990127404,20.0,Marine Parade
1393,PEAK RESIDENCE,1.325344604296001,103.8407244261379,10.0,Novena
1394,PEAKVIEW ESTATE,1.330912549,103.9428239599504,10.0,Bedok
1395,PEBBLE BAY,1.297570375902425,103.8722713952706,0.0,Kallang
1396,PEIRCE VIEW,1.371756973613385,103.8281798540715,0.0,Ang Mo Kio
1397,PENANG SERVICE APARTMENTS,1.313364340166428,103.8875974074858,1.0,Geylang
1398,PENG'S COURT,1.308216691424737,103.9042380799117,10.0,Marine Parade
1399,PENRITH,,,10.0,Unknown
1400,PENROSE,1.319412781909416,103.8794959605997,9.0,Geylang
1401,PEOPLE'S GARDEN,1.368079733192995,103.8877023865316,8.0,Hougang
1402,PEOPLE'S PARK CENTRE,1.285709648980963,103.8438274,18.0,Outram
1403,PEOPLE'S PARK COMPLEX,1.284133971784198,103.8425199726656,23.0,Outram
1404,PEPPERMINT GROVE,1.318216772648814,103.8414936677365,0.0,Novena
1405,PEPYS HILL CONDOMINIUM,1.277746374,103.7937839263017,7.0,Queenstown
1406,PERFECT TEN,,,10.0,Unknown
1407,PERPETUAL APARTMENTS,1.312479160777005,103.8835163667123,27.0,Geylang
1408,PETAIN COURT,1.311821332750047,103.8590057648135,1.0,Kallang
1409,PETIT JERVOIS,1.292997128252083,103.8231176784371,10.0,Tanglin
1410,PHOENIX HEIGHTS,1.376450342691151,103.7575668014854,15.0,Bukit Batok
1411,PHOENIX RESIDENCES,1.375254594694136,103.757531,9.0,Bukit Batok
1412,PICARDY GARDENS,1.333431184831604,103.9479258395228,10.0,Bedok
1413,PICCADILLY GRAND,1.311696482912372,103.8525765031082,9.0,Kallang
1414,PIN MANSIONS,1.364544415936025,103.8859434166465,3.0,Hougang
1415,PINE COURT,1.311265616339965,103.9094822370864,14.0,Bedok
1416,PINE GROVE,1.317433758831881,103.7767762,12.0,Bukit Timah
1417,PINEHURST CONDOMINIUM,1.312231854,103.9151871258326,2.0,Bedok
1418,PINETREE CONDOMINIUM,1.314989877770304,103.8292938202227,0.0,Tanglin
1419,PINETREE HILL,,,12.0,Unknown
1420,PINEWOOD GARDENS,1.31586838,103.8297192362446,5.0,Tanglin
1421,PINNACLE 16,1.324497216451242,103.8462225263784,8.0,Novena
1422,PLATINA GARDENS,1.427686240564908,103.8258613422281,8.0,Mandai
1423,PLATINUM EDGE,1.330493747,103.8668478599587,16.0,Toa Payoh
1424,PLEASANT HILL LODGE,1.281390209223817,103.7859644,11.0,Queenstown
1425,POH HENG COURT,1.313751965104514,103.9291214946805,9.0,Bedok
1426,POSHGROVE EAST,1.308750898127973,103.9094816835858,8.0,Bedok
1427,PRESIDIO,1.310774755754522,103.8996431864601,8.0,Geylang
1428,PRESTIGE HEIGHTS,1.325329777939505,103.8524116902645,0.0,Novena
1429,PRESTIGE LOFT,1.310379828935139,103.9113936881324,8.0,Bedok
1430,PRESTIGE POINT,1.349639828059122,103.8801901963084,8.0,Hougang
1431,PRESTIGE RESIDENCE,1.316835017,103.9100806185759,0.0,Bedok
1432,PRESTO@UPPER SERANGOON,1.345716882256089,103.8715553633528,8.0,Serangoon
1433,PRIME RESIDENCE,1.311189814284327,103.8824665359256,9.0,Geylang
1434,PRIMEDGE,1.312531299009634,103.8881399391242,9.0,Geylang
1435,PRINCE APARTMENT,1.291675976990053,103.7796243594535,12.0,Novena
1436,PRINCIPAL GARDEN,1.292375067481787,103.8228367,10.0,Bukit Merah
1437,PRISTINE HEIGHTS,1.316939354,103.8518950658037,9.0,Kallang
1438,PROMENADE PEAK,,,10.0,Unknown
1439,PROSPERO VILLE,1.313983863739906,103.9144456365102,8.0,Bedok
1440,PROXIMO,1.317362238779223,103.8287532422193,0.0,Tanglin
1441,Q BAY RESIDENCES,1.350210130287625,103.9272745736649,6.0,Tampines
1442,QUBE SUITES,1.329872095530223,103.9081239754457,0.0,Bedok
1443,QUEEN ASTRID GARDENS,1.31811473,103.7886471556185,6.0,Bukit Timah
1444,QUEENS,1.292996046816058,103.8056655631731,0.0,Queenstown
1445,QUEENS PEAK,1.294746118266819,103.8068302901831,10.0,Queenstown
1446,QUEENSBERRY LODGE,1.295065956,103.8274227912769,0.0,Tanglin
1447,QUESTA @ DUNMAN,1.309842706100856,103.8965994664534,8.0,Geylang
1448,QUINTERRA,1.318630817990858,103.7806868221156,10.0,Bukit Timah
1449,R MAISON,1.343323569038438,103.8698482049584,16.0,Serangoon
1450,R66 APARTMENTS,1.313955438,103.8544802053257,9.0,Kallang
1451,RACE COURSE 138,1.309818782097496,103.8522996455218,0.0,Rochor
1452,RACE COURSE MANSION,1.309553112610151,103.8521036457486,0.0,Rochor
1453,RADIX,1.317935198322757,103.9114050175623,8.0,Bedok
1454,RAFFLESIA CONDOMINIUM,1.347992607604343,103.8433152472047,0.0,Bishan
1455,RAMBAI COURT,,,8.0,Unknown
1456,RANGOON 88,1.314381893471473,103.8542330882726,9.0,Kallang
1457,RANGOON APARTMENTS,,,9.0,Unknown
1458,RANGOON COURT,1.314674437904831,103.8536710508444,0.0,Kallang
1459,RANGOON VIEW,1.317823909415704,103.8522250927167,0.0,Kallang
1460,REFLECTIONS AT KEPPEL BAY,1.268162167,103.8143799045519,13.0,Bukit Merah
1461,REGAL 35,1.315672003605247,103.8883506014558,0.0,Geylang
1462,REGAL COURT,1.324672193569563,103.8528504240735,8.0,Novena
1463,REGENCY LODGE,1.295655030852637,103.8270704373484,0.0,Tanglin
1464,REGENCY PARK,1.297219807240574,103.8249284707906,8.0,Tanglin
1465,REGENCY SUITES,1.284341287858562,103.8291260488692,10.0,Bukit Merah
1466,REGENT GROVE,1.39931152,103.7488066664211,0.0,Choa Chu Kang
1467,REGENT HEIGHTS,1.352120890716545,103.7567047835629,0.0,Bukit Batok
1468,REGENT PARK,1.317259561032635,103.7615450590679,0.0,Clementi
1469,REGENT RESIDENCES,1.324233409162693,103.864556,8.0,Kallang
1470,REGIS MANSIONS,1.342950265298624,103.7682453984609,0.0,Bukit Timah
1471,RESIDENCE 118,1.312078383591649,103.9140868015042,0.0,Bedok
1472,RESIDENCE 66,1.316425631177999,103.9086643314808,8.0,Bedok
1473,RESIDENCE TWENTY-TWO,1.311012250371444,103.9110422,8.0,Bedok
1474,RESIDENCES 88,1.326279735,103.9078114837583,9.0,Bedok
1475,RESIDENCES @ EVELYN,1.315825551714871,103.8392447674781,10.0,Novena
1476,RESIDENCES @ JANSEN,1.359867357185646,103.8774230984478,0.0,Hougang
1477,RESIDENCES @ KILLINEY,1.296718641348853,103.8381732597445,11.0,River Valley
1478,RESIDENCES @ SOMME,1.311510348,103.8587179944353,0.0,Kallang
1479,RESIDENCES AT 338A,1.296356171574069,103.8379910729809,0.0,River Valley
1480,RESIDENCES AT EMERALD HILL,1.305381735873015,103.8390615532358,0.0,Newton
1481,RESIDENCES BOTANIQUE,1.357182627007734,103.8760358294958,8.0,Hougang
1482,REZI 24,1.311564225009452,103.883576,9.0,Geylang
1483,REZI 26,1.312774853296072,103.8851046340236,9.0,Geylang
1484,REZI 35,1.315721209376193,103.8888371312678,9.0,Geylang
1485,REZI 3TWO,1.312127531432595,103.8868142755824,9.0,Geylang
1486,RHAPSODY ON MOUNT ELIZABETH,1.30669217,103.8361833954249,11.0,Newton
1487,RIA APARTMENTS,1.276543091152551,103.7925204304733,11.0,Queenstown
1488,RICCHEZZA,1.311281861149724,103.9153086429605,8.0,Bedok
1489,RICH EAST GARDEN,1.314165187540698,103.9369094155366,12.0,Bedok
1490,RICH MANSIONS,1.317344006094383,103.8335576,1.0,Tanglin
1491,RICH.RESIDENCE,1.362406276714596,103.8812341203453,8.0,Hougang
1492,RICHMOND PARK,1.304962789484471,103.8364079039072,0.0,Newton
1493,RIDGE COURT,1.330673259772661,103.8674545923156,0.0,Toa Payoh
1494,RIDGEWOOD,1.317735832328063,103.7785544392779,14.0,Bukit Timah
1495,RIO GARDENS,1.326612850688208,103.8643396863107,0.0,Kallang
1496,RIO VISTA,1.373050381786474,103.9020394071088,0.0,Hougang
1497,RIPPLE BAY,1.377279878435897,103.9609951,6.0,Pasir Ris
1498,RIS GRANDEUR,1.373753717429198,103.939636,0.0,Pasir Ris
1499,RISING COURT,1.307239013230148,103.9043543613134,21.0,Marine Parade
1500,RISING SUITES,1.314334648,103.8365853135246,0.0,Newton
1501,RITZ @ FARRER,1.309936708259525,103.8523955295012,9.0,Rochor
1502,RITZ MANSIONS,1.324949880583052,103.8526045564582,0.0,Novena
1503,RITZ REGENCY,1.311368070310352,103.8947667673295,8.0,Geylang
1504,RIVA LODGE,1.296627231241922,103.8321908076122,1.0,River Valley
1505,RIVAGE,1.299594623382551,103.8887258,8.0,Marine Parade
1506,RIVER GREEN,,,11.0,Unknown
1507,RIVER ISLES,1.397083634576464,103.9127157,8.0,Punggol
1508,RIVER PLACE,1.287245676648697,103.8524442083349,0.0,Singapore River
1509,RIVER VALLEY APARTMENTS,1.295311131169873,103.8289367257412,25.0,Tanglin
1510,RIVER VALLEY COURT,1.295949024730049,103.8378072467494,1.0,River Valley
1511,RIVERBANK @ FERNVALE,1.39459642,103.8811172,14.0,Sengkang
1512,RIVERBAY,1.327987321170533,103.8625405,8.0,Kallang
1513,RIVEREDGE,1.300905149492439,103.8819312135929,8.0,Kallang
1514,RIVERFRONT RESIDENCES,1.370170752522364,103.8999986,8.0,Hougang
1515,RIVERGATE,1.290344001306834,103.8364592622862,11.0,Singapore River
1516,RIVERIA GARDENS,1.297281660215843,103.8346906066463,0.0,River Valley
1517,RIVERSAILS,1.378119953429487,103.9022962516099,8.0,Hougang
1518,RIVERSHIRE,1.296737447608277,103.8330057154148,4.0,River Valley
1519,RIVERSIDE 48,1.290926172,103.8397999,0.0,Singapore River
1520,RIVERSIDE MELODIES,1.327308328408371,103.8644767860999,8.0,Kallang
1521,RIVERSOUND RESIDENCE,1.381284454557011,103.9028775658408,8.0,Sengkang
1522,RIVERTREES RESIDENCES,1.394020921224993,103.8812150580618,14.0,Sengkang
1523,RIVERVALE CREST,1.390867810702791,103.9041888802124,0.0,Sengkang
1524,RIVIERA 38,1.328163378517108,103.863446,8.0,Kallang
1525,RIVIERA RESIDENCES,1.316062514081691,103.9426081375189,0.0,Bedok
1526,RIZ HAVEN,1.379894649501859,103.9627439771896,8.0,Pasir Ris
1527,ROBERTSON 100,1.291112089155921,103.8378213443006,0.0,Singapore River
1528,ROBERTSON BLUE,1.290263074738526,103.8371589,11.0,Singapore River
1529,ROBERTSON EDGE,1.293092291523265,103.8405385645378,11.0,River Valley
1530,ROBIN REGALIA,1.316708618,103.8283576773487,0.0,Tanglin
1531,ROBIN RESIDENCES,1.318469202133326,103.8281437,10.0,Tanglin
1532,ROBIN SUITES,1.317691725,103.8287694863146,10.0,Tanglin
1533,ROBINSON SUITES,1.280934744561978,103.8498224657338,18.0,Downtown Core
1534,ROCCA BALESTIER,1.321295632325026,103.8525261095274,0.0,Novena
1535,ROCHELLE AT NEWTON,1.314044256784974,103.8419229099232,10.0,Novena
1536,ROOTS @ TRANSIT,1.404878055046872,103.8180881788251,0.0,Yishun
1537,ROSALIA PARK,1.348862428988832,103.8788791417049,0.0,Serangoon
1538,ROSE COURT,,,8.0,Unknown
1539,ROSE MAISON,1.307619269296358,103.8997154318166,0.0,Marine Parade
1540,ROSE VILLE,1.310486481,103.8938237633052,8.0,Geylang
1541,ROSEVALE,1.315968220291158,103.8433915180601,0.0,Novena
1542,ROSEWOOD,1.430515580928358,103.7855301042691,0.0,Woodlands
1543,ROSEWOOD SUITES,1.429457293372219,103.7858398248188,6.0,Woodlands
1544,ROSYTH LODGE,1.363153425711957,103.8744119098227,0.0,Hougang
1545,ROSYTH RESIDENCE,1.362898024772345,103.8791064,8.0,Hougang
1546,ROSYTH VILLE,1.363165526712811,103.8741663992856,8.0,Hougang
1547,ROXY SQUARE,1.304325999048991,103.9040511203053,4.0,Marine Parade
1548,ROYAL COURT,1.343676777308983,103.7690643632681,12.0,Bukit Timah
1549,ROYAL HALLMARK,1.309074211454459,103.8983199195063,8.0,Marine Parade
1550,ROYALE MANSIONS,1.312230391818504,103.9063768690873,3.0,Marine Parade
1551,ROYALGREEN,1.331144120309298,103.7941961589058,10.0,Bukit Timah
1552,ROYCE RESIDENCES,1.311287604231711,103.8762859,9.0,Geylang
1553,RV ALTITUDE,1.296535660018929,103.8351794590493,11.0,River Valley
1554,RV EDGE,1.294883828770997,103.8280873284137,10.0,Tanglin
1555,RV POINT,1.293800931072832,103.8421450332876,11.0,Singapore River
1556,RV RESIDENCES,1.294341050333859,103.8284402824237,10.0,Tanglin
1557,RV SUITES,1.295605203035591,103.8294069383236,10.0,Tanglin
1558,RYMDEN 77,1.316710127989572,103.9114279206275,8.0,Bedok
1559,SAI HO BUILDING,1.354976862298056,103.8785479425922,9.0,Hougang
1560,SALLIM LODGE,1.325749311,103.8826219,0.0,Geylang
1561,SAM KIANG MANSIONS,1.298401644341919,103.8353572882842,11.0,River Valley
1562,SAM LEONG MANSION,1.309227512495395,103.8566965,17.0,Kallang
1563,SANCTUARY @ 813,1.357205875770315,103.8808997483635,8.0,Hougang
1564,SANCTUARY GREEN,1.295970747763908,103.8717504240407,0.0,Kallang
1565,SANCTUARY@NEWTON,,,10.0,Unknown
1566,SANDALWOOD,1.310090675502394,103.9029570090396,0.0,Marine Parade
1567,SANDY EIGHT,1.312051624804661,103.8932236332215,8.0,Geylang
1568,SANDY PALM,1.378898539,103.9596288,0.0,Pasir Ris
1569,SANT RITZ,1.329644103,103.8692331129331,16.0,Toa Payoh
1570,SANTA FE MANSIONS,1.300132913740936,103.8887682,0.0,Marine Parade
1571,SAPPHIRE COURT,1.312624591169822,103.9112487160728,3.0,Bedok
1572,SARHAD VILLE,1.280537498227451,103.7885341289179,1.0,Queenstown
1573,SAVANNAH CONDOPARK,1.348593985009888,103.9622712390096,0.0,Tampines
1574,SCENECA RESIDENCE,,,10.0,Unknown
1575,SCENIC HEIGHTS,1.321625884539614,103.8521700597685,0.0,Novena
1576,SCK VILLE,1.307581070544068,103.8993708935788,0.0,Marine Parade
1577,SCOTTS 28,1.309808987383656,103.8349179138367,0.0,Newton
1578,SCOTTS HIGHPARK,1.312361690566536,103.8367273,11.0,Newton
1579,SCOTTS SQUARE,1.305799429935449,103.8330747062191,11.0,Orchard
1580,SEA AVENUE MANSIONS,1.305568200371319,103.9066966237176,8.0,Marine Parade
1581,SEA AVENUE RESIDENCES,1.306164045599196,103.9069690047989,8.0,Marine Parade
1582,SEA ESTA,1.377427792656165,103.9598772258771,6.0,Pasir Ris
1583,SEA PAVILION RESIDENCES,1.315075780939337,103.9431389872439,10.0,Bedok
1584,SEAHILL,1.298846987293438,103.7649177,11.0,Clementi
1585,SEASCAPE,1.239784946205823,103.8372771,13.0,Southern Islands
1586,SEASIDE PARK,1.310794499399177,103.9203122346177,8.0,Bedok
1587,SEASIDE RESIDENCES,1.307818504351665,103.9282090484811,8.0,Bedok
1588,SEASONS PARK,1.385002282294269,103.8403006962671,0.0,Ang Mo Kio
1589,SEASONS VIEW,1.352224424905069,103.8415443243825,0.0,Bishan
1590,SEASTRAND,1.376522511285319,103.9611045871488,6.0,Pasir Ris
1591,SEASUITES,1.282420832701859,103.7831427320089,11.0,Queenstown
1592,SEAVIEW POINT,1.299530883669345,103.8998174689405,1.0,Marine Parade
1593,SECOND AVENUE JUNCTION,1.329825446933347,103.7994699132826,0.0,Bukit Timah
1594,SELANTING GREEN,1.342965563863979,103.7685289631797,0.0,Bukit Timah
1595,SELEGIE CENTRE,1.300144924911953,103.8498712418777,10.0,Rochor
1596,SELETAR GARDEN,1.390008303636975,103.8510849,10.0,Ang Mo Kio
1597,SELETAR PARK RESIDENCE,1.386539986270007,103.8692078,14.0,Serangoon
1598,SELETAR SPRINGS CONDOMINIUM,1.387581220744192,103.8784834551759,0.0,Hougang
1599,SELETARIS,1.436645948504782,103.8248362995038,0.0,Sembawang
1600,SEMBAWANG COTTAGE,1.426907812997703,103.8260518960171,0.0,Mandai
1601,SENGKANG GRAND RESIDENCES,1.382989399633019,103.8918492996302,8.0,Sengkang
1602,SENNETT ESTATE,1.332502248549275,103.8758869659036,16.0,Toa Payoh
1603,SENNETT RESIDENCE,1.330581369567687,103.8693673547027,16.0,Toa Payoh
1604,SERANGOON GARDEN ESTATE,1.366110987762274,103.8684325659117,8.0,Serangoon
1605,SERANGOON VILLE,1.369433518238315,103.8705114070408,8.0,Serangoon
1606,SERAYA 9,1.307186302,103.8996659476418,8.0,Marine Parade
1607,SERAYA BREEZE,1.305926503963088,103.8998018004689,0.0,Marine Parade
1608,SERAYA COURT,1.306508093469192,103.8997870998908,1.0,Marine Parade
1609,SERAYA RESIDENCES,1.306558384532803,103.8999801888055,8.0,Marine Parade
1610,SERAYA VILLE,1.307511398704513,103.8999987474663,4.0,Marine Parade
1611,SERENITY BREEZE,1.313601875478948,103.9122037057301,8.0,Bedok
1612,SERENITY PARK,1.390304269934836,103.8594712906864,0.0,Serangoon
1613,SEVENTY SAINT PATRICK'S,1.308385841,103.9152694,8.0,Bedok
1614,SHAMROCK PARK,1.324365106442324,103.7991622,10.0,Bukit Timah
1615,SHAN GATE APARTMENTS,1.325912758518315,103.8468645675365,4.0,Novena
1616,SHANGHAI LODGE,1.295065956,103.8274227912769,1.0,Tanglin
1617,SHANGHAI ONE,1.294848038369409,103.8275482204123,10.0,Tanglin
1618,SHAW PLAZA - TWIN HEIGHTS,1.324719843273876,103.8517228,0.0,Novena
1619,SHEARES VILLE,1.293374997774804,103.8254004848845,0.0,Tanglin
1620,SHEBA LODGE,1.313335098625894,103.8976759316256,0.0,Geylang
1621,SHELFORD 23,1.327835654885815,103.8122344959464,10.0,Bukit Timah
1622,SHELFORD GREEN,1.324565545543248,103.8121870103078,13.0,Bukit Timah
1623,SHELFORD MANSIONS,1.328324810948222,103.8117001,8.0,Bukit Timah
1624,SHELFORD REGENCY,1.326597305018122,103.8113329077821,0.0,Bukit Timah
1625,SHELFORD SUITES,1.326601354324632,103.8126548503268,0.0,Bukit Timah
1626,SHELFORD VIEW,1.328901528073785,103.8121003340909,12.0,Bukit Timah
1627,SHERIDAN COURT,1.310280904663716,103.9149030184155,10.0,Bedok
1628,SHERWOOD CONDOMINIUM,1.345029320556309,103.7680004552495,12.0,Bukit Timah
1629,SHIRO,1.315413135429954,103.9079864394279,8.0,Bedok
1630,SIGLAP COURT,1.309582182267321,103.9261698289017,11.0,Bedok
1631,SIGLAP LODGE,1.313662644292771,103.9286295,8.0,Bedok
1632,SIGLAP SHOPPING CENTRE,,,8.0,Unknown
1633,SIGLAP V,1.312847064101501,103.9237885809008,8.0,Bedok
1634,SIGNATURE AT LEWIS,1.320843793859047,103.8232062165676,10.0,Tanglin
1635,SIGNATURE CREST,1.312259031713689,103.8931397647876,0.0,Geylang
1636,SIGNATURE PARK,1.340523815894548,103.7671834,0.0,Bukit Timah
1637,SIGNATURE RESIDENCE,1.311070927886742,103.8924152698326,0.0,Geylang
1638,SILAHIS APARTMENTS,1.313892507928324,103.9142608433585,2.0,Bedok
1639,SILVERSCAPE,1.312569986587627,103.8872092257703,9.0,Geylang
1640,SILVERSEA,1.299995919673226,103.9031006162186,8.0,Marine Parade
1641,SIMON PLAZA,1.361976029209209,103.8849928016691,5.0,Hougang
1642,SIMS DORADO,1.315780221658173,103.8903389730571,9.0,Geylang
1643,SIMS EDGE,1.316404856698675,103.8879067636708,9.0,Geylang
1644,SIMS GREEN,1.314410386547719,103.8846296898634,0.0,Geylang
1645,SIMS MEADOWS,1.314813429231084,103.8880468876207,0.0,Geylang
1646,SIMS POINT,1.313122170279153,103.8794747790001,2.0,Geylang
1647,SIMS RESIDENCES,1.316074129474185,103.8910928373541,0.0,Geylang
1648,SIMS URBAN OASIS,1.318974953841948,103.8808271655608,9.0,Geylang
1649,SIMSVILLE,1.316866351973837,103.8888645818152,0.0,Geylang
1650,SIN CHUAN GARDEN,1.322232463043524,103.9185415,9.0,Bedok
1651,SIN MING PLAZA,1.352482302799053,103.8357469735082,3.0,Bishan
1652,SING LIAN BUILDING,1.31835145,103.9109786712212,13.0,Bedok
1653,SINGA COURT,1.290637488752606,103.8509489066542,10.0,Bedok
1654,SINGA HILLS,1.330132629115615,103.9082849935445,9.0,Bedok
1655,SIXTEEN35 RESIDENCES,1.315474070180629,103.8888276,9.0,Geylang
1656,SIXTH AVENUE CENTRE,1.331430495,103.7950025332895,9.0,Bukit Timah
1657,SIXTH AVENUE VILLE,1.329533906070255,103.7952317152989,0.0,Bukit Timah
1658,SKIES MILTONIA,1.418071394958342,103.8479067824892,8.0,Yishun
1659,SKT MANSIONS,1.314696847471761,103.8826289374239,2.0,Geylang
1660,SKY EDEN@BEDOK,1.324967912473074,103.9323662200381,10.0,Bedok
1661,SKY EVERTON,1.275889767875465,103.8381517091216,10.0,Bukit Merah
1662,SKY GREEN,1.332597722646294,103.8866543306613,16.0,Geylang
1663,SKY HABITAT,1.352542386743246,103.8517168485413,11.0,Bishan
1664,SKY VUE,1.352316656777678,103.8507192441551,11.0,Bishan
1665,SKY@ELEVEN,1.331270798,103.8410218966471,10.0,Toa Payoh
1666,SKYE AT HOLLAND,,,10.0,Unknown
1667,SKYLINE RESIDENCES,1.272476943265769,103.8078174918375,13.0,Bukit Merah
1668,SKYPARK,1.283422979453017,103.8607951409095,11.0,River Valley
1669,SKYSUITES@ANSON,1.274643978047123,103.8447415873149,10.0,Downtown Core
1670,SLOANE RESIDENCES,1.315688872192941,103.8323179488976,10.0,Tanglin
1671,SMAILING COURT,1.322188378445262,103.9112367,9.0,Bedok
1672,SMART SUITES,1.315144483719481,103.8840502827314,9.0,Geylang
1673,SOHO 188,1.311192073255725,103.8532757428302,9.0,Rochor
1674,SOHO @ FARRER,1.310763560028088,103.8529527529409,9.0,Rochor
1675,SOLEIL @ SINARAN,1.319600200045294,103.8452717383841,10.0,Novena
1676,SOMMERVILLE GRANDEUR,1.313866543560554,103.8064572465592,10.0,Tanglin
1677,SOMMERVILLE LOFT,1.343669588754383,103.8697898274224,0.0,Serangoon
1678,SOMMERVILLE PARK,1.312005370555643,103.8063459330421,10.0,Tanglin
1679,SOPHIA 98,1.302344685249702,103.8471160025665,0.0,Rochor
1680,SOPHIA HILLS,1.300690581427467,103.8481293037304,11.0,Rochor
1681,SOPHIA LODGE,1.301672686086656,103.8480361719524,11.0,Rochor
1682,SOPHIA RESIDENCE,1.301580834910537,103.8485079956711,11.0,Rochor
1683,SORA,,,8.0,Unknown
1684,SOUTH BEACH RESIDENCES,1.294385183752485,103.8560297970998,0.0,Downtown Core
1685,SOUTH UNION PARK,1.315022068413213,103.9230744405034,8.0,Bedok
1686,SOUTHAVEN I,1.347260291443142,103.7733208,0.0,Bukit Panjang
1687,SOUTHAVEN II,1.346767800742994,103.7731966721007,0.0,Bukit Panjang
1688,SOUTHBANK,1.306312031129328,103.8643083344373,13.0,Kallang
1689,SPA BUILDING,1.310043296008507,103.8559028329743,9.0,Kallang
1690,SPACE @ KOVAN,1.354665219,103.8768836,8.0,Serangoon
1691,SPANISH VILLAGE,1.314877763496738,103.8063177924569,8.0,Tanglin
1692,SPAZIO @ KOVAN,1.354698954247955,103.8783298257485,8.0,Hougang
1693,SPOTTISWOODE 18,1.275595285272561,103.8375599,10.0,Bukit Merah
1694,SPOTTISWOODE PARK,1.27472973,103.8362354900026,10.0,Bukit Merah
1695,SPOTTISWOODE RESIDENCES,1.275271152231314,103.8368322250497,10.0,Bukit Merah
1696,SPOTTISWOODE SUITES,1.276035116061894,103.8375020463613,10.0,Bukit Merah
1697,SPRING @ KATONG,1.305609708822148,103.9034008967487,8.0,Marine Parade
1698,SPRING @ LANGSAT,1.315115608478606,103.9002763479453,8.0,Geylang
1699,SPRING COURT,1.303599536350674,103.8240702947633,8.0,Bukit Timah
1700,SPRING GARDENS,1.308104250080207,103.8987553654728,0.0,Marine Parade
1701,SPRING GROVE,1.298137086158027,103.8271709662386,0.0,Tanglin
1702,SPRINGDALE CONDOMINIUM,1.348295210028081,103.7723028,0.0,Bukit Panjang
1703,SPRINGLEAF RESIDENCE,,,4.0,Unknown
1704,SPRINGVALE,1.312914966832455,103.9247216777546,8.0,Bedok
1705,SPRINGWELL MANSIONS,1.320650612200024,103.9523898358391,12.0,Bedok
1706,ST FRANCIS COURT,1.324379662748559,103.8638338626785,1.0,Kallang
1707,ST REGIS RESIDENCES SINGAPORE,1.305569894136787,103.8266022652349,10.0,Orchard
1708,STADIA,1.355652103576235,103.8760157636391,8.0,Serangoon
1709,STARLIGHT SUITES,1.293715327642058,103.8372767105074,11.0,River Valley
1710,STARPOINT,1.288457428260237,103.7773443465417,11.0,Queenstown
1711,STARS OF KOVAN,1.361509601542451,103.8876270030557,8.0,Hougang
1712,STARVILLE,1.327739372257176,103.9112724539843,9.0,Bedok
1713,STELLAR RV,1.295104586798032,103.8285113526764,10.0,Tanglin
1714,STEVEN'S COURT,1.319553251183877,103.8258219,10.0,Unknown
1715,STEVENS LOFT,1.317932612825596,103.8264905903883,0.0,Tanglin
1716,STEVENS SUITES,1.315500473837551,103.8256241861075,10.0,Tanglin
1717,STILL 123,1.316060276144358,103.9052219258326,0.0,Geylang
1718,STILL MANSIONS,1.308544027178243,103.9088757,28.0,Bedok
1719,STILLZ RESIDENCE,1.316277265152948,103.9049487425143,8.0,Geylang
1720,STIRLING RESIDENCES,1.296772026,103.8007129275885,10.0,Queenstown
1721,STRAITS AT JOO CHIAT,,,8.0,Unknown
1722,STRAITS MANSIONS,1.305317882,103.9068217670078,8.0,Marine Parade
1723,STRAITS RESIDENCES,1.313555786390687,103.9045170132703,8.0,Geylang
1724,STRATA,1.317409763348128,103.8449138404231,10.0,Novena
1725,STRATFORD COURT,1.328473243203479,103.9513562161495,0.0,Bedok
1726,STRATUM,1.378775930120852,103.9433802854854,6.0,Pasir Ris
1727,STUDIO 3,1.295709937133355,103.8275683872831,0.0,Tanglin
1728,STUDIO8,1.311109374776778,103.8730259544249,9.0,Kallang
1729,STUDIOS @ MARNE,1.312915639939835,103.8569246812776,9.0,Kallang
1730,STUDIOS@TEMBELING,1.308161313,103.9049834919359,8.0,Marine Parade
1731,STURDEE RESIDENCES,1.312916952507517,103.8590471,9.0,Kallang
1732,STURDEE VIEW,1.313802861047264,103.8577638756375,9.0,Kallang
1733,SUFFOLK PREMIER,1.314243997927163,103.8446867300133,10.0,Novena
1734,SUI GENERIS,1.316201285064783,103.8346967625799,10.0,Newton
1735,SUITES 123,1.315149945,103.8534781640469,9.0,Kallang
1736,SUITES 28,1.312684591755703,103.8859411114303,9.0,Geylang
1737,SUITES @ AMBER,1.300291914499312,103.9000760383657,8.0,Marine Parade
1738,SUITES @ CAIRNHILL,1.310006451342849,103.8365164,11.0,Newton
1739,SUITES @ EASTCOAST,1.314378954473958,103.9322483107002,8.0,Bedok
1740,SUITES @ EUNOS,1.320533404142608,103.9057724220581,9.0,Bedok
1741,SUITES @ GUILLEMARD,1.312519698680811,103.8917601888514,8.0,Geylang
1742,SUITES @ KOVAN,1.362099467403106,103.8868354304033,8.0,Hougang
1743,SUITES @ NEWTON,1.316400355746191,103.8416718339324,10.0,Novena
1744,SUITES @ OWEN,1.314092130278094,103.8529465235008,9.0,Kallang
1745,SUITES @ PAYA LEBAR,1.350394082033477,103.8799794,8.0,Hougang
1746,SUITES @ SHREWSBURY,1.318198995923667,103.8489060822146,10.0,Novena
1747,SUITES @ SIMS,1.315747260764306,103.8871882031565,9.0,Geylang
1748,SUITES @ SURREY,1.315951675609222,103.8418546128289,10.0,Novena
1749,SUITES @ TOPAZ,1.328625846,103.8651331453576,8.0,Kallang
1750,SUITES AT BUKIT TIMAH,1.340548478865511,103.7736491295924,12.0,Bukit Timah
1751,SUITES AT ORCHARD,1.300420061623949,103.8459575529214,11.0,Museum
1752,SUITES DE LAUREL,1.339171697391516,103.7801274433574,12.0,Bukit Timah
1753,SUITES@ KATONG,1.307802766939541,103.8955512676469,8.0,Marine Parade
1754,SUITES@BRADDELL,1.343547961069106,103.8686584347842,16.0,Serangoon
1755,SUITES@CHANGI,1.317041377544015,103.9047482815385,9.0,Geylang
1756,SULTAN GATE PLACE,1.301141621381152,103.8607714608072,6.0,Rochor
1757,SUMMER GREEN,1.326970701129822,103.8497165070798,0.0,Novena
1758,SUMMER SCENT,1.365820155809865,103.8822470382695,8.0,Hougang
1759,SUMMER VIEW,1.311709152643951,103.8784631604258,0.0,Geylang
1760,SUMMERHILL,1.358260605305413,103.7661683683508,0.0,Bukit Batok
1761,SUN COURT,1.340855783603014,103.7731393669794,10.0,Bukit Timah
1762,SUN PLAZA,1.448195354,103.8195021271551,0.0,Sembawang
1763,SUNBIRD VIEW,1.339368019968415,103.9562374390863,1.0,Tampines
1764,SUNFLOWER COURT,1.310649277926699,103.8764022,0.0,Geylang
1765,SUNFLOWER GRANDEUR,1.316080753123424,103.8904847239841,0.0,Geylang
1766,SUNFLOWER LODGE,1.313598136143822,103.8879124492272,0.0,Geylang
1767,SUNFLOWER MANSIONS,1.312081498651075,103.8850524,9.0,Geylang
1768,SUNFLOWER REGENCY,1.311284403200396,103.8815160893636,9.0,Geylang
1769,SUNFLOWER RESIDENCE,1.312413265183632,103.8871481,9.0,Geylang
1770,SUNFLOWER VIEW,1.312884441983281,103.8883272903246,9.0,Geylang
1771,SUNGLADE,1.348975831868048,103.8709845,0.0,Serangoon
1772,SUNHAVEN,1.348139387085114,103.9620849,0.0,Tampines
1773,SUNNY GROVE,1.315582611768873,103.8894620405807,0.0,Geylang
1774,SUNNY LODGE,1.324494712401058,103.9069463255945,9.0,Bedok
1775,SUNNY PALMS,1.317435353131899,103.9108380164479,0.0,Bedok
1776,SUNNY PARC,1.313370052,103.9147562181531,0.0,Bedok
1777,SUNNYVALE RESIDENCES,1.313360268706572,103.9153112,8.0,Bedok
1778,SUNRISE GARDENS,1.389690730935665,103.8571700175548,0.0,Ang Mo Kio
1779,SUNSET LODGE,1.324408815136251,103.7657482909238,17.0,Clementi
1780,SUNSHINE GRANDEUR,1.313049050095953,103.9100540144472,0.0,Bedok
1781,SUNSHINE GROVE,1.346263203920979,103.8739321513236,0.0,Serangoon
1782,SUNSHINE LODGE,1.345315885015167,103.8713986,8.0,Serangoon
1783,SUNSHINE LOFT,1.310998319062993,103.9080468908447,0.0,Bedok
1784,SUNSHINE MANSIONS,1.314890958596119,103.9077921379464,8.0,Bedok
1785,SUNSHINE PLAZA,1.300467354,103.8505560619489,0.0,Rochor
1786,SUNSHINE REGENCY,1.311416310823838,103.9053380167288,8.0,Marine Parade
1787,SUNSHINE RESIDENCE,1.313012058922287,103.9098685984383,8.0,Bedok
1788,SUNVILLE,1.326562032453898,103.8636589715617,0.0,Kallang
1789,SUTTON PLACE,1.312848927167751,103.8054159483374,6.0,Tanglin
1790,SYCAMORE TREE,1.307561081016846,103.9034796413064,8.0,Marine Parade
1791,SYLVAN LODGE,1.312634487137184,103.7980645842635,10.0,Bukit Timah
1792,SYMPHONY HEIGHTS,1.356013065305385,103.7669730488213,0.0,Bukit Batok
1793,SYMPHONY SUITES,1.434561915497254,103.8443628429572,8.0,Yishun
1794,TAIPAN GRAND,1.311529612874629,103.9335082,0.0,Bedok
1795,TAIPAN JADE,1.310016762,103.8940206227825,0.0,Geylang
1796,TAIPAN REGENCY,1.307158673,103.8990829071177,0.0,Marine Parade
1797,TAN TONG MENG TOWER,1.327767198935214,103.8416144528799,19.0,Novena
1798,TANAMERA CREST,1.332104945199761,103.9420795426361,0.0,Bedok
1799,TANGERINE GROVE,1.349813537637291,103.8807454848706,8.0,Hougang
1800,TANGLIN HILL CONDOMINIUM,1.301768127440634,103.8175459552604,13.0,Tanglin
1801,TANGLIN HILL MEADOWS,1.300967416779053,103.8175310281848,10.0,Tanglin
1802,TANGLIN HOUSE,,,10.0,Unknown
1803,TANGLIN PARK,1.300243521297154,103.8165824856667,7.0,Tanglin
1804,TANGLIN REGENCY,1.292044062493537,103.8159975443847,0.0,Bukit Merah
1805,TANGLIN RESIDENCES,1.305569894136787,103.8266022652349,0.0,Tanglin
1806,TANGLIN VIEW,1.291828779530157,103.8183668933961,0.0,Bukit Merah
1807,TANJONG RIA CONDOMINIUM,1.296624037088693,103.8743045,0.0,Kallang
1808,TANQUEELAN SUITES,1.298310832776878,103.8566522739015,0.0,Downtown Core
1809,TEDGE,1.318067267758906,103.9088115,9.0,Bedok
1810,TELOK BLANGAH HOUSE,1.266177272803923,103.8233887420553,12.0,Bukit Merah
1811,TELOK KURAU COURT,1.313568520360124,103.9106445417014,17.0,Bedok
1812,TELOK KURAU LODGE,1.316417640312704,103.9098101137236,4.0,Bedok
1813,TELOK KURAU MANSIONS,1.312956134472888,103.9150023467389,2.0,Bedok
1814,TELOK KURAU VIEW,,,8.0,Unknown
1815,TELOK MANSION,1.311692066842495,103.9116124177501,18.0,Bedok
1816,TEMBELINA,1.309330486758854,103.9032990712311,0.0,Marine Parade
1817,TEMBELING CENTRE,1.306465869313088,103.9053182557438,10.0,Marine Parade
1818,TEMBELING COURT,1.311854875894535,103.9015004438595,8.0,Geylang
1819,TEMBELING GROVE,1.307535839838579,103.9045906130134,2.0,Marine Parade
1820,TEMBELING MANSIONS,1.307985819651097,103.9042700116596,0.0,Marine Parade
1821,TEMBELING RESIDENCE,1.307339577795981,103.9048022838578,8.0,Marine Parade
1822,TEMBUSU GRAND,,,8.0,Unknown
1823,TEN @ SUFFOLK,1.314589997985499,103.8444533966724,10.0,Novena
1824,TERESA VILLE,1.276316436,103.8236793804075,9.0,Bukit Merah
1825,TERRA HILL,,,11.0,Unknown
1826,TERRASSE,1.368862536365062,103.8773077832103,8.0,Hougang
1827,TERRENE AT BUKIT TIMAH,1.341015289329463,103.7709773399197,12.0,Bukit Timah
1828,TESSA LODGE,1.302826822678374,103.8983557803243,0.0,Marine Parade
1829,TEXTILE CENTRE,1.303938356456172,103.8616307920936,18.0,Kallang
1830,TG MANSION,1.300078177214362,103.8980119597053,4.0,Bedok
1831,THE 101,1.297752450869938,103.8569495313991,9.0,Downtown Core
1832,THE ABERDEEN,1.325534017532367,103.8654980933094,0.0,Kallang
1833,THE ABODE AT DEVONSHIRE,1.297638488833867,103.8376967426476,0.0,River Valley
1834,THE ACACIAS,1.344544377040073,103.8689234,16.0,Serangoon
1835,THE ADARA,1.306437054854255,103.9077728,8.0,Marine Parade
1836,THE ADDITION,1.330756806974378,103.8672306434792,16.0,Toa Payoh
1837,THE ALCOVE,1.314006552607429,103.8840153289375,0.0,Geylang
1838,THE ALPS RESIDENCES,1.355055826370976,103.9299219255952,6.0,Tampines
1839,THE AMARELLE,1.313394234537768,103.8923617255856,8.0,Geylang
1840,THE AMBRA,1.316909265421497,103.9126542,8.0,Bedok
1841,THE AMBROSIA,1.310365600755562,103.9166332794836,8.0,Bedok
1842,THE AMERALD STUDIO,1.306786274044641,103.8991710835402,8.0,Marine Parade
1843,THE AMERY,1.311993388194062,103.9081921816883,8.0,Bedok
1844,THE AMSTON,1.356821790026348,103.7604639940025,0.0,Bukit Batok
1845,THE ANCHORAGE,1.289690045855907,103.8054704150624,0.0,Queenstown
1846,THE ANSLEY,1.323274343331375,103.8488350154606,0.0,Novena
1847,THE ANTARES,1.325500141709534,103.8828914635023,9.0,Geylang
1848,THE ARC AT DRAYCOTT,1.309214167,103.8308962615019,10.0,Newton
1849,THE ARCADY AT BOON KENG,,,8.0,Unknown
1850,THE ARDEN,1.377224746716902,103.7568021691381,9.0,Bukit Batok
1851,THE ARIEL,1.315925320717172,103.9029874603604,8.0,Geylang
1852,THE ARISTO @ AMBER,1.300251659889091,103.9008233872373,8.0,Marine Parade
1853,THE ARIZON,1.313718622661753,103.8865888678623,9.0,Geylang
1854,THE ARMADALE,1.318567653300951,103.8402688084023,0.0,Novena
1855,THE ARRIS,1.275501068821503,103.8415960229412,0.0,Outram
1856,THE ARTE,1.328100628507284,103.84235,8.0,Novena
1857,THE ASANA,1.321886138483441,103.8110662,10.0,Bukit Timah
1858,THE ASTON,1.295936458118639,103.8298498151566,10.0,Tanglin
1859,THE ATELIER,1.312830391449249,103.8415442877715,11.0,Novena
1860,THE ATRIA AT MEYER,1.296681855158373,103.8891001130732,0.0,Marine Parade
1861,THE AVENIR,1.294740759560737,103.8365837093058,11.0,River Valley
1862,THE AXIS,1.324621943198964,103.8499575882547,10.0,Novena
1863,THE AZURE,1.251777309041668,103.8476719390127,13.0,Southern Islands
1864,THE AZZURO,1.317219315295549,103.9137920415539,8.0,Bedok
1865,THE BALE,1.315078100956588,103.9063724604215,8.0,Bedok
1866,THE BALMORAL,1.315736226073273,103.8285612626026,9.0,Tanglin
1867,THE BALMORAL SPRING,1.315466361810299,103.8342957505936,0.0,Newton
1868,THE BAYCOURT,1.315781481,103.9414245160246,1.0,Bedok
1869,THE BAYRON,1.297830326924648,103.8375447782381,0.0,River Valley
1870,THE BAYSHORE,1.312761039,103.9398711390189,10.0,Bedok
1871,THE BEACON,1.275874835214168,103.8404809943486,10.0,Bukit Merah
1872,THE BEACON EDGE,1.307134962755853,103.9049576554102,8.0,Marine Parade
1873,THE BEAUMONT,1.299418390795168,103.8361887,10.0,River Valley
1874,THE BECCAGAYLE,1.309639559,103.9094432059253,8.0,Bedok
1875,THE BELLEFORTE,1.327009643321769,103.8449912482901,0.0,Novena
1876,THE BELMONT,1.313277664,103.7985447846306,10.0,Bukit Timah
1877,THE BELVEDERE,1.297048647717622,103.8876447778093,8.0,Marine Parade
1878,THE BENCOOLEN,1.301661888236515,103.8533561236935,0.0,Rochor
1879,THE BERTH BY THE COVE,1.250048494,103.8463193,13.0,Southern Islands
1880,THE BEVERLY,1.339333940419632,103.7673300218403,12.0,Bukit Timah
1881,THE BLISS,1.309676220037804,103.8521942270999,0.0,Rochor
1882,THE BLOSSOMVALE,1.336739350832533,103.7828207358459,0.0,Bukit Timah
1883,THE BOTANIC ON LLOYD,1.296891770423548,103.8398406753322,11.0,River Valley
1884,THE BOTANY AT DAIRY FARM,,,9.0,Unknown
1885,THE BOULEVARD RESIDENCE,1.303927783375397,103.8287702485492,10.0,River Valley
1886,THE BOUTIQ,1.296604430353836,103.8388424740503,11.0,River Valley
1887,THE BROOKS I,1.404809115055941,103.8194655001422,0.0,Yishun
1888,THE BROOKS II,1.403938591072317,103.8188499579343,0.0,Yishun
1889,THE CALLISTA,1.327515191755028,103.8628256,0.0,Kallang
1890,THE CALROSE,1.382329606440519,103.8376563162752,4.0,Ang Mo Kio
1891,THE CALYPSO,1.315015661713969,103.9434705,0.0,Bedok
1892,THE CAPE,1.300460792871474,103.9011977022917,8.0,Marine Parade
1893,THE CAPRI,1.318347904,103.8260655002178,0.0,Tanglin
1894,THE CARPMAELINA,1.312564812,103.8979864954358,0.0,Geylang
1895,THE CASCADIA,1.333808226154373,103.7877781467708,12.0,Bukit Timah
1896,THE CASSANDRA,1.276868880471384,103.7931768294369,0.0,Queenstown
1897,THE CENTREN,1.313939830425819,103.8835609512522,9.0,Geylang
1898,THE CENTREPOINT,1.302188694955395,103.8395862435968,12.0,Orchard
1899,THE CENTRIO,1.325314331338871,103.8461329,8.0,Novena
1900,THE CENTRIS,1.339149788474939,103.7054973596931,8.0,Jurong West
1901,THE CHAMPAGNE,1.318370942772112,103.9106012965159,0.0,Bedok
1902,THE CHUAN,1.349887761,103.8604517832037,8.0,Serangoon
1903,THE CITRINE,1.327335167565172,103.8433238690872,8.0,Novena
1904,THE CLAYMORE,1.307974865395708,103.8303254716829,10.0,Newton
1905,THE CLAYTON,1.317269174408042,103.8295035895755,0.0,Tanglin
1906,THE CLEARWATER,1.337400939485227,103.9346985,0.0,Bedok
1907,THE CLEMENT CANOPY,1.306676248115695,103.7685369229317,11.0,Clementi
1908,THE CLIFT,1.279400142886165,103.8473295791477,18.0,Downtown Core
1909,THE COAST AT SENTOSA COVE,1.246786876683641,103.8444020939912,13.0,Southern Islands
1910,THE COLLECTIVE AT ONE SOPHIA,,,11.0,Unknown
1911,THE COMMODORE,1.441213593738426,103.8277840489972,8.0,Sembawang
1912,THE CONTINUUM,,,8.0,Unknown
1913,THE CORNWALL,1.312094770140113,103.8006271934935,0.0,Bukit Timah
1914,THE COSMOPOLITAN,1.295781978322206,103.8324161925409,11.0,Singapore River
1915,THE COTERIE @ HOLLAND,1.310912097735705,103.8046422950679,10.0,Tanglin
1916,THE COTZ,1.313354976727752,103.9108582215984,8.0,Bedok
1917,THE COURTYARD,1.363573803107235,103.8866273579182,0.0,Hougang
1918,THE CREEK @ BUKIT,1.338641361,103.7693787,12.0,Bukit Timah
1919,THE CREST,1.293117405825216,103.8205055324721,10.0,Bukit Merah
1920,THE CRISTALLO,1.312662908037936,103.9115090042517,8.0,Bedok
1921,THE DAFFODIL,1.316021645562444,103.9456755893094,0.0,Bedok
1922,THE DAIRY FARM,1.364461684924605,103.7695891094161,10.0,Bukit Panjang
1923,THE DIAMOND,1.312984804535387,103.8761900362044,0.0,Geylang
1924,THE DOMAIN,1.312059282089518,103.9244498,0.0,Bedok
1925,THE DRAYCOTT,1.310993220973183,103.8312349116824,15.0,Newton
1926,THE EASTSIDE,1.305678730882563,103.9056463516108,8.0,Marine Parade
1927,THE EBONY,1.320385158367266,103.9084872045962,9.0,Bedok
1928,THE EDGE ON CAIRNHILL,1.308830875500606,103.8371302471953,0.0,Newton
1929,THE EDGEWATER,1.380290809095873,103.9646745963418,0.0,Pasir Ris
1930,THE ELEMENT @ STEVENS,1.318106483790701,103.8261656417982,0.0,Tanglin
1931,THE ELYSIA,1.326600815882092,103.8619582,0.0,Kallang
1932,THE ENCLAVE . HOLLAND,1.312135220585927,103.7990110375304,10.0,Bukit Timah
1933,THE EQUATORIAL,1.320305178608261,103.8248083842096,0.0,Tanglin
1934,THE ESPIRA,1.312091433073079,103.9145962798192,8.0,Bedok
1935,THE ESSENCE,1.403455270313303,103.8171660638193,4.0,Yishun
1936,THE ESTA,1.302149490124208,103.9004682235863,8.0,Marine Parade
1937,THE ESTIVA,1.287834910119039,103.7783432995387,11.0,Queenstown
1938,THE ESTUARY,1.411048263325364,103.8325132450258,8.0,Yishun
1939,THE FERNHILL,1.314351687,103.8259655,10.0,Tanglin
1940,THE FLORENCE RESIDENCES,1.366403994860837,103.8869282941339,8.0,Hougang
1941,THE FLORENTINE,1.366358543005546,103.8858150916945,8.0,Hougang
1942,THE FOLIAGE,1.290884737772503,103.7743196087189,11.0,Queenstown
1943,THE FORD @ HOLLAND,1.313515061533601,103.7936897422521,10.0,Bukit Timah
1944,THE FORESTA @ MOUNT FABER,1.270350255097288,103.8139673197718,13.0,Bukit Merah
1945,THE GALE,1.359069937602252,103.9665913094094,8.0,Pasir Ris
1946,THE GARDEN RESIDENCES,1.366206959870255,103.8704053077349,8.0,Serangoon
1947,THE GARDENS AT BISHAN,1.363988827556563,103.8324545280239,0.0,Bishan
1948,THE GATZ,,,9.0,Unknown
1949,THE GAZANIA,1.344786916819292,103.8787788487824,8.0,Serangoon
1950,THE GERANIUM,1.313323036,103.9043604023675,8.0,Geylang
1951,THE GLACIER,1.314250129589063,103.9073216188681,0.0,Bedok
1952,THE GLADES,1.327676588,103.9498051730677,10.0,Bedok
1953,THE GLYNDEBOURNE,1.322225333520393,103.8235978250347,10.0,Novena
1954,THE GRANDHILL,1.281626321042417,103.7848694524036,11.0,Queenstown
1955,THE GRANDIFLORA,1.312715358954002,103.9137848945938,0.0,Bedok
1956,THE GRANGE,1.301374872118312,103.8238103306712,10.0,River Valley
1957,THE GREENWICH,1.387188416918717,103.8693372149259,14.0,Serangoon
1958,THE HACIENDA,1.313711462161968,103.9267823713756,10.0,Bedok
1959,THE HELICONIA,1.326352944840683,103.9089002449377,0.0,Bedok
1960,THE HERMITAGE,1.314585889193678,103.8368773293853,0.0,Newton
1961,THE HILLFORD,1.344435456632151,103.7698469229112,12.0,Bukit Timah
1962,THE HILLSHORE,,,11.0,Unknown
1963,THE HILLSIDE,1.352740986153188,103.7676268397919,12.0,Bukit Batok
1964,THE HOLLAND COLLECTION,1.308880915,103.8076693786586,10.0,Tanglin
1965,THE HORIZON,1.294511936377194,103.8267582355448,0.0,Tanglin
1966,THE HUNTINGTON,1.318802242284136,103.8453187076644,0.0,Novena
1967,THE HYDE,1.314326316565834,103.8310652135266,10.0,Tanglin
1968,THE IMPERIAL,1.295304257107405,103.8427494797788,11.0,Museum
1969,THE INFINITI,1.319534540037006,103.7550410653147,11.0,Clementi
1970,THE INFLORA,1.357118278517382,103.9662254563232,8.0,Pasir Ris
1971,THE INSPIRA,1.291883736,103.8389455679152,11.0,River Valley
1972,THE INTERLACE,1.282201354220074,103.8030237560963,13.0,Bukit Merah
1973,THE INTERWEAVE,1.325380805261773,103.8531118789469,8.0,Novena
1974,THE IVERIA,1.295278681258869,103.8385673,11.0,River Valley
1975,THE JADE,1.349000733274197,103.7489078847786,0.0,Bukit Batok
1976,THE JOVELL,1.358230322803219,103.9655731323819,8.0,Pasir Ris
1977,THE LADYHILL,1.310437673280565,103.8250400847523,0.0,Tanglin
1978,THE LAKEFRONT RESIDENCES,1.343352399678048,103.7193035770006,8.0,Jurong West
1979,THE LAKEGARDEN RESIDENCES,,,8.0,Unknown
1980,THE LAKESHORE,1.345808535008101,103.7233823349188,8.0,Jurong West
1981,THE LANAI,1.355997560988811,103.7612522683391,9.0,Bukit Batok
1982,THE LANDMARK,1.286170844858286,103.8395676266433,10.0,Outram
1983,THE LATTIZ,1.324231805911142,103.9062344931863,9.0,Bedok
1984,THE LAURELS,1.304774349958167,103.8374318582902,11.0,Newton
1985,THE LEGACY,1.321045083452449,103.8226397195073,0.0,Tanglin
1986,THE LEGEND,1.318281079,103.8293825204186,0.0,Tanglin
1987,THE LENOX,1.318243762739251,103.9113511653332,9.0,Bedok
1988,THE LEVELZ,1.313532335275055,103.8049967350832,10.0,Tanglin
1989,THE LIGHT @ CAIRNHILL,1.306448329335577,103.8384130785853,0.0,Newton
1990,THE LILIUM,1.345534206824518,103.8807374185274,8.0,Serangoon
1991,THE LINC,1.314494521871664,103.8425058986732,10.0,Novena
1992,THE LINCOLN MODERN,1.315323125855588,103.8430559,0.0,Novena
1993,THE LINCOLN RESIDENCES,1.315374759029202,103.8423998742572,10.0,Novena
1994,THE LINE @ TANJONG RHU,1.298437300606147,103.8844080210829,8.0,Kallang
1995,THE LINEAR,1.375394616809071,103.7628464235044,9.0,Bukit Panjang
1996,THE LINQ @ BEAUTY WORLD,1.340745850016246,103.7762842,12.0,Bukit Timah
1997,THE LOFT,1.307134809710682,103.8221188,0.0,Tanglin
1998,THE LUCENT,1.311144995486104,103.9161230586923,8.0,Bedok
1999,THE LUMOS,1.299066007680583,103.8320686086986,11.0,River Valley
2000,THE LUSH,1.309134021835903,103.9049777923466,8.0,Marine Parade
2001,THE LUXURIE,1.388608887853289,103.8959311973136,8.0,Sengkang
2002,THE M,1.297714856688135,103.8557197,13.0,Downtown Core
2003,THE MADEIRA,1.35740789,103.7499669269363,0.0,Bukit Batok
2004,THE MAKENA,1.297692663028706,103.8944460700699,0.0,Marine Parade
2005,THE MARBELLA,1.314721472629008,103.7787739896446,0.0,Bukit Timah
2006,THE MARQUE @ IRRAWADDY,1.325904582,103.8459979854563,8.0,Novena
2007,THE MAYFAIR,1.345041790525218,103.7334205,0.0,Jurong East
2008,THE MAYLEA,1.280709388089575,103.7853232490715,11.0,Queenstown
2009,THE MEDLEY,1.317172531915279,103.9111276490258,0.0,Bedok
2010,THE MERASAGA,1.311962984845895,103.7979772034036,0.0,Bukit Timah
2011,THE MERCURY,1.296139861113852,103.8272317916827,10.0,Tanglin
2012,THE MERLOT,1.314238862553745,103.846334,0.0,Kallang
2013,THE METROPOLITAN CONDOMINIUM,1.290553402036023,103.8156328978792,10.0,Bukit Merah
2014,THE METZ,1.299388098507786,103.8369590887912,11.0,River Valley
2015,THE MEYER PLACE,1.298411082033775,103.8867715,2.0,Marine Parade
2016,THE MEYERISE,1.296937933965783,103.8927086825756,8.0,Marine Parade
2017,THE MEZZO,1.320524526998525,103.8524473269855,8.0,Novena
2018,THE MIDAS,1.312873273225771,103.8861144626308,9.0,Geylang
2019,THE MILTONIA RESIDENCES,1.417507345343794,103.8476594182235,8.0,Yishun
2020,THE MINT RESIDENCES,1.314974530243167,103.9049583772671,8.0,Geylang
2021,THE MINTON,1.352308890424276,103.8810884811045,8.0,Hougang
2022,THE MKZ,1.306522128664773,103.8465874,11.0,Newton
2023,THE MONTAGE,1.310645000700048,103.9122689017174,8.0,Bedok
2024,THE MONTANA,1.296222078441624,103.8290854485498,10.0,Tanglin
2025,THE MORNING GLORY,1.356768004023025,103.8766896343165,0.0,Hougang
2026,THE MORNINGSIDE,1.295386392,103.8358491383087,3.0,River Valley
2027,THE MORNINGTON,1.326186058638237,103.8639935967586,0.0,Kallang
2028,THE MYST,,,9.0,Unknown
2029,THE NAUTICAL,1.442817007779111,103.8247376547768,8.0,Sembawang
2030,THE NAVIAN,1.327808877665827,103.9063995844816,9.0,Bedok
2031,THE NCLAVE,1.310715873667413,103.9151086256197,8.0,Bedok
2032,THE NEXUS,1.334174311394105,103.7867836025267,12.0,Bukit Timah
2033,THE OCEANFRONT @ SENTOSA COVE,1.244403000680469,103.8425184568726,13.0,Southern Islands
2034,THE OCTET,1.312069991360361,103.8835624222937,9.0,Geylang
2035,THE ODEON KATONG,1.304684709707137,103.9018885716314,12.0,Marine Parade
2036,THE OLD HOUSE,1.362694808546443,103.8874279053618,0.0,Hougang
2037,THE ORANGE GROVE,1.310140069,103.8264095218906,9.0,Tanglin
2038,THE ORCHARD RESIDENCES,1.303836915596882,103.8317078043605,11.0,Orchard
2039,THE ORIE,,,8.0,Unknown
2040,THE ORIENT,1.280947717603631,103.7835466038666,11.0,Queenstown
2041,THE OXLEY,1.299043654226799,103.8421612,0.0,Museum
2042,THE PALETTE,1.370265907567055,103.9452044737828,6.0,Pasir Ris
2043,THE PALLADIUM,1.303359623009025,103.9038857302487,0.0,Marine Parade
2044,THE PANORAMA,1.375855387725777,103.8350785215538,11.0,Ang Mo Kio
2045,THE PARC CONDOMINIUM,1.310460940883794,103.7620344218159,11.0,Clementi
2046,THE PARK VALE,1.329995136681724,103.8116231981975,0.0,Bukit Timah
2047,THE PATERSON,1.300467222140348,103.8305878895858,0.0,River Valley
2048,THE PATERSON EDGE,1.302592848776152,103.8296758360549,0.0,River Valley
2049,THE PEAK @ CAIRNHILL I,1.308192732757484,103.8383742232275,11.0,Newton
2050,THE PEAK @ CAIRNHILL II,1.308120383507714,103.8379408395284,0.0,Newton
2051,THE PEAK@BALMEG,1.282767744497765,103.7833478433043,11.0,Queenstown
2052,THE PEARL @ MOUNT FABER,1.270892731518416,103.8241443563629,0.0,Bukit Merah
2053,THE PETALS,1.353674205801849,103.7605498726435,0.0,Bukit Batok
2054,THE PIER AT ROBERTSON,1.291286508170154,103.8404801668337,11.0,Singapore River
2055,THE PLAZA,1.299620227815904,103.8606472655079,16.0,Kallang
2056,THE POIZ RESIDENCES,1.331544680206995,103.8669964654176,16.0,Toa Payoh
2057,THE PRINCETON,1.316650124742186,103.8327159155446,0.0,Tanglin
2058,THE PROMENADE@PELIKAT,1.355309041782432,103.8878571832613,8.0,Hougang
2059,THE PROMINENCE,1.310496472457886,103.8975013820077,0.0,Geylang
2060,THE PROMONT,1.307706427487512,103.8379661,0.0,Newton
2061,THE QUARTZ,1.380508902061205,103.8932604244871,8.0,Sengkang
2062,THE QUAYSIDE,1.290083395764093,103.8391992196089,0.0,Singapore River
2063,THE QUINN,1.344007524372299,103.8725059620643,8.0,Serangoon
2064,THE RAINTREE,1.349332433508891,103.7741895161108,12.0,Bukit Panjang
2065,THE RAMFORD,1.311086302,103.9048665969336,8.0,Marine Parade
2066,THE RED HOUSE,1.305392412482184,103.9034842006009,8.0,Marine Parade
2067,THE REEF AT KING'S DOCK,1.264546384,103.8173341644971,13.0,Bukit Merah
2068,THE REGALIA,1.295202861742654,103.8369215492113,2.0,River Valley
2069,THE REGENCY AT TIONG BAHRU,1.281860960379268,103.8305621110602,10.0,Bukit Merah
2070,THE RESERVE RESIDENCES,,,12.0,Unknown
2071,THE RESIDENCES AT W SINGAPORE SENTOSA COVE,1.249130462486708,103.8415329893383,13.0,Southern Islands
2072,THE RICHMOND,1.324924284140924,103.8644066334895,0.0,Kallang
2073,THE RIVERINE BY THE PARK,1.309638042342847,103.8692201967916,8.0,Kallang
2074,THE RIVERSIDE PIAZZA,1.288486200031616,103.8440494413625,0.0,Singapore River
2075,THE ROCHESTER RESIDENCES,1.305210733905228,103.7883405664468,11.0,Queenstown
2076,THE SAIL @ MARINA BAY,1.280769435042204,103.8526585621514,18.0,Downtown Core
2077,THE SANCTUARY @ GEYLANG,1.313457092147964,103.8864673182305,9.0,Geylang
2078,THE SANTORINI,1.351666239601928,103.9281656881692,6.0,Tampines
2079,THE SCALA,1.351406554233017,103.8654051700237,8.0,Serangoon
2080,THE SCENIC @ BRADDELL,1.343453615316384,103.8688577076223,16.0,Serangoon
2081,THE SCOTTS TOWER,1.309990178,103.8354997,11.0,Newton
2082,THE SEA VIEW,1.301107120032376,103.9018634187457,8.0,Marine Parade
2083,THE SEAFRONT ON MEYER,1.296884460895833,103.8885841,8.0,Marine Parade
2084,THE SEAWIND,1.311295510565502,103.9149503970162,8.0,Bedok
2085,THE SEN,,,12.0,Unknown
2086,THE SENSORIA,1.437089818665195,103.8248461062552,8.0,Sembawang
2087,THE SERENADE @ HOLLAND,1.318464639469044,103.7798585243002,0.0,Bukit Timah
2088,THE SERENNIA,1.311246574076927,103.9060156,8.0,Marine Parade
2089,THE SERENNO,1.310313518872489,103.8976562838528,8.0,Geylang
2090,THE SHELFORD,1.325655902861104,103.8120599028886,0.0,Bukit Timah
2091,THE SHORE RESIDENCES,1.302807688244061,103.9009889,8.0,Marine Parade
2092,THE SHOREFRONT,,,8.0,Unknown
2093,THE SIENA,1.321039884302669,103.8117341903299,10.0,Bukit Timah
2094,THE SIERRA,1.318104719862835,103.7803257266101,0.0,Bukit Timah
2095,THE SILVER FIR,1.312633983812885,103.8949103486414,8.0,Geylang
2096,THE SILVERTON,1.308831402842462,103.8992977738988,0.0,Marine Parade
2097,THE SIXTH AVENUE RESIDENCES,1.326771068736549,103.7930657255487,10.0,Bukit Timah
2098,THE SKYWOODS,1.365117414180173,103.7718732456698,9.0,Bukit Panjang
2099,THE SOLITAIRE,1.314785750740893,103.8270624968199,10.0,Tanglin
2100,THE SORRENTO,1.295763136427461,103.7661222797011,11.0,Clementi
2101,THE SOUND,1.310206047724338,103.9147633653008,8.0,Bedok
2102,THE SOVEREIGN,1.296531266969444,103.8934190274684,2.0,Marine Parade
2103,THE SPECTRUM,1.291399450438993,103.7688509929127,0.0,Queenstown
2104,THE SPINNAKER,1.314083428738937,103.8439849435671,10.0,Novena
2105,THE SPRINGBLOOM,1.351166416021001,103.8637386218211,0.0,Serangoon
2106,THE SPRINGS,1.319117579624484,103.8466559800874,0.0,Novena
2107,THE STELLAR,1.293176999022823,103.7677297,11.0,Clementi
2108,THE STERLING,1.335755965170897,103.7821103870962,12.0,Bukit Timah
2109,THE STRADIA,1.358060267721797,103.8751162302397,2.0,Hougang
2110,THE SUITES AT CENTRAL,1.298532876755191,103.8369260784155,11.0,River Valley
2111,THE SUMMIT,1.316010218711006,103.9405620928264,3.0,Bedok
2112,THE SUNFLOWER,1.313282829188021,103.8853803087348,0.0,Geylang
2113,THE SUNNIDORA,1.316736459418883,103.9096275142271,8.0,Bedok
2114,THE SUNNIFLORA,1.316762822164639,103.9097665,0.0,Bedok
2115,THE SUNNY LEGEND,1.316787473036781,103.9116979919628,8.0,Bedok
2116,THE SUNNY SPRING,1.312192030700878,103.8894646971463,0.0,Geylang
2117,THE SUNNYDALE,1.348897145000126,103.8672798034772,0.0,Serangoon
2118,THE SUNSHINE,1.346219848,103.8719510117612,0.0,Serangoon
2119,THE TAIPAN,1.312307520391956,103.9349278679715,0.0,Bedok
2120,THE TANAMERA,1.326714363541472,103.9435083979945,1.0,Bedok
2121,THE TAPESTRY,1.353055962832459,103.9282134713296,6.0,Tampines
2122,THE TATE RESIDENCES,1.307974865395708,103.8303254716829,11.0,Newton
2123,THE TEMBUSU,1.361530943933421,103.8894097490758,8.0,Hougang
2124,THE TENNERY,1.380482405158373,103.7598018190507,9.0,Choa Chu Kang
2125,THE TESSARINA,1.332706391819259,103.7893638,0.0,Bukit Timah
2126,THE THOMSON DUPLEX,1.324074399079896,103.8410219848371,10.0,Novena
2127,THE TIER,1.323022362653721,103.8510214558526,8.0,Novena
2128,THE TOMLINSON,1.304415667461925,103.8260799165674,0.0,Orchard
2129,THE TRE VER,1.336492338716073,103.8656288647891,16.0,Toa Payoh
2130,THE TREELINE,1.317608617042122,103.9137767982557,8.0,Bedok
2131,THE TRESOR,1.323624135031013,103.806909,0.0,Bukit Timah
2132,THE TREVOSE,1.322225333520393,103.8235978250347,0.0,Novena
2133,THE TRILINQ,1.318247503,103.7620813,11.0,Clementi
2134,THE TRILLIUM,1.293695352586826,103.8331171552908,11.0,Singapore River
2135,THE TRIZON,1.317407577698497,103.7777206883775,10.0,Bukit Timah
2136,THE TROPIC GARDENS,1.313849570328185,103.9380984377328,0.0,Bedok
2137,THE TROPICA,1.347299561471456,103.9274583231671,0.0,Tampines
2138,THE TRUMPS,1.320026102623366,103.9134872895293,0.0,Bedok
2139,THE TWINS,1.314746755233033,103.8345902489867,0.0,Newton
2140,THE URBANITE,1.313510262340715,103.8483720650783,9.0,Kallang
2141,THE VANDERLINT,1.308036473397668,103.9007757329434,8.0,Marine Parade
2142,THE VENUE RESIDENCES,1.328560383884917,103.8691062622507,16.0,Toa Payoh
2143,THE VERANDAH RESIDENCES,1.279606787443774,103.7850482037415,11.0,Queenstown
2144,THE VERMONT ON CAIRNHILL,1.308590937235457,103.8386741608739,11.0,Newton
2145,THE VERTE,1.316693043808283,103.9141414280999,8.0,Bedok
2146,THE VERV @ RV,1.296391119450425,103.8346941921105,0.0,River Valley
2147,THE VERVE,1.327721882462078,103.8481373043689,8.0,Novena
2148,THE VESTA,1.313216913478584,103.9138736,0.0,Bedok
2149,THE VIEW @ MEYER,1.298252026632823,103.8870493351536,8.0,Marine Parade
2150,THE VILLAGE,1.299428010270852,103.8316296276456,16.0,Queenstown
2151,THE VINES,1.319388654072392,103.9080107255736,0.0,Bedok
2152,THE VIRIDIAN,1.326010518528878,103.8516267595532,8.0,Novena
2153,THE VISION,1.298258926054722,103.7650494777798,11.0,Clementi
2154,THE VUE,1.346798071714369,103.8799727345994,8.0,Serangoon
2155,THE WARREN,1.386036249287796,103.7428942,0.0,Choa Chu Kang
2156,THE WATER EDGE,1.313721052,103.8887595794708,9.0,Geylang
2157,THE WATERGARDENS AT CANBERRA,1.440190885888294,103.8274958515878,8.0,Sembawang
2158,THE WATERINA,1.313127939148893,103.8901261641439,0.0,Geylang
2159,THE WATERLINE,1.367277092599535,103.8765013601546,8.0,Hougang
2160,THE WATERSIDE,1.297426718422459,103.8824463582725,3.0,Kallang
2161,THE WHARF RESIDENCE,1.293328528228973,103.8403721392343,11.0,River Valley
2162,THE WINDSOR,1.357813278666781,103.8279287,7.0,Bishan
2163,THE WISTERIA,1.418447035793593,103.8411124124469,8.0,Yishun
2164,THE WOODGROVE,1.428798985826826,103.7814951,0.0,Woodlands
2165,THE WOODLEIGH RESIDENCES,1.338176888495546,103.8718535,16.0,Toa Payoh
2166,THE YARDLEY,1.347708659606687,103.8717373921431,0.0,Serangoon
2167,THOMSON 800,1.340638139381334,103.8381631025081,0.0,Toa Payoh
2168,THOMSON EURO-ASIA,1.318058726659824,103.8446820513714,0.0,Novena
2169,THOMSON GRAND,1.365349208,103.8302685,11.0,Bishan
2170,THOMSON GROVE,1.383723011453194,103.8362842493032,11.0,Ang Mo Kio
2171,THOMSON HILLS ESTATE,1.379426031073827,103.8319109032939,15.0,Ang Mo Kio
2172,THOMSON IMPERIAL COURT,1.351844991570629,103.8360536482915,11.0,Bishan
2173,THOMSON IMPRESSIONS,1.359825074274383,103.8297088631412,11.0,Bishan
2174,THOMSON MANSION,1.323160714,103.842053,12.0,Novena
2175,THOMSON PLAZA,1.354362827234498,103.8303094,16.0,Bishan
2176,THOMSON THREE,1.357215708593934,103.8309706,11.0,Bishan
2177,THOMSON V ONE,1.353194953372082,103.8355647298615,0.0,Bishan
2178,THOMSON V TWO,1.353416609950579,103.8355471565234,11.0,Bishan
2179,THOMSON VALE,1.323983672258323,103.8414353712364,0.0,Novena
2180,THOMSON VIEW CONDOMINIUM,1.356224553876519,103.8315604096253,8.0,Bishan
2181,THREE 11,1.356654470595533,103.8287367,11.0,Bishan
2182,THREE BALMORAL,1.313924473464188,103.8304377097258,10.0,Tanglin
2183,THREE BUCKLEY,1.317015214,103.8398743789255,10.0,Novena
2184,THREE THREE ROBIN,1.316805802729079,103.8287992379942,0.0,Tanglin
2185,TIARA,1.295238545694759,103.8310123861223,0.0,Singapore River
2186,TIARA VISTA,,,8.0,Unknown
2187,TIERRA VUE,1.308109894952803,103.9139901727763,8.0,Bedok
2188,TIONG BAHRU ESTATE,1.283585899031187,103.8350353204543,10.0,Bukit Merah
2189,TIVOLI GRANDE,1.312652227136641,103.9061894862228,8.0,Marine Parade
2190,TIVOLI LODGE,1.315353909,103.8870882536237,0.0,Geylang
2191,TOH TUCK LODGE,1.340763152781326,103.7699305435602,0.0,Bukit Timah
2192,TOH YI COURT,1.336554024271114,103.7719590331206,10.0,Bukit Timah
2193,TOP TEN,1.304844227310832,103.8397052996243,11.0,Newton
2194,TOPAZ MANSIONS,1.328270398,103.8660822106949,2.0,Kallang
2195,TORIE MANSIONS,1.311963236366683,103.9035633427705,2.0,Geylang
2196,TORIEVIEW MANSIONS,1.314406640155956,103.8863145,0.0,Geylang
2197,TOWNHOUSE APARTMENTS,1.309243390942757,103.8426105981898,11.0,Newton
2198,TRE RESIDENCES,1.317215014976672,103.8846689164612,9.0,Geylang
2199,TREASURE AT TAMPINES,1.345055528986302,103.9467553067352,6.0,Tampines
2200,TREASURE GARDENS,1.361532185980229,103.8800368916422,0.0,Hougang
2201,TREASURE LOFT,1.318711815703463,103.8496695282422,0.0,Novena
2202,TREASURE MANSIONS,1.361558582862553,103.8776292374371,8.0,Hougang
2203,TREASURE ON BALMORAL,1.314430667148862,103.8303134862861,0.0,Tanglin
2204,TREASURE PLACE,1.280553289854749,103.7893018558534,11.0,Queenstown
2205,TREASURES@G19,1.313928158371611,103.8789867,9.0,Geylang
2206,TREASURES@G6,1.310618129129306,103.8767279654733,9.0,Geylang
2207,TREE HOUSE,1.369842017409278,103.7760391056761,9.0,Bukit Panjang
2208,TREESCAPE,1.311125396,103.9165567106441,8.0,Bedok
2209,TRELLIS TOWERS,1.330508931292392,103.8436730718614,0.0,Toa Payoh
2210,TRENDALE TOWER,1.309645958906265,103.8358674069716,13.0,Newton
2211,TRESALVEO,1.351042597613426,103.8408224969254,11.0,Bishan
2212,TREVISTA,1.337420741099038,103.8465384935756,8.0,Toa Payoh
2213,TREVOSE PARK,1.323982719585488,103.8253740314442,4.0,Novena
2214,TRIBECA,1.291066112297139,103.8344988916047,11.0,Singapore River
2215,TRILIGHT,1.314478832372454,103.8398997,10.0,Novena
2216,TRILIVE,1.361777320910111,103.8916675199551,8.0,Hougang
2217,TROPICAL SPRING,1.341453156,103.9556769365981,0.0,Tampines
2218,TROPICANA CONDOMINIUM,1.341645553,103.9608404386985,10.0,Tampines
2219,TROPICS @ HAIGSVILLE,1.310176456766426,103.8979729524835,8.0,Geylang
2220,TROPIKA EAST,1.328997189443244,103.9068651687985,9.0,Bedok
2221,TURQUOISE,1.242963995811137,103.8371062135879,13.0,Southern Islands
2222,TWIN REGENCY,1.284990037,103.8288959825195,10.0,Bukit Merah
2223,TWIN VEW,1.320049382380573,103.7521613,11.0,Clementi
2224,TWO8ONE STUDIO,1.295717052876578,103.839861,11.0,River Valley
2225,TYRWHITT 139,1.311577143283884,103.8599411258505,9.0,Kallang
2226,UBER 388,1.313655691164048,103.9390907154866,10.0,Bedok
2227,UE SQUARE,1.293105265541779,103.8418055094411,0.0,Singapore River
2228,UNI BUILDING,1.311463611,103.9107874513426,12.0,Bedok
2229,UNION SQUARE RESIDENCES,,,18.0,Unknown
2230,UOB CENTRE,1.342688156930834,103.7760616693116,0.0,Bukit Timah
2231,UP@ROBERTSON QUAY,1.290780801135271,103.8374454954821,11.0,Singapore River
2232,UPPER SERANGOON SHOPPING CENTRE,1.353480822771468,103.8788281,13.0,Hougang
2233,UPPERHOUSE AT ORCHARD BOULEVARD,,,10.0,Unknown
2234,UPTOWN @ FARRER,1.312944323736674,103.8556347350914,9.0,Kallang
2235,URBAN EDGE @ HOLLAND V,1.313029132437044,103.7943754716531,10.0,Bukit Timah
2236,URBAN HERITAGE,1.321844139341421,103.8533341174346,8.0,Novena
2237,URBAN LOFTS,1.314163834798126,103.8539055,9.0,Kallang
2238,URBAN RESIDENCES,1.350773957399525,103.8800809366144,8.0,Hougang
2239,URBAN RESORT CONDOMINIUM,1.304223349352251,103.8377138065984,11.0,Newton
2240,URBAN SUITES,1.303610267634088,103.8384569,11.0,Newton
2241,URBAN TREASURES,1.329367202063868,103.9057913238531,9.0,Bedok
2242,URBAN VISTA,1.327666770101604,103.9447459389687,10.0,Bedok
2243,URBANA,1.295106397728369,103.8379085868092,11.0,River Valley
2244,V ON SHENTON,1.277083407076311,103.8491813435475,18.0,Downtown Core
2245,VA RESIDENCES,1.326726664367142,103.8496801,8.0,Novena
2246,VACANZA @ EAST,1.329119830438639,103.914847,9.0,Bedok
2247,VALLEY APARTMENTS,1.295311131169873,103.8289367257412,7.0,River Valley
2248,VALLEY MANSION,1.296499512612454,103.8404718645466,25.0,River Valley
2249,VALLEY PARK,1.293396693130048,103.8279207950744,0.0,Tanglin
2250,VAN HOLLAND,1.312649568904016,103.7949547177609,10.0,Bukit Timah
2251,VANADIUM,1.312746904534624,103.8475979,9.0,Kallang
2252,VARSITY PARK CONDOMINIUM,1.295090207246032,103.7687681491301,11.0,Clementi
2253,VENEZIO,1.314812313585212,103.9425903823433,10.0,Bedok
2254,VENTANA,1.281671654,103.7855054,0.0,Queenstown
2255,VENTUNO BALMORAL,1.315958978640755,103.8329556048591,10.0,Tanglin
2256,VENTURA VIEW,1.313463342515316,103.9048581256071,8.0,Geylang
2257,VERANDA,1.312335874460472,103.9099501111674,0.0,Bedok
2258,VERDALE,1.345693601342935,103.7698626285756,12.0,Bukit Timah
2259,VERDUN HOUSE,1.309687274407523,103.8561295531175,13.0,Kallang
2260,VERDURE,1.309238919,103.8064902565344,10.0,Tanglin
2261,VERSAILLES,1.311677424701159,103.8905239,1.0,Geylang
2262,VERSILIA ON HAIG,1.312245510801034,103.8960234088209,0.0,Geylang
2263,VERTICUS,1.326356381324324,103.8506601621883,8.0,Novena
2264,VERTIS,1.301307759796628,103.9001013714522,8.0,Marine Parade
2265,VETRO,1.327518847561765,103.8625648984806,8.0,Kallang
2266,VIBES @ EAST COAST,1.309482763185296,103.9117201159735,8.0,Bedok
2267,VIBES @ KOVAN,1.354825114734672,103.8776031758136,8.0,Hougang
2268,VIBES@UPPER SERANGOON,1.344818258477222,103.8712387396101,8.0,Serangoon
2269,VICENTA LODGE,1.320538832601832,103.9094480288038,2.0,Bedok
2270,VICTORY HEIGHTS,1.324416240177272,103.8526034755901,8.0,Novena
2271,VIDA,1.308685514903428,103.8390813905003,11.0,Newton
2272,VIENTO,1.312211045,103.8865204669312,9.0,Geylang
2273,VIEW AT KISMIS,1.338284891516244,103.7702135144877,12.0,Bukit Timah
2274,VIIO @ BALESTIER,1.326976934859523,103.8459033190782,0.0,Novena
2275,VILLA AZURA,1.331725212068963,103.7929907515901,10.0,Bukit Timah
2276,VILLA CHANCERITA,1.325536682455979,103.8383151403948,3.0,Novena
2277,VILLA CHANCERY,1.323560738694954,103.8387503215041,9.0,Novena
2278,VILLA DE WEST,1.290725291491116,103.7721144547467,0.0,Queenstown
2279,VILLA DELLE ROSE,1.310521987961941,103.8076394224099,13.0,Tanglin
2280,VILLA DES FLORES,1.324778956260528,103.8371032395452,10.0,Novena
2281,VILLA MARINA,1.311398228229085,103.9274780246914,0.0,Bedok
2282,VILLA MARTIA,1.306666654332061,103.9113984642219,8.0,Bedok
2283,VILLAEA VISTA,1.314178604221362,103.7923033416944,36.0,Bukit Timah
2284,VILLAGE @ PASIR PANJANG,1.290870741556639,103.7700665634144,11.0,Queenstown
2285,VILLAGE TOWER,1.315017459940759,103.7777994377834,12.0,Bukit Timah
2286,VILLAS LAGUNA,1.314209973742511,103.9386139206477,2.0,Bedok
2287,VILLE ROYALE,1.295989650787246,103.8412619305229,2.0,River Valley
2288,VINA LODGE,1.356938330117638,103.8765694591479,0.0,Hougang
2289,VISIONCREST,1.299107900692047,103.8427000355755,11.0,Museum
2290,VISTA PARK,1.333474038791528,103.8704904052839,10.0,Queenstown
2291,VISTA RESIDENCES,1.280823976340444,103.7907287,8.0,Novena
2292,VITRA,1.309554934604195,103.9031680969635,8.0,Marine Parade
2293,VIVA,1.315655863776376,103.8444447210949,10.0,Novena
2294,VIVA VISTA,1.279803223149736,103.7859096032793,11.0,Queenstown
2295,VIVACE,1.292944883912145,103.8407021,11.0,River Valley
2296,VIZ AT HOLLAND,1.308440903461166,103.8019294383731,0.0,Bukit Timah
2297,VOGX,1.313876658776173,103.8504506166579,9.0,Kallang
2298,VOLARI,1.314890276445959,103.8329281417241,10.0,Newton
2299,VUE 8 RESIDENCE,1.381106596617948,103.9404530953311,6.0,Pasir Ris
2300,WAI WING CENTRE,1.326225553475981,103.8470005985336,4.0,Novena
2301,WALLICH RESIDENCE,1.277117360003171,103.8457901522148,10.0,Downtown Core
2302,WAN THO LODGE,1.333162552808773,103.8709487872684,29.0,Toa Payoh
2303,WANG LODGE,1.311329693454742,103.8760283524193,0.0,Geylang
2304,WARNER COURT,1.309963932148409,103.7963306839772,10.0,Bukit Timah
2305,WATER PLACE,1.296704888989042,103.8724504,0.0,Kallang
2306,WATERBANK AT DAKOTA,1.306658159962222,103.8880879,9.0,Geylang
2307,WATERCREST,1.377762718,103.9573808212988,2.0,Pasir Ris
2308,WATERFALL GARDENS,1.312157744862827,103.8046155639134,9.0,Tanglin
2309,WATERFORD RESIDENCE,1.293799774111505,103.8394220926965,0.0,River Valley
2310,WATERFRONT @ FABER,1.323496087588946,103.7553593950528,11.0,Clementi
2311,WATERFRONT GOLD,1.338566472958639,103.9285281573949,10.0,Bedok
2312,WATERFRONT ISLE,1.337520378777903,103.9278209196533,10.0,Bedok
2313,WATERFRONT KEY,1.337809213298039,103.9309575483609,10.0,Bedok
2314,WATERFRONT WAVES,1.337735553323532,103.9296547338315,10.0,Bedok
2315,WATERLOO VIEW,1.300763783567858,103.8527198174741,20.0,Rochor
2316,WATERMARK ROBERTSON QUAY,1.290372994354445,103.8380111677591,11.0,Singapore River
2317,WATERSCAPE AT CAVENAGH,1.303955778,103.840804,11.0,Newton
2318,WATERTOWN,1.406452002698553,103.9026608346332,8.0,Punggol
2319,WATERVIEW,1.347937244743443,103.9262726323475,6.0,Tampines
2320,WATTEN HILL,1.330112722381145,103.8095746965407,16.0,Bukit Timah
2321,WATTEN HOUSE,,,10.0,Unknown
2322,WEMBLY RESIDENCES,1.356563757143255,103.8764497339577,8.0,Hougang
2323,WEST BAY CONDOMINIUM,1.299199856702474,103.7653882521929,1.0,Clementi
2324,WEST COAST GARDENS,1.313580896010531,103.7583857060841,19.0,Clementi
2325,WEST PARK REGENCY,1.290051978365677,103.7766294756689,0.0,Queenstown
2326,WEST-N,1.282247016218981,103.7834535627716,11.0,Queenstown
2327,WESTCOVE CONDOMINIUM,1.297520894805002,103.7663316874607,0.0,Clementi
2328,WESTPEAK,1.309056577167957,103.7613022551828,9.0,Clementi
2329,WHARTON VALE,1.301988740541134,103.8483310979498,11.0,Rochor
2330,WHISTLER GRAND,1.319681941800398,103.7537806245563,11.0,Clementi
2331,WHITEHAVEN,1.289568367967912,103.7773814791206,11.0,Queenstown
2332,WHITESCAPE,1.310436433921224,103.9155575139079,8.0,Bedok
2333,WILKIE 48,1.302521032158566,103.8483682116371,0.0,Rochor
2334,WILKIE 80,1.303135865872217,103.8477356369222,11.0,Rochor
2335,WILKIE 87,1.303096768047732,103.8469020225185,0.0,Rochor
2336,WILKIE APARTMENTS,1.302255019295519,103.8478540377883,5.0,Rochor
2337,WILKIE COURT,1.303240129818576,103.8467734070065,4.0,Rochor
2338,WILKIE MANSION,1.302980483426694,103.8470736885736,15.0,Rochor
2339,WILKIE REGENCY,1.302678725822586,103.8493080903188,0.0,Rochor
2340,WILKIE STUDIO,1.303438443,103.8476115052637,11.0,Rochor
2341,WILKIE VALE,1.302611552378159,103.8480440455342,0.0,Rochor
2342,WILLYN VILLE,1.311861011,103.7964588825422,13.0,Bukit Timah
2343,WILSHIRE RESIDENCES,1.313061612733806,103.8046476,10.0,Tanglin
2344,WINDY HEIGHTS,1.326565430197047,103.9097656,12.0,Bedok
2345,WING FONG BUILDING,1.308886414487741,103.8772688258319,9.0,Geylang
2346,WING FONG COURT,1.311734622549041,103.8788152,9.0,Geylang
2347,WING FONG MANSIONS,1.310575520744865,103.8790789337521,0.0,Geylang
2348,WING ON LIFE GARDEN,1.317497331006111,103.8316241316568,13.0,Tanglin
2349,WOO MON CHEW COURT,1.314311261516183,103.9289726803307,8.0,Bedok
2350,WOODGROVE CONDOMINIUM,1.429004646022295,103.7823694181999,0.0,Woodlands
2351,WOODHAVEN,1.430573749494463,103.7841073713203,6.0,Woodlands
2352,WOODSVILLE 28,1.330035979468098,103.8683521366541,16.0,Toa Payoh
2353,WOODSVILLE MANSIONS,1.329206172491898,103.8681212375913,8.0,Toa Payoh
2354,WOOLLERTON PARK,1.318600565314316,103.8096116313666,10.0,Tanglin
2355,WORTHINGTON,1.312829782341399,103.8959106988557,0.0,Geylang
2356,WU DE BUILDING,,,9.0,Unknown
2357,YELEY BUILDING,1.353366860231996,103.8780631,0.0,Hougang
2358,YEWTEE RESIDENCES,1.397297760028957,103.7465249869248,9.0,Choa Chu Kang
2359,YGK GARDEN,1.312787416807296,103.7993626886341,10.0,Bukit Timah
2360,YIKAI COURT,1.348101235171933,103.8799774760025,2.0,Serangoon
2361,YINCHUAN BUILDING,1.314094253273655,103.8858613701791,7.0,Geylang
2362,YISHUN EMERALD,1.440113714916609,103.8312740599736,0.0,Yishun
2363,YISHUN SAPPHIRE,1.440765277209178,103.8304954610966,0.0,Yishun
2364,YONG AN PARK,1.294717872227739,103.8342020634201,9.0,River Valley
2365,YONG SIAK COURT,1.282635885829966,103.8301863279095,8.0,Bukit Merah
2366,YONG SIAK VIEW,1.282732915065536,103.8301146145689,10.0,Bukit Merah
2367,ZEDGE,1.322421724075225,103.8481720327965,10.0,Novena
2368,ZENITH,1.292636800363054,103.8305680787023,10.0,Tanglin
2369,ZYANYA,1.313921030720165,103.8832763573971,9.0,Geylang
2370,ZYON GRAND,,,10.0,Unknown
